<?xml version="1.0" encoding="UTF-8" standalone="yes"?>
<addon id="plugin.video.fistsofury" name="[COLOR white]Fists-O-Fury[/COLOR]" version="1.5" provider-name="[COLOR purple]Megatron[/COLOR]">
  <requires>
    <import addon="xbmc.python" version="2.1.0"/>
  </requires>
  <extension point="xbmc.python.pluginsource" library="default.py">
        <provides>executable</provides>
  </extension>
  <extension point="xbmc.addon.metadata">
    <summary lang="en">Fists-O-Fury</summary>
    <description lang="en">Easy to install and easy to clean up ![CR][CR]Big thanks to developers of the repos/addons included[CR][CR]Thanks [COLOR red]@4yoursak[/COLOR] for graphics</description>
    <disclaimer>[COLOR yellow]Wipe feature may cause recent unsaved Kodi changes to be lost[/COLOR]</disclaimer>
    <platform>all</platform>
		<assets>
			<icon>resources/icon.png</icon>
			<fanart>resources/fanart.jpg</fanart>
			<screenshot>resources/screenshot-01.png</screenshot>
			<screenshot>resources/screenshot-02.png</screenshot>
			<screenshot>resources/screenshot-03.png</screenshot>
		</assets>
    </extension>
</addon>