<?xml version="1.0" encoding="UTF-8"?>
<addon id="skin.android_tv" version="1.0.10" name="Android TV Beta"	provider-name="Coolwave">
	<requires>
		<import addon="xbmc.gui" version="5.3.0"/>
		<import addon="script.xbmc.debug.log" version="14.0.0"/>
		<import addon="script.favourites" version="6.0.1"/>
		<import addon="script.globalsearch" version="3.0.4"/>
		<import addon="service.library.data.provider" version="0.0.7"/>
		<import addon="script.skinshortcuts" version="0.4.5"/>
		<import addon="plugin.video.genesis" version="4.5.7"/>
		<import addon="script.tv.show.next.aired" version="6.0.14"/>
	</requires>
	<extension point="xbmc.gui.skin" effectslowdown="1" debugging="false">
		<res width="1280" height="720" aspect="16:9" default="true" folder="720p"/>
	</extension>
	<extension point="xbmc.addon.metadata">
		<summary lang="en">A AndroidTV inspired skin for Kodi</summary>
		<summary lang="en_US">A AndroidTV inspired skin for Kodi</summary>
		<description lang="en">AndroidTV inspired skin for Kodi. It provides a very light weight minimalist gui while also allowing access to a number of advanced Kodi features not available in the original AndroidTV interface.</description>
		<disclaimer lang="en">Post help and feature/bug requests on kodi.tv</disclaimer>
		<disclaimer lang="en_US">Post help and feature/bug requests kodi.tv</disclaimer>
		<platform>all</platform>
		<license>Licensed under the Apache License, Version 2.0</license>
		<forum></forum>
		<website></website>
		<email></email>
		<source></source>
	</extension>
</addon>
