<?xml version="1.0" encoding="UTF-8"?>
<addon id="resource.uisounds.star.wars" version="1.0.5" name="Star Wars Sounds" provider-name="[COLOR purple]Megatron[/COLOR] and [COLOR lightblue]H24[/COLOR]">
  <requires>
    <import addon="kodi.resource" version="1.0.0"/>
  </requires>
  <extension point="kodi.resource.uisounds"/>
  <extension point="kodi.addon.metadata">
    <summary lang="en">Star Wars Sounds</summary>
    <description lang="en"></description>
    <platform>all</platform>
  </extension>
</addon>
