<?xml version="1.0" encoding="UTF-8"?>
<!-- This file contains the mapping of actions to sounds                    -->

<!-- The <actions> section contains global mapping                          -->

<!-- To map a action to a sound, add a block like this to <actions>:        -->
<!--    <action>                                                            -->
<!--      <name>left</name>                                                 -->
<!--      <file>Hehehe.wav</file>                                           -->
<!--    </action>                                                           -->
<!-- Where <name> specifies the action to map a sound to and <file> the wav -->
<!-- file to play when the action occurs.                                   -->

<!-- Valid entries for <name> can be found at                               -->
<!-- http://kodi.wiki/view/Keymap                                           -->


<!-- Also window specific sound can be played                               -->

<!-- To map a sound to a window, add a block like this to <windows>:        -->
<!--    <window>                                                            -->
<!--      <name>infodialog</name>                                           -->
<!--      <activate>notify.wav</activate>                                   -->
<!--      <deactivate>out.wav</deactivate>                                  -->
<!--    </window>                                                           -->
<!-- Where <name> specifies the window to map a sound to                    -->
<!-- <activate> and <deactivate> are the events a sound can be mapped to    -->
<!-- by setting the file to play.                                           -->

<!-- Valid entries for <name> can be found at                               -->
<!-- http://kodi.wiki/view/Window_IDs                                       -->

<!-- Note: Only wav files are supported                                     -->

<sounds>
  <actions>
    <action>
      <name>left</name>
      <file>tick.wav</file>
    </action>
    <action>
      <name>right</name>
      <file>tick.wav</file>
    </action>
    <action>
      <name>up</name>
      <file>tick.wav</file>
    </action>
    <action>
      <name>down</name>
      <file>tick.wav</file>
    </action>
    <action>
      <name>select</name>
      <file>saber.wav</file>
    </action>
    <action>
      <name>back</name>
      <file>saber.wav</file>
    </action>
    <action>
      <name>contextmenu</name>
      <file>yeah.wav</file>
    </action>
    <action>
      <name>screenshot</name>
      <file>hey-you.wav</file>
    </action>
    <action>
      <name>error</name>
      <file>jawascr.wav</file>
    </action>
  </actions>

  <windows>
    <window>
      <name>infodialog</name>
      <activate>wookie.wav</activate>
      <deactivate></deactivate>
    </window>
    <window>
      <name>startup</name>
      <activate>intro.wav</activate>
      <deactivate></deactivate>
    </window>
    <window>
      <name>favourites</name>
      <activate>yodalaughing.wav</activate>
      <deactivate></deactivate>
    </window>
    <window>
      <name>systemsettings</name>
      <activate>imperial.wav</activate>
      <deactivate></deactivate>
    </window>
    <window>
      <name>profiles</name>
      <activate>finish.wav</activate>
      <deactivate></deactivate>
    </window>
    <window>
      <name>home</name>
      <activate></activate>
      <deactivate></deactivate>
    </window>
    <window>
      <name>videos</name>
      <activate>flying.wav</activate>
      <deactivate></deactivate>
    </window>
    <window>
      <name>pictures</name>
      <activate>strongfamily.wav</activate>
      <deactivate></deactivate>
    </window>
    <window>
      <name>10501</name>
      <activate>coolsaber.wav</activate>
      <deactivate></deactivate>
    </window>
    <window>
      <name>weather</name>
      <activate>breathing.wav</activate>
      <deactivate></deactivate>
    </window>
    <window>
      <name>programs</name>
      <activate>nothing.wav</activate>
      <deactivate></deactivate>
    </window>
    <window>
      <name>yesnodialog</name>
      <activate>do_or_do_not.wav</activate>
      <deactivate></deactivate>
    </window>
    <window>
      <name>systeminfo</name>
      <activate>badfeeling.wav</activate>
      <deactivate></deactivate>
    </window>
    <window>
      <name>filemanager</name>
      <activate>goodluck.wav</activate>
      <deactivate></deactivate>
    </window>
    <window>
      <name>tvchannels</name>
      <activate>dark_side.wav</activate>
      <deactivate></deactivate>
    </window>
    <window>
      <name>shutdownmenu</name>
      <activate>willbewithyou.wav</activate>
      <deactivate></deactivate>
    </window>
  </windows>
</sounds>
