<?xml version="1.0" encoding="utf-8"?>
<includes>
	<include name="FullScreenInfoBarLiveTV">
		<animation effect="slide" time="800" start="0,350" easing="out" tween="back">WindowOpen</animation>
		<animation effect="slide" time="800" end="0,350" delay="300" easing="in" tween="back">WindowClose</animation>
		<!-- Main background -->
		<control type="group">
			<top>778</top>
			<left>17</left>
			<control type="image">
				<width>1885</width>
				<height>295</height>
				<texture border="40" colordiffuse="F2FFFFFF">dialogs/default/bg.png</texture>
			</control>
			<control type="image">
				<top>106</top>
				<left>365</left>
				<width>1480</width>
				<height>2</height>
				<texture border="0" colordiffuse="white">new_pvr/osd_line_white.png</texture>
			</control>
			<control type="image">
				<top>236</top>
				<left>40</left>
				<width>1805</width>
				<height>2</height>
				<texture border="0" colordiffuse="white">new_pvr/osd_line_white.png</texture>
			</control>
		</control>
		<!-- Channel logo -->
		<control type="group" id="1">
			<animation effect="slide" time="800" start="-400,0" delay="300" easing="out" tween="back">WindowOpen</animation>
			<animation effect="slide" time="800" end="-400,0" easing="in" tween="back">WindowClose</animation>
			<control type="image">
				<!-- Logo background -->
				<left>80</left>
				<top>815</top>
				<width>250</width>
				<height>190</height>
				<texture>new_pvr/texturebg3.png</texture>
				<align>center</align>
				<visible>false</visible>
			</control>
			<control type="image" id="1">
				<left>100</left>
				<top>815</top>
				<width>210</width>
				<height>190</height>
				<align>center</align>
				<texture>$INFO[VideoPlayer.Cover]</texture>
				<aspectratio>keep</aspectratio>
			</control>
		</control>
		<!-- Top Info (ChannelNr, Name, Date, Time & Back-end info) -->
		<control type="group" id="1">
			<control type="label" id="1">
				<left>380</left>
				<top>790</top>
				<width>350</width>
				<height>100</height>
				<align>left</align>
				<font>font65</font>
				<textcolor>themecolor</textcolor>
				<label>$INFO[VideoPlayer.ChannelNumber]</label>
				<scroll>true</scroll>
			</control>
			<control type="label" id="1">
				<left>520</left>
				<top>790</top>
				<width>950</width>
				<height>100</height>
				<align>left</align>
				<font>font65</font>
				<textcolor>themecolor</textcolor>
				<label>$INFO[VideoPlayer.ChannelName]</label>
				<scroll>true</scroll>
			</control>
			<control type="label" id="1">
				<left>1620</left>
				<top>795</top>
				<width>240</width>
				<height>30</height>
				<align>center</align>
				<textcolor>themecolor</textcolor>
				<label>$INFO[System.Date]</label>
			</control>
			<control type="label" id="1">
				<left>1620</left>
				<top>800</top>
				<width>240</width>
				<height>100</height>
				<align>center</align>
				<font>font58</font>
				<textcolor>themecolor</textcolor>
				<label>$INFO[System.Time(hh:mm xx)]</label>
			</control>
			<!-- Active backend info (DVBS\DVBS2\IPTV) -->
			<control type="group">
				<visible>false</visible>
				<control type="label" id="1">
					<left>380</left>
					<top>845</top>
					<width>1500</width>
					<height>38</height>
					<font>font12</font>
					<align>left</align>
					<textcolor>grey2</textcolor>
					<label>$INFO[Window(Home).Property(PVR_SatellitePos)]  $INFO[Window(Home).Property(PVR_SatelliteName)]	DVB-S2	$INFO[Window(Home).Property(PVR_Modulation)]  $INFO[Window(Home).Property(PVR_Transponder)] MHz	 $INFO[Window(Home).Property(PVR_Polarization)]	 $INFO[Window(Home).Property(PVR_FEC)]	$INFO[Window(Home).Property(PVR_Frequency)]</label>
					<visible>Substring(PVR.ActStreamDevice,DVB-S2 #)</visible>
				</control>
				<control type="label" id="1">
					<left>380</left>
					<top>845</top>
					<width>1500</width>
					<height>38</height>
					<font>font12</font>
					<align>left</align>
					<textcolor>grey2</textcolor>
					<label>$INFO[Window(Home).Property(PVR_SatellitePos)]  $INFO[Window(Home).Property(PVR_SatelliteName)]	DVB-S  $INFO[Window(Home).Property(PVR_Modulation)]	 $INFO[Window(Home).Property(PVR_Transponder)] MHz	$INFO[Window(Home).Property(PVR_Polarization)]	$INFO[Window(Home).Property(PVR_FEC)]  $INFO[Window(Home).Property(PVR_Frequency)]</label>
					<visible>Substring(PVR.ActStreamDevice,DVB-S #)</visible>
				</control>
				<control type="label" id="1">
					<left>380</left>
					<top>845</top>
					<width>1500</width>
					<height>38</height>
					<font>font12</font>
					<align>left</align>
					<textcolor>grey2</textcolor>
					<label>$INFO[Pvr.BackendName] $INFO[Pvr.BackendVersion] - $INFO[System.VideoEncoderInfo]</label>
					<visible>!Substring(PVR.ActStreamDevice,DVB-S2 #) | !Substring(PVR.ActStreamDevice,DVB-S #)</visible>
				</control>
			</control>
		</control>
		<!-- Middle Info (Start\End times, Current\Next EPG, Progress-bar, Recording) -->
		<control type="group" id="1">
			<visible>VideoPlayer.HasEpg</visible>
			<control type="label" id="1">
				<left>380</left>
				<top>895</top>
				<width>150</width>
				<height>38</height>
				<font>font15_bold</font>
				<align>left</align>
				<label>$INFO[VideoPlayer.StartTime]</label>
				<visible>!IsEmpty(VideoPlayer.Title)</visible>
			</control>
			<control type="label" id="1">
				<left>520</left>
				<top>895</top>
				<width>880</width>
				<height>38</height>
				<font>font15_bold</font>
				<align>left</align>
				<scroll>true</scroll>
				<label>$INFO[VideoPlayer.Title]</label>
				<visible>!IsEmpty(VideoPlayer.Title)</visible>
				<visible>![VideoPlayer.Content(LiveTV) + Player.Recording]</visible>
			</control>
			<control type="group">
				<!-- Recording logo and labels -->
				<visible>VideoPlayer.Content(LiveTV) + Player.Recording</visible>
				<control type="image">
					<left>499</left>
					<top>896</top>
					<width>40</width>
					<height>40</height>
					<texture>pvr/PVR-IsRecording.png</texture>
					<animation effect="fade" start="100" end="40" time="960" pulse="true" condition="true">conditional</animation>
				</control>
				<control type="label" id="1">
					<left>480</left>
					<top>895</top>
					<width>880</width>
					<height>38</height>
					<font>font15_bold</font>
					<align>left</align>
					<scroll>true</scroll>
					<label>$INFO[VideoPlayer.Title]</label>
					<visible>!IsEmpty(VideoPlayer.Title)</visible>
				</control>
			</control>
			<control type="label" id="1">
				<left>1300</left>
				<top>895</top>
				<width>250</width>
				<height>38</height>
				<font>font15_bold</font>
				<align>right</align>
				<label>$INFO[VideoPlayer.TimeRemaining(hh:mm)]</label>
				<visible>!IsEmpty(VideoPlayer.Title)</visible>
			</control>
			<control type="label">
				<left>380</left>
				<top>965</top>
				<width>150</width>
				<height>38</height>
				<font>font15</font>
				<align>left</align>
				<textcolor>grey</textcolor>
				<label>$INFO[VideoPlayer.NextStartTime]</label>
				<visible>!IsEmpty(VideoPlayer.NextTitle)</visible>
			</control>
			<control type="label" id="1">
				<left>520</left>
				<top>965</top>
				<width>880</width>
				<height>38</height>
				<font>font15</font>
				<align>left</align>
				<textcolor>grey</textcolor>
				<scroll>true</scroll>
				<label>$INFO[VideoPlayer.NextTitle]</label>
				<visible>!IsEmpty(VideoPlayer.NextTitle)</visible>
			</control>
			<control type="label" id="1">
				<left>1300</left>
				<top>965</top>
				<width>250</width>
				<height>38</height>
				<align>right</align>
				<textcolor>grey</textcolor>
				<label>$INFO[VideoPlayer.NextEndTime]</label>
				<visible>!IsEmpty(VideoPlayer.NextTitle)</visible>
			</control>
			<control type="progress" id="1">
				<left>382</left>
				<top>940</top>
				<width>1170</width>
				<height>14</height>
				<info>Player.Progress</info>
				<colordiffuse>88FFFFFF</colordiffuse>
				<midtexture border="0" colordiffuse="themecolor">new_pvr/texturebg_white.png</midtexture>
				<texturebg border="3,0,3,0" colordiffuse="themecolor">new_pvr/texturebg_border_white.png</texturebg>
			</control>
		</control>
		<!-- Bottom right Info (Stream status, SNR & Signal, Time-shift) -->
		<control type="group" id="1">
			<control type="group">
				<left>1330</left>
				<top>1017</top>
				<width>250</width>
				<visible>!Substring(PVR.ActStreamStatus,TIMESHIFT) + !Skin.HasSetting(infobar_hidesignalinfo)</visible>
				<control type="label" id="1">
					<width>250</width>
					<height>38</height>
					<font>font24_bold</font>
					<align>left</align>
					<textcolor>grey</textcolor>
					<label>SNR: $INFO[PVR.ActStreamSNR]</label>
				</control>
				<control type="label" id="1">
					<left>130</left>
					<width>250</width>
					<height>38</height>
					<font>font24_bold</font>
					<align>left</align>
					<textcolor>grey</textcolor>
					<label>AGC: $INFO[PVR.ActStreamSignal]</label>
				</control>
			</control>
			<control type="group">
				<left>1660</left>
				<top>1017</top>
				<visible>Substring(PVR.ActStreamStatus,TIMESHIFT)</visible>
				<control type="label" id="1">
					<width>250</width>
					<height>38</height>
					<font>font24_bold</font>
					<align>left</align>
					<textcolor>themecolor</textcolor>
					<label>TIMESHIFT</label>
				</control>
			</control>
			<!-- Tuner info -->
			<control type="group">
				<left>1460</left>
				<top>1017</top>
				<width>300</width>
				<visible>!Skin.HasSetting(infobar_hidetuners)</visible>
				<control type="label">
					<left>200</left>
					<width>150</width>
					<height>38</height>
					<font>font24_bold</font>
					<align>left</align>
					<textcolor>grey2</textcolor>
					<label>Tuner:</label>
				</control>
                <control type="label">
                    <left>295</left>
                    <width>50</width>
                    <height>38</height>
                    <font>font24_bold</font>
                    <align>left</align>
                    <textcolor>grey2</textcolor>
                    <label>A</label>
                    <visible>!Substring(PVR.ActStreamDevice,#0)</visible>
                </control>
                <control type="label">
                    <left>295</left>
                    <width>50</width>
                    <height>38</height>
                    <font>font24_bold</font>
                    <align>left</align>
                    <textcolor>green</textcolor>
                    <label>A</label>
                    <visible>Substring(PVR.ActStreamDevice,#0)</visible>
                </control>
                <control type="label">
                    <left>320</left>
                    <width>50</width>
                    <height>38</height>
                    <font>font24_bold</font>
                    <align>left</align>
                    <textcolor>grey2</textcolor>
                    <label>B</label>
                    <visible>!Substring(PVR.ActStreamDevice,#1)</visible>
                </control>
                <control type="label">
                    <left>320</left>
                    <width>50</width>
                    <height>38</height>
                    <font>font24_bold</font>
                    <align>left</align>
                    <textcolor>green</textcolor>
                    <label>B</label>
                    <visible>Substring(PVR.ActStreamDevice,#1)</visible>
                </control>
                <control type="label">
                    <left>345</left>
                    <width>50</width>
                    <height>38</height>
                    <font>font24_bold</font>
                    <align>left</align>
                    <textcolor>grey2</textcolor>
                    <label>C</label>
                    <visible>!Substring(PVR.ActStreamDevice,#2)</visible>
                </control>
                <control type="label">
                    <left>345</left>
                    <width>50</width>
                    <height>38</height>
                    <font>font24_bold</font>
                    <align>left</align>
                    <textcolor>green</textcolor>
                    <label>C</label>
                    <visible>Substring(PVR.ActStreamDevice,#2)</visible>
                </control>
                <control type="label">
                    <left>370</left>
                    <width>50</width>
                    <height>38</height>
                    <font>font24_bold</font>
                    <align>left</align>
                    <textcolor>grey2</textcolor>
                    <label>D</label>
                    <visible>!Substring(PVR.ActStreamDevice,#3)</visible>
                </control>
                <control type="label">
                    <left>370</left>
                    <width>50</width>
                    <height>38</height>
                    <font>font24_bold</font>
                    <align>left</align>
                    <textcolor>green</textcolor>
                    <label>D</label>
                    <visible>Substring(PVR.ActStreamDevice,#3)</visible>
                </control>
            </control>
		</control>
		<!-- Media flags -->
		<control type="group" id="1">
			<animation effect="slide" time="800" start="360,0" delay="300" easing="out" tween="back">WindowOpen</animation>
			<animation effect="slide" time="800" end="360,0" easing="in" tween="back">WindowClose</animation>
			<left>1550</left>
			<top>900</top>
			<control type="image" id="1">
				<left>85</left>
				<top>-20</top>
				<width>110</width>
				<height>80</height>
				<aspectratio align="center">keep</aspectratio>
				<texture colordiffuse="grey">$INFO[VideoPlayer.VideoResolution,new_pvr/flags/resolution/,.png]</texture>
			</control>
			<control type="image" id="1">
				<left>200</left>
				<top>-20</top>
				<width>110</width>
				<height>80</height>
				<aspectratio align="center">keep</aspectratio>
				<texture colordiffuse="grey">$INFO[VideoPlayer.VideoCodec,new_pvr/flags/videocodec/,.png]</texture>
			</control>
			<control type="image" id="1">
				<left>85</left>
				<top>40</top>
				<width>110</width>
				<height>80</height>
				<aspectratio align="center">keep</aspectratio>
				<texture colordiffuse="grey">$INFO[VideoPlayer.AudioCodec,new_pvr/flags/audiocodec/,.png]</texture>
			</control>
			<control type="image" id="1">
				<left>200</left>
				<top>40</top>
				<width>110</width>
				<height>80</height>
				<aspectratio align="center">keep</aspectratio>
				<texture colordiffuse="grey">$INFO[VideoPlayer.AudioChannels,new_pvr/flags/audiochannels/,ch.png]</texture>
			</control>
		</control>
		<!-- Encryption & Tuners -->
		<control type="group" id="1">
			<left>65</left>
			<top>1017</top>
			<control type="group">
				<visible>!Skin.HasSetting(infobar_hidetencrypt)</visible>
				<control type="label" id="1">
					<visible>!SubString(Container(11).ListItem.PlotOutline,"0100",Right) | !SubString(Container(11).ListItem.PlotOutline,"009F",Right)</visible>
					<width>50</width>
					<height>38</height>
					<font>font24_bold</font>
					<align>left</align>
					<textcolor>grey</textcolor>
					<label>S</label>
				</control>
				<control type="label" id="1">
					<visible>SubString(Container(11).ListItem.PlotOutline,"0100",Right) | SubString(Container(11).ListItem.PlotOutline,"009F",Right)</visible>
					<width>50</width>
					<height>38</height>
					<font>font24_bold</font>
					<align>left</align>
					<textcolor>green</textcolor>
					<label>S</label>
				</control>
				<control type="label" id="1">
					<visible>!SubString(Container(11).ListItem.PlotOutline,"0500",Right) | !SubString(Container(11).ListItem.PlotOutline,"05FF",Right)</visible>
					<left>30</left>
					<width>50</width>
					<height>38</height>
					<font>font24_bold</font>
					<align>left</align>
					<textcolor>grey</textcolor>
					<label>V</label>
				</control>
				<control type="label" id="1">
					<visible>SubString(Container(11).ListItem.PlotOutline,"0500",Right) | SubString(Container(11).ListItem.PlotOutline,"05FF",Right)</visible>
					<left>30</left>
					<width>50</width>
					<height>38</height>
					<font>font24_bold</font>
					<align>left</align>
					<textcolor>green</textcolor>
					<label>V</label>
				</control>
				<control type="label" id="1">
					<visible>!SubString(Container(11).ListItem.PlotOutline,"0600",Right) | !SubString(Container(11).ListItem.PlotOutline,"06FF",Right)</visible>
					<left>63</left>
					<width>50</width>
					<height>38</height>
					<font>font24_bold</font>
					<align>left</align>
					<textcolor>grey</textcolor>
					<label>I</label>
				</control>
				<control type="label" id="1">
					<visible>SubString(Container(11).ListItem.PlotOutline,"0600",Right) | SubString(Container(11).ListItem.PlotOutline,"06FF",Right)</visible>
					<left>63</left>
					<width>50</width>
					<height>38</height>
					<font>font24_bold</font>
					<align>left</align>
					<textcolor>green</textcolor>
					<label>I</label>
				</control>
				<control type="label" id="1">
					<visible>!SubString(Container(11).ListItem.PlotOutline,"0900",Right) | !SubString(Container(11).ListItem.PlotOutline,"09FF",Right)</visible>
					<left>85</left>
					<width>50</width>
					<height>38</height>
					<font>font24_bold</font>
					<align>left</align>
					<textcolor>grey</textcolor>
					<label>ND</label>
				</control>
				<control type="label" id="1">
					<visible>SubString(Container(11).ListItem.PlotOutline,"0900",Right) | SubString(Container(11).ListItem.PlotOutline,"09FF",Right)</visible>
					<left>85</left>
					<width>50</width>
					<height>38</height>
					<font>font24_bold</font>
					<align>left</align>
					<textcolor>green</textcolor>
					<label>ND</label>
				</control>
				<control type="label" id="1">
					<visible>!SubString(Container(11).ListItem.PlotOutline,"0B00",Right) | !SubString(Container(11).ListItem.PlotOutline,"0BFF",Right)</visible>
					<left>135</left>
					<width>50</width>
					<height>38</height>
					<font>font24_bold</font>
					<align>left</align>
					<textcolor>grey</textcolor>
					<label>CO</label>
				</control>
				<control type="label" id="1">
					<visible>SubString(Container(11).ListItem.PlotOutline,"0B00",Right) | SubString(Container(11).ListItem.PlotOutline,"0BFF",Right)</visible>
					<left>135</left>
					<width>50</width>
					<height>38</height>
					<font>font24_bold</font>
					<align>left</align>
					<textcolor>green</textcolor>
					<label>CO</label>
				</control>
				<control type="label" id="1">
					<visible>!SubString(Container(11).ListItem.PlotOutline,"0D00",Right) | !SubString(Container(11).ListItem.PlotOutline,"0DFF",Right)</visible>
					<left>180</left>
					<width>50</width>
					<height>38</height>
					<font>font24_bold</font>
					<align>left</align>
					<textcolor>grey</textcolor>
					<label>CW</label>
				</control>
				<control type="label" id="1">
					<visible>SubString(Container(11).ListItem.PlotOutline,"0D00",Right) | SubString(Container(11).ListItem.PlotOutline,"0DFF",Right)</visible>
					<left>180</left>
					<width>50</width>
					<height>38</height>
					<font>font24_bold</font>
					<align>left</align>
					<textcolor>green</textcolor>
					<label>CW</label>
				</control>
				<control type="label" id="1">
					<visible>!SubString(Container(11).ListItem.PlotOutline,"1700",Right) | !SubString(Container(11).ListItem.PlotOutline,"17FF",Right)</visible>
					<left>230</left>
					<width>70</width>
					<height>38</height>
					<font>font24_bold</font>
					<align>left</align>
					<textcolor>grey</textcolor>
					<label>B</label>
				</control>
				<control type="label" id="1">
					<visible>SubString(Container(11).ListItem.PlotOutline,"1700",Right) | SubString(Container(11).ListItem.PlotOutline,"17FF",Right)</visible>
					<left>230</left>
					<width>70</width>
					<height>38</height>
					<font>font24_bold</font>
					<align>left</align>
					<textcolor>green</textcolor>
					<label>B</label>
				</control>
				<control type="label" id="1">
					<visible>!SubString(Container(11).ListItem.PlotOutline,"1800",Right) | !SubString(Container(11).ListItem.PlotOutline,"18FF",Right)</visible>
					<left>258</left>
					<width>50</width>
					<height>38</height>
					<font>font24_bold</font>
					<align>left</align>
					<textcolor>grey</textcolor>
					<label>N</label>
				</control>
				<control type="label" id="1">
					<visible>SubString(Container(11).ListItem.PlotOutline,"1800",Right) | SubString(Container(11).ListItem.PlotOutline,"18FF",Right)</visible>
					<left>258</left>
					<width>50</width>
					<height>38</height>
					<font>font24_bold</font>
					<align>left</align>
					<textcolor>green</textcolor>
					<label>N</label>
				</control>
				<control type="label" id="1">
					<left>320</left>
					<width>1000</width>
					<height>38</height>
					<font>font24_bold</font>
					<align>left</align>
					<textcolor>green</textcolor>
					<label>$INFO[PVR.ActStreamEncryptionName]</label>
				</control>
			</control>
		</control>
	</include>
	<!-- Large channel list OSD (extended) -->
	<include name="ChannelOSDExtended">
		<left>60</left>
		<top>45</top>
		<control type="image">
			<width>1800</width>
			<height>1000</height>
			<texture border="40,100,40,100" colordiffuse="F2FFFFFF">dialog_back.png</texture>
		</control>
		<control type="label">
			<left>100</left>
			<top>30</top>
			<width>690</width>
			<height>30</height>
			<align>left</align>
			<label>$LOCALIZE[19023] - $INFO[VideoPlayer.ChannelGroup]</label>
		</control>
		<control type="label">
			<top>30</top>
			<left>1200</left>
			<height>30</height>
			<width>550</width>
			<align>right</align>
			<label>$INFO[System.Date(DDD)], $INFO[System.Date(dd.mm.yyyy)] • $INFO[System.Time(hh:mm xx)]</label>
		</control>
		<control type="image">
			<left>60</left>
			<top>33</top>
			<width>24</width>
			<height>24</height>
			<aspectratio>keep</aspectratio>
			<texture colordiffuse="white">arrowright.png</texture>
		</control>
		<control type="image">
			<left>40</left>
			<top>33</top>
			<width>24</width>
			<height>24</height>
			<aspectratio>keep</aspectratio>
			<texture flipx="true" colordiffuse="white">arrowright.png</texture>
		</control>
		<control type="group">
			<left>30</left>
			<top>72</top>
			<include>ChannelListLarge</include>
		</control>
		<control type="group">
			<left>1040</left>
			<top>72</top>
			<include>ChannelInfoPanel</include>
		</control>
		<control type="image">
			<left>1000</left>
			<top>72</top>
			<width>3</width>
			<height>855</height>
			<texture colordiffuse="65ffffff">separator3.png</texture>
		</control>
		<control type="image">
			<left>1012</left>
			<top>72</top>
			<width>3</width>
			<height>855</height>
			<texture flipx="true" colordiffuse="65ffffff">separator3.png</texture>
		</control>
		<control type="scrollbar" id="80">
			<left>998</left>
			<top>72</top>
			<width>15</width>
			<height>855</height>
			<texturesliderbackground border="0">-</texturesliderbackground>
			<texturesliderbar colordiffuse="55ffffff" border="1">scrollbar/texturesliderbar2.png</texturesliderbar>
			<showonepage>false</showonepage>
			<orientation>vertical</orientation>
		</control>
		<control type="label">
			<left>40</left>
			<top>905</top>
			<height>100</height>
			<width>900</width>
			<font>font24_bold</font>
			<label>Channels: $INFO[Container(11).NumItems]	  •	   $INFO[Container(11).CurrentPage] / $INFO[Container(11).NumPages]</label>
			<textcolor>white</textcolor>
			<align>left</align>
			<aligny>center</aligny>
		</control>
	</include>
	<!-- Large channels list (right pane) -->
	<include name="ChannelListLarge">
		<control type="list" id="11">
			<width>970</width>
			<height>855</height>
			<onleft>PreviousChannelGroup</onleft>
			<onright>NextChannelGroup</onright>
			<onup>11</onup>
			<ondown>11</ondown>
			<pagecontrol>80</pagecontrol>
			<scrolltime tween="quadratic">200</scrolltime>
			<itemlayout height="57" width="970">
				<control type="image">
					<left>0</left>
					<top>0</top>
					<width>975</width>
					<height>57</height>
					<texture>separator2.png</texture>
				</control>
				<control type="label">
					<left>0</left>
					<top>0</top>
					<width>55</width>
					<height>57</height>
					<align>right</align>
					<textcolor>grey</textcolor>
					<selectedcolor>white</selectedcolor>
					<label>[B]$INFO[ListItem.ChannelNumber][/B]</label>
				</control>
				<control type="progress">
					<left>70</left>
					<top>22</top>
					<width>80</width>
					<height>12</height>
					<info>ListItem.Progress</info>
					<visible>!StringCompare(ListItem.Title,)</visible>
					<midtexture colordiffuse="themecolor">new_pvr/texturebg_white.png</midtexture>
					<texturebg border="3,0,3,0" colordiffuse="themecolor">new_pvr/texturebg_border_white.png</texturebg>
				</control>
				<control type="label">
					<left>165</left>
					<top>0</top>
					<textcolor>themecolor</textcolor>
					<selectedcolor>white</selectedcolor>
					<width>700</width>
					<height>57</height>
					<label>[B][COLOR grey]$INFO[ListItem.Label][/COLOR][/B] $INFO[ListItem.Title, - ]</label>
				</control>
				<control type="image">
					<animation effect="fade" start="100" end="40" time="1200" pulse="true" condition="true">conditional</animation>
					<left>850</left>
					<top>12</top>
					<width>35</width>
					<height>35</height>
					<texture>new_pvr/PVR-IsRecording.png</texture>
					<visible>ListItem.IsRecording</visible>
				</control>
				<control type="image">
					<visible>true</visible>
					<left>900</left>
					<top>8</top>
					<width>60</width>
					<height>40</height>
					<aspectratio>keep</aspectratio>
					<texture>$INFO[ListItem.Icon]</texture>
				</control>
			</itemlayout>
			<focusedlayout height="57" width="970">
				<control type="image">
					<left>1</left>
					<top>0</top>
					<width>970</width>
					<height>57</height>
					<texture border="4">new_pvr/listselect_fo.png</texture>
					<colordiffuse>themecolor</colordiffuse>
				</control>
				<control type="label">
					<left>0</left>
					<top>0</top>
					<width>55</width>
					<height>57</height>
					<align>right</align>
					<textcolor>white</textcolor>
					<selectedcolor>white</selectedcolor>
					<label>[B]$INFO[ListItem.ChannelNumber][/B]</label>
				</control>
				<control type="progress">
					<left>70</left>
					<top>22</top>
					<width>80</width>
					<height>12</height>
					<info>ListItem.Progress</info>
					<visible>!StringCompare(ListItem.Title,)</visible>
					<midtexture colordiffuse="grey2">new_pvr/texturebg_white.png</midtexture>
					<texturebg border="3,0,3,0" colordiffuse="grey2">new_pvr/texturebg_border_white.png</texturebg>
				</control>
				<control type="label">
					<left>165</left>
					<top>0</top>
					<textcolor>white</textcolor>
					<selectedcolor>white</selectedcolor>
					<width>700</width>
					<height>57</height>
					<label>[B]$INFO[ListItem.Label][/B] $INFO[ListItem.Title, - ]</label>
				</control>
				<control type="image">
					<animation effect="fade" start="100" end="40" time="1200" pulse="true" condition="true">conditional</animation>
					<left>850</left>
					<top>12</top>
					<width>35</width>
					<height>35</height>
					<texture>new_pvr/PVR-IsRecording.png</texture>
					<visible>ListItem.IsRecording</visible>
				</control>
				<control type="image">
					<visible>true</visible>
					<left>900</left>
					<top>8</top>
					<width>60</width>
					<height>40</height>
					<aspectratio>keep</aspectratio>
					<texture>$INFO[ListItem.Icon]</texture>
				</control>
			</focusedlayout>
		</control>
	</include>
	<!-- Channel information pane (left pane)  -->
	<include name="ChannelInfoPanel">
		<control type="group">
			<height>890</height>
			<visible>true</visible>
			<control type="label">
				<top>20</top>
				<height>40</height>
				<width>460</width>
				<font>font52_bold</font>
				<textcolor>themecolor</textcolor>
				<label>$INFO[Container(11).ListItem.Label]</label>
			</control>
			<control type="image">
				<top>80</top>
				<left>5</left>
				<height>100</height>
				<width>160</width>
				<texture fallback="new_pvr/tv.png">$INFO[Container(11).ListItem.Icon]</texture>
				<aspectratio>keep</aspectratio>
			</control>
			<control type="group">
				<top>100</top>
				<left>230</left>
				<height>70</height>
				<control type="label">
					<top>20</top>
					<height>50</height>
					<width>460</width>
					<font>font28_bold</font>
					<textcolor>grey</textcolor>
					<label>$INFO[Container(11).ListItem.StartTime]</label>
				</control>
				<control type="label">
					<top>20</top>
					<height>50</height>
					<left>355</left>
					<width>100</width>
					<font>font28_bold</font>
					<textcolor>grey2</textcolor>
					<align>right</align>
					<label>- $INFO[Container(11).ListItem.EndTime]</label>
				</control>
				<control type="progress">
					<width>460</width>
					<height>16</height>
					<info>Container(11).ListItem.Progress</info>
					<midtexture border="2" colordiffuse="themecolor">new_pvr/texturebg_white.png</midtexture>
					<texturebg border="3,0,3,0" colordiffuse="themecolor">new_pvr/texturebg_border_white.png</texturebg>
				</control>
			</control>
			<control type="label">
				<top>200</top>
				<height>80</height>
				<width>720</width>
				<font>font16</font>
				<aligny>top</aligny>
				<textcolor>themecolor</textcolor>
				<label>$INFO[Container(11).ListItem.Title]</label>
				<wrapmultiline>true</wrapmultiline>
			</control>
			<control type="group">
				<top>280</top>
				<control type="textbox">
					<!-- Plot wide (if no poster) -->
					<width>700</width>
					<height>433</height>
					<textcolor>grey</textcolor>
					<label>$INFO[Container(11).ListItem.Plot]</label>
					<autoscroll delay="8000" time="2000" repeat="10000">true</autoscroll>
					<visible>!Control.IsVisible(55)</visible>
				</control>
				<control type="textbox">
					<!-- Plot short (if poster) -->
					<width>500</width>
					<height>433</height>
					<textcolor>grey</textcolor>
					<label>$INFO[Container(11).ListItem.Plot]</label>
					<autoscroll delay="8000" time="2000" repeat="10000">true</autoscroll>
					<visible>Control.IsVisible(55)</visible>
				</control>
				<control type="image" id="55">
					<!-- Show\Movie poster -->
					<left>515</left>
					<width>200</width>
					<height>300</height>
					<align>center</align>
					<aspectratio>keep</aspectratio>
					<texture>$INFO[Container(11).ListItem.PlotOutline]</texture>
					<visible>SubString(Container(11).ListItem.PlotOutline,"http://",Left) | SubString(Container(11).ListItem.PlotOutline,"https://",Left)</visible>
				</control>
			</control>
			<!-- Genre label -->
			<control type="label">
				<top>725</top>
				<height>40</height>
				<width>715</width>
				<align>left</align>
				<textcolor>grey</textcolor>
				<label>$LOCALIZE[515]: [COLOR themecolor]$INFO[Container(11).ListItem.Genre][/COLOR]</label>
			</control>
			<control type="image">
				<top>768</top>
				<width>715</width>
				<height>2</height>
				<texture>new_pvr/osd_line_white.png</texture>
				<colordiffuse>grey3</colordiffuse>
			</control>
			<control type="label">
				<top>778</top>
				<height>30</height>
				<width>700</width>
				<align>left</align>
				<textcolor>grey</textcolor>
				<label>$LOCALIZE[19031]: [COLOR themecolor]$INFO[Container(11).ListItem.NextTitle][/COLOR]</label>
			</control>
			<control type="label">
				<visible>!StringCompare(Container(11).ListItem.NextTitle,)</visible>
				<top>815</top>
				<align>left</align>
				<height>30</height>
				<width>520</width>
				<textcolor>grey</textcolor>
				<label>$INFO[Container(11).ListItem.NextStartTime] - $INFO[Container(11).ListItem.NextEndTime]</label>
			</control>
		</control>
	</include>
	<!-- Standard channel list OSD -->
	<include name="ChannelOSDStandard">
		<control type="image">
			<left>-32</left>
			<top>0</top>
			<width>885</width>
			<height>1080</height>
			<texture border="40">mediamenu_back.png</texture>
			<colordiffuse>DDFFFFFF</colordiffuse>
		</control>
		<control type="list" id="11">
			<visible>!Skin.HasSetting(alternatetvosd)</visible>
			<left>0</left>
			<top>0</top>
			<width>821</width>
			<height>1080</height>
			<onleft>PreviousChannelGroup</onleft>
			<onright>NextChannelGroup</onright>
			<onup>11</onup>
			<ondown>11</ondown>
			<viewtype label="535">list</viewtype>
			<pagecontrol>60</pagecontrol>
			<scrolltime tween="quadratic" easing="out">200</scrolltime>
			<itemlayout height="108" width="821">
				<control type="image">
					<left>0</left>
					<top>60</top>
					<width>821</width>
					<height>48</height>
					<texture border="1">separator2.png</texture>
				</control>
				<control type="label">
					<left>0</left>
					<top>0</top>
					<width>120</width>
					<height>85</height>
					<font>font45caps_title</font>
					<textcolor>grey2</textcolor>
					<selectedcolor>selected</selectedcolor>
					<align>center</align>
					<aligny>center</aligny>
					<label>[B]$INFO[ListItem.ChannelNumber][/B]</label>
				</control>
				<control type="label">
					<left>130</left>
					<top>0</top>
					<width>530</width>
					<height>60</height>
					<font>font30</font>
					<textcolor>grey2</textcolor>
					<selectedcolor>selected</selectedcolor>
					<align>left</align>
					<aligny>center</aligny>
					<label>$INFO[ListItem.Label]</label>
				</control>
				<control type="label">
					<left>130</left>
					<top>50</top>
					<width>530</width>
					<height>60</height>
					<font>font15</font>
					<textcolor>grey3</textcolor>
					<selectedcolor>grey3</selectedcolor>
					<align>left</align>
					<aligny>center</aligny>
					<label>$INFO[ListItem.Title]</label>
				</control>
				<control type="progress">
					<description>Progressbar</description>
					<left>10</left>
					<top>84</top>
					<width>100</width>
					<height>10</height>
					<colordiffuse>88FFFFFF</colordiffuse>
					<visible>ListItem.HasEpg</visible>
					<info>ListItem.Progress</info>
					<midtexture colordiffuse="themecolor">new_pvr/texturebg_white.png</midtexture>
					<texturebg border="3,1,3,1" colordiffuse="themecolor">new_pvr/texturebg_border_white.png</texturebg>
				</control>
				<control type="image">
					<left>681</left>
					<top>8</top>
					<width>105</width>
					<height>90</height>
					<aspectratio>keep</aspectratio>
					<texture background="true">$INFO[ListItem.Icon]</texture>
					<fadetime>IconCrossfadeTime</fadetime>
					<animation effect="slide" start="0" end="-20" time="100" tween="sine" easing="in" condition="ListItem.IsRecording">Conditional</animation>
				</control>
				<control type="label">
					<left>828</left>
					<top>45</top>
					<width>120</width>
					<height>30</height>
					<font>IconSmall</font>
					<textoffsetx>15</textoffsetx>
					<textcolor>grey2</textcolor>
					<align>right</align>
					<selectedcolor>selected</selectedcolor>
					<label></label>
					<visible>ListItem.IsRecording</visible>
				</control>
			</itemlayout>
			<focusedlayout height="108" width="821">
				<control type="image">
					<top>60</top>
					<width>821</width>
					<height>48</height>
					<texture border="1">separator2.png</texture>
				</control>
				<control type="image">
					<width>821</width>
					<height>108</height>
					<texture border="4">listselect_fo.png</texture>
					<visible>Control.HasFocus(11)</visible>
					<include>VisibleFadeEffect</include>
				</control>
				<control type="label">
					<left>0</left>
					<top>0</top>
					<width>120</width>
					<height>85</height>
					<font>font45caps_title</font>
					<selectedcolor>white</selectedcolor>
					<align>center</align>
					<aligny>center</aligny>
					<label>[B]$INFO[ListItem.ChannelNumber][/B]</label>
				</control>
				<control type="label">
					<left>130</left>
					<top>0</top>
					<width>530</width>
					<height>60</height>
					<font>font30</font>
					<selectedcolor>white</selectedcolor>
					<align>left</align>
					<aligny>center</aligny>
					<label>$INFO[ListItem.Label]</label>
					<animation effect="fade" start="100" end="70" time="300" tween="sine" easing="inout" condition="!Control.HasFocus(11)">Conditional</animation>
				</control>
				<control type="label">
					<left>130</left>
					<top>50</top>
					<width>530</width>
					<height>60</height>
					<font>font15</font>
					<selectedcolor>white</selectedcolor>
					<align>left</align>
					<aligny>center</aligny>
					<label>$INFO[ListItem.Title]</label>
					<animation effect="fade" start="100" end="30" time="300" tween="sine" easing="inout" condition="!Control.HasFocus(11)">Conditional</animation>
				</control>
				<control type="progress">
					<description>Progressbar</description>
					<left>10</left>
					<top>84</top>
					<width>100</width>
					<height>10</height>
					<colordiffuse>88FFFFFF</colordiffuse>
					<visible>ListItem.HasEpg</visible>
					<info>ListItem.Progress</info>
					<midtexture colordiffuse="themecolor">new_pvr/texturebg_white.png</midtexture>
					<texturebg border="3,1,3,1" colordiffuse="themecolor">new_pvr/texturebg_border_white.png</texturebg>
				</control>
				<control type="image">
					<left>681</left>
					<top>8</top>
					<width>105</width>
					<height>90</height>
					<aspectratio>keep</aspectratio>
					<texture background="true">$INFO[ListItem.Icon]</texture>
					<fadetime>IconCrossfadeTime</fadetime>
					<animation effect="slide" start="0" end="-20" time="100" tween="sine" easing="in" condition="ListItem.IsRecording">Conditional</animation>
				</control>
				<control type="label">
					<left>828</left>
					<top>45</top>
					<width>120</width>
					<height>30</height>
					<font>IconSmall</font>
					<textoffsetx>15</textoffsetx>
					<align>right</align>
					<selectedcolor>selected</selectedcolor>
					<label></label>
					<visible>ListItem.IsRecording</visible>
				</control>
			</focusedlayout>
		</control>
		<control type="scrollbar" id="60">
			<left>820</left>
			<top>0</top>
			<width>14</width>
			<height>1080</height>
			<showonepage>false</showonepage>
			<texturesliderbackground>-</texturesliderbackground>
			<texturesliderbar colordiffuse="55ffffff" border="1">scrollbar/texturesliderbar2.png</texturesliderbar>
			<texturesliderbarfocus border="1">scrollbar/texturesliderbar2.png</texturesliderbarfocus>
			<onleft>11</onleft>
			<onright>NextChannelGroup</onright>
			<ondown>61</ondown>
			<onup>61</onup>
			<orientation>vertical</orientation>
		</control>
	</include>
	<variable name="LiveTvModOptionsClickVar">
		<value condition="IsEmpty(Skin.String(LiveTV.EpgViewChannels))">Skin.SetString(LiveTV.EpgViewChannels,1)</value>
		<value condition="StringCompare(Skin.String(LiveTV.EpgViewChannels),1)">Skin.SetString(LiveTV.EpgViewChannels,2)</value>
		<value condition="StringCompare(Skin.String(LiveTV.EpgViewChannels),2)">Skin.Reset(LiveTV.EpgViewChannels)</value>
	</variable>
	<variable name="LiveTvModOptionsLabelVar">
		<value condition="StringCompare(Skin.String(LiveTV.EpgViewChannels),1)">Icon only</value>
		<value condition="StringCompare(Skin.String(LiveTV.EpgViewChannels),2)">Name + Icon</value>
		<value>Name only</value>
	</variable>
	<!--<variable name="PvrTimelineProgressTextureVar">
		<value condition="StringCompare(Skin.CurrentColourTheme,white)">new_pvr/PVR-EpgProgressIndicator_light.png</value>
		<value>new_pvr/PVR-EpgProgressIndicator.png</value>
	</variable>-->
	<include name="SystemCenterPanel">
		<control type="image">
			<left>50</left>
			<top>0</top>
			<width>1820</width>
			<height>904</height>
			<texture border="40">listpanel_back.png</texture>
		</control>
	</include>
</includes>