<?xml version="1.0" encoding="UTF-8"?>
<addon
  id="skin.star.wars"
  version="1.0.5"
  name="Aeon Nox 5: Star Wars"
  provider-name="Created by BigNoid | Modded by SilVO | Themed by H24 | Tweaked by Megatron">
	<requires>
		<import addon="xbmc.gui" version="5.9.0"/>
		<import addon="script.grab.fanart" version="0.12.8"/>
		<import addon="script.skinshortcuts" version="0.4.5"/>
		<import addon="service.library.data.provider" version="0.0.7"/>
		<import addon="resource.uisounds.star.wars" version="1.0.3"/>
	</requires>
	<extension
	  point="xbmc.gui.skin"
	  debugging="false"
	  effectslowdown="0.75">
		<res width="1920" height="1080" aspect="16:9" default="true" folder="1080i" />
		<res width="2560" height="1080" aspect="21:9" default="false" folder="21x9" />
	</extension>
	<extension point="kodi.addon.metadata">
		<summary lang="de">Aeon Nox 5: StarWars</summary>
		<summary lang="el">Aeon Nox 5: StarWars</summary>
		<summary lang="en">Aeon Nox 5: StarWars</summary>
		<summary lang="en_AU">Aeon Nox 5: StarWars</summary>
		<summary lang="en_NZ">Aeon Nox 5: StarWars</summary>
		<summary lang="en_US">Aeon Nox 5: StarWars</summary>
		<summary lang="es">Aeon Nox 5: StarWars</summary>
		<summary lang="fi">Aeon Nox 5: StarWars</summary>
		<summary lang="fr">Aeon Nox 5: StarWars</summary>
		<summary lang="fr_CA">Aeon Nox 5 : StarWars</summary>
		<summary lang="gl">Aeon Nox 5: StarWars</summary>
		<summary lang="he">Aeon Nox 5: StarWars</summary>
		<summary lang="hu">Aeon Nox 5: StarWars</summary>
		<summary lang="is">Aeon Nox 5: StarWars</summary>
		<summary lang="it">Aeon Nox 5: StarWars</summary>
		<summary lang="ko">Aeon Nox 5: StarWars</summary>
		<summary lang="lt">Aeon Nox 5: StarWars</summary>
		<summary lang="ms">Aeon Nox 5: StarWars</summary>
		<summary lang="nl">Aeon Nox 5: StarWars</summary>
		<summary lang="no">Aeon Nox 5: StarWars</summary>
		<summary lang="pl">Aeon Nox 5: StarWars</summary>
		<summary lang="pt">Aeon Nox 5: StarWars</summary>
		<summary lang="pt_BR">Aeon Nox 5: StarWars</summary>
		<summary lang="ru">Aeon Nox 5: StarWars</summary>
		<summary lang="sk">Aeon Nox 5: StarWars</summary>
		<summary lang="sv">Aeon Nox 5: StarWars</summary>
		<summary lang="th">Aeon Nox 5: StarWars</summary>
		<summary lang="vi">Aeon Nox 5: StarWars - S? tr? v?</summary>
		<summary lang="zh">Aeon Nox 5: StarWars</summary>
		<description lang="de">Komplett neu designed für ein modernes Aussehen und das klassische Aeon-Feeling beizubehalten.</description>
		<description lang="el">?????? epa?as?ed?asµ??? ??a ?a p??sf??e? µ?a µ??t???a a?s??t???, d?at????ta? ta?t?????a t?? ??as??? ?µ??f?? t?? Aeon.</description>
		<description lang="en">Completely redesigned to create a modern look, while retaining the classic Aeon feel.</description>
		<description lang="en_AU">Completely redesigned to create a modern look, while retaining the classic Aeon feel.</description>
		<description lang="en_NZ">Completely redesigned to create a modern look, while retaining the classic Aeon feel.</description>
		<description lang="en_US">Completely redesigned to create a modern look, while retaining the classic Aeon feel.</description>
		<description lang="es">Completamente rediseñado para crear un aspecto moderno, pero conservando el toque clásico Aeon.</description>
		<description lang="fi">Täysin uudelleensuunniteltu moderni ulkoasu, kuitenkin tuntuen klassiselta Aeon:lta.</description>
		<description lang="fr">Totalement revu pour créer un look moderne, en gardant l'expérience Aeon.</description>
		<description lang="fr_CA">complètement remanié pour créer une apparence moderne, tout en conservant l'esprit classique d'Aeon.</description>
		<description lang="he">????? ??? ????? ???? ?????? ?? ???? ?? ?????? ?? Aeon ??????.</description>
		<description lang="hr">Potpuno preoblikovan moderan izgled, uz zadržani klasicni Aeon osjecaj.</description>
		<description lang="hu">Teljesen áttervezett modern kinézet, de megtartva a klasszikus Aeon érzetet.</description>
		<description lang="is">Endurhannað nútímalegt útlit í anda Aeon.</description>
		<description lang="it">Completamente ridisegnato per creare un look moderno, mantenendo la consueta qualità Aeon.</description>
		<description lang="ko">???? Aeon ??? ????? ???? ???? ??? ?? ????? ??????.</description>
		<description lang="lt">pilnai atnaujinta, kad sukurtu modernia išvaizda, išlaikant klasikinio Aeon pojuti.</description>
		<description lang="ms">Direka semula sepenuhnya untuk hasilkan penampilan modern, tetapi masih mengekalkan penampilan Aeon klasik.</description>
		<description lang="nl">Volledig opnieuw ontworpen om een ??moderne look te creëren, met behoud van het klassieke Aeon gevoel.</description>
		<description lang="no">Helt redesignet for å gi deg en moderne utforming, samtidig som man beholder den klassiske Aeon følelsen.</description>
		<description lang="pl">Calkowicie przeprojektowana skóra Aeon, o nowoczesnym wygladzie, zachowujac klasyczny uklad skóry Aeon.</description>
		<description lang="pt">Completamente redesenhado para criar um visual moderno enquanto retém o toque clássico Aeon.</description>
		<description lang="pt_BR">Design completamente novo para criar um look moderno, mantendo o feeling do Aeon Clássico.</description>
		<description lang="ru">????????? ????????????, ????????????????? ???????????? ??????? Aeon.</description>
		<description lang="sk">Kompletne prepracovaný dizajn s moderným vzhladom pri zachovaní klasického štýlu Aeon.</description>
		<description lang="sv">Totalt omarbetad för att skapa ett modernt utseende, samtidigt som man behåller den klassiska Aeon-känslan.</description>
		<description lang="th">?????????????????? ??????????????????????????, ????????????????????????????????? Aeon.</description>
		<description lang="vi">Thi?t k? l?i hoàn toàn d? t?o nên m?t phong cách hi?n d?i, trong khi dó v?n duy trì m?t c?m giác Aeon c? di?n.</description>
		<platform>all</platform>
	</extension>
  <extension point="xbmc.service" library="service.py" start="login" />
</addon>
