<?xml version="1.0" encoding="UTF-8"?>
<window id="1131" type="dialog">
	<defaultcontrol always="true">9011</defaultcontrol>
	<onunload>ClearProperty(actualViewtype,home)</onunload>
	<include>WindowSettingsFadeEffect</include>
	<controls>
		<control type="group">
			<animation effect="fade" start="100" end="0" time="200" condition="Window.IsVisible(1132)" reversible="true">conditional</animation>
			<control type="button" id="8998">
				<description>Close Window button</description>
				<left>350</left>
				<top>0</top>
				<width>64</width>
				<height>48</height>
				<label></label>
				<font>CloseButton</font>
				<textcolor>grey</textcolor>
				<focusedcolor>themecolor</focusedcolor>
				<onclick>Dialog.Close(1131)</onclick>
				<texturefocus>-</texturefocus>
				<texturenofocus>-</texturenofocus>
				<onleft>2</onleft>
				<onright>13</onright>
				<onup>13</onup>
				<ondown>2</ondown>
				<align>center</align>
				<aligny>center</aligny>
				<visible>system.getbool(input.enablemouse)</visible>
			</control>
			<control type="label">
				<top>100</top>
				<width>400</width>
				<height>52</height>
				<textoffsetx>15</textoffsetx>
				<font>font13_title</font>
				<label>$LOCALIZE[31151]</label>
				<textcolor>themecolor</textcolor>
				<aligny>center</aligny>
			</control>
			<control type="grouplist" id="9011">
				<left>0</left>
				<top>152</top>
				<width>400</width>
				<height>915</height>
				<orientation>vertical</orientation>
				<onleft>Dialog.Close(1131)</onleft>
				<onright>Dialog.Close(1131)</onright>
				<onup>9011</onup>
				<ondown>9012</ondown>
				<control type="button" id="1500">
					<include>ButtonCommonValues</include>
					<label>$LOCALIZE[31255]</label>
					<label2>[COLOR themecolor]$VAR[MediaflagsLayoutLabelVar][/COLOR]</label2>
					<onclick>$VAR[MediaflagsLayoutOnclickVar]</onclick>
					<texturenofocus border="1">separator5.png</texturenofocus>
					<visible>!Container.Content(genres)</visible>
					<visible>Stringcompare(Window(home).Property(actualViewtype),ShowCaseMovies) | Stringcompare(Window(home).Property(actualViewtype),Landscape) | Stringcompare(Window(home).Property(actualViewtype),Wall) | Stringcompare(Window(home).Property(actualViewtype),Logo)</visible>
				</control>
				<control type="button" id="1501">
					<include>ButtonCommonValues</include>
					<label>$LOCALIZE[31188]</label>
					<label2>[COLOR themecolor]$VAR[DisableOverlayLabelVar][/COLOR]</label2>
					<onclick>$VAR[DisableOverlayOnclickVar]</onclick>
					<texturenofocus border="1">separator5.png</texturenofocus>
					<visible>!IsEmpty(Skin.String(Overlay.Toggle))</visible>
					<visible>Stringcompare(Window(home).Property(actualViewtype),Landscape) | Stringcompare(Window(home).Property(actualViewtype),ShowCaseMovies) | Stringcompare(Window(home).Property(actualViewtype),MyFlix) | Stringcompare(Window(home).Property(actualViewtype),Icons) | Stringcompare(Window(home).Property(actualViewtype),SmallIcons) | Stringcompare(Window(home).Property(actualViewtype),Wall) | [Stringcompare(Window(home).Property(actualViewtype),FullscreenWall) + [Container.Content(movies) | Container.Content(tvshows) | Container.Content(sets)]]</visible>
				</control>
				<control type="radiobutton" id="1502">
					<description>Alternate BigList layout</description>
					<include>ButtonCommonValues</include>
					<label>$LOCALIZE[31134]</label>
					<onclick>Skin.ToggleSetting(alternatebiglistlayout)</onclick>
					<selected>Skin.HasSetting(alternatebiglistlayout)</selected>
					<visible>Stringcompare(Window(home).Property(actualViewtype),BigList)</visible>
				</control>
				<!-- RightList -->
				<control type="radiobutton" id="1510">
					<description>Alternate Layout</description>
					<include>ButtonCommonValues</include>
					<label>$LOCALIZE[31255]</label>
					<onclick>Skin.ToggleSetting(Disable.RightList.Mediaflags)</onclick>
					<selected>Skin.HasSetting(Disable.RightList.Mediaflags)</selected>
					<visible>Stringcompare(Window(home).Property(actualViewtype),RightList) + Container.Content(movies)</visible>
				</control>
				<control type="radiobutton" id="1511">
					<description>Alternate Layout</description>
					<include>ButtonCommonValues</include>
					<label>$LOCALIZE[31134]</label>
					<onclick>Skin.ToggleSetting(rightlistalternate)</onclick>
					<selected>Skin.HasSetting(rightlistalternate)</selected>
					<visible>Stringcompare(Window(home).Property(actualViewtype),RightList) + Container.Content(movies)</visible>
				</control>
				<control type="radiobutton" id="1512">
					<description>Alternate TV Layout</description>
					<include>ButtonCommonValues</include>
					<label>$LOCALIZE[31134]</label>
					<onclick>Skin.ToggleSetting(rightlistalternatetv)</onclick>
					<selected>Skin.HasSetting(rightlistalternatetv)</selected>
					<visible>Stringcompare(Window(home).Property(actualViewtype),RightList) + Container.Content(tvshows)</visible>
				</control>
				<control type="radiobutton" id="1513">
					<description>Alternate Season Layout</description>
					<include>ButtonCommonValues</include>
					<label>$LOCALIZE[31134]</label>
					<onclick>Skin.ToggleSetting(rightlistalternateseasons)</onclick>
					<selected>Skin.HasSetting(rightlistalternateseasons)</selected>
					<visible>Stringcompare(Window(home).Property(actualViewtype),RightList) + Container.Content(seasons)</visible>
				</control>
				<control type="radiobutton" id="1514">
					<description>Alternate Episode Layout</description>
					<include>ButtonCommonValues</include>
					<label>$LOCALIZE[31134]</label>
					<onclick>Skin.ToggleSetting(rightlistalternateepisode)</onclick>
					<selected>Skin.HasSetting(rightlistalternateepisode)</selected>
					<visible>Stringcompare(Window(home).Property(actualViewtype),RightList) + Container.Content(episodes)</visible>
				</control>
				<control type="radiobutton" id="1515">
					<description>Enable Logo</description>
					<include>ButtonCommonValues</include>
					<label>$LOCALIZE[31139]</label>
					<onclick>Skin.ToggleSetting(rightlistlogotv)</onclick>
					<selected>Skin.HasSetting(rightlistlogotv)</selected>
					<visible>Stringcompare(Window(home).Property(actualViewtype),RightList) + [Container.Content(tvshows) | Container.Content(seasons) | Container.Content(episodes)]</visible>
				</control>
				<control type="radiobutton" id="1516">
					<description>Enable Logo</description>
					<include>ButtonCommonValues</include>
					<label>$LOCALIZE[31139]</label>
					<onclick>Skin.ToggleSetting(rightlistlogomovie)</onclick>
					<selected>Skin.HasSetting(rightlistlogomovie)</selected>
					<visible>Stringcompare(Window(home).Property(actualViewtype),RightList) + Container.Content(movies)</visible>
				</control>
				<control type="radiobutton" id="1517">
					<description>Enable Info</description>
					<include>ButtonCommonValues</include>
					<label>$LOCALIZE[31133]</label>
					<onclick>Skin.ToggleSetting(inforightlist)</onclick>
					<selected>Skin.HasSetting(inforightlist)</selected>
					<visible>Stringcompare(Window(home).Property(actualViewtype),RightList) + [Container.Content(movies) | Container.Content(tvshows) | Container.Content(episodes)]</visible>
				</control>
				<control type="radiobutton" id="1518">
					<description>Hide poster</description>
					<include>ButtonCommonValues</include>
					<label>$LOCALIZE[31152]</label>
					<onclick>Skin.ToggleSetting(Enable.Rightlist.HidePoster.Movies)</onclick>
					<selected>Skin.HasSetting(Enable.Rightlist.HidePoster.Movies)</selected>
					<visible>Stringcompare(Window(home).Property(actualViewtype),RightList) + Container.Content(movies)</visible>
				</control>
				<control type="radiobutton" id="1519">
					<description>Hide poster</description>
					<include>ButtonCommonValues</include>
					<label>$LOCALIZE[31152]</label>
					<onclick>Skin.ToggleSetting(Enable.Rightlist.HidePoster.tvshows)</onclick>
					<selected>Skin.HasSetting(Enable.Rightlist.HidePoster.tvshows)</selected>
					<visible>Stringcompare(Window(home).Property(actualViewtype),RightList) + Container.Content(tvshows)</visible>
				</control>
				<control type="radiobutton" id="1520">
					<description>Hide poster</description>
					<include>ButtonCommonValues</include>
					<label>$LOCALIZE[31152]</label>
					<onclick>Skin.ToggleSetting(Enable.Rightlist.HidePoster.seasons)</onclick>
					<selected>Skin.HasSetting(Enable.Rightlist.HidePoster.seasons)</selected>
					<visible>Stringcompare(Window(home).Property(actualViewtype),RightList) + Container.Content(seasons)</visible>
				</control>
				<control type="radiobutton" id="1521">
					<description>Hide poster</description>
					<include>ButtonCommonValues</include>
					<label>$LOCALIZE[31152]</label>
					<onclick>Skin.ToggleSetting(Enable.Rightlist.HidePoster.episodes)</onclick>
					<selected>Skin.HasSetting(Enable.Rightlist.HidePoster.episodes)</selected>
					<visible>Stringcompare(Window(home).Property(actualViewtype),RightList) + Container.Content(episodes)</visible>
				</control>
				<control type="radiobutton" id="1522">
					<description>Enable DiscArt</description>
					<include>ButtonCommonValues</include>
					<label>$LOCALIZE[31143]</label>
					<onclick>Skin.ToggleSetting(discrightlist)</onclick>
					<selected>Skin.HasSetting(discrightlist)</selected>
					<visible>Stringcompare(Window(home).Property(actualViewtype),RightList) + [Container.Content(movies) + !Skin.HasSetting(Enable.Rightlist.HidePoster.movies)]</visible>
				</control>
				<control type="radiobutton" id="1523">
					<description>Fake Discart</description>
					<include>ButtonCommonValues</include>
					<label>$LOCALIZE[31993]</label>
					<onclick>Skin.ToggleSetting(RightList.FakeDisc)</onclick>
					<selected>Skin.HasSetting(RightList.FakeDisc)</selected>
					<visible>Stringcompare(Window(home).Property(actualViewtype),RightList) + Container.Content(movies) + Skin.HasSetting(discrightlist) + !Skin.HasSetting(Enable.Rightlist.HidePoster.movies)</visible>
				</control>
				<control type="radiobutton" id="1524">
					<description>Enable RightList Covers</description>
					<include>ButtonCommonValues</include>
					<label>$LOCALIZE[31137]</label>
					<onclick>Skin.ToggleSetting(rightlistcovers)</onclick>
					<selected>Skin.HasSetting(rightlistcovers)</selected>
					<visible>Stringcompare(Window(home).Property(actualViewtype),RightList) + [Container.Content(movies) + !Skin.HasSetting(Enable.Rightlist.HidePoster.movies)] | [Stringcompare(Window(home).Property(actualViewtype),RightList) + Container.Content(episodes) + !Skin.HasSetting(Enable.Rightlist.HidePoster.episodes)]</visible>
				</control>
				<!-- LowList -->
				<control type="radiobutton" id="1530">
					<description>Enable Logo LowList</description>
					<include>ButtonCommonValues</include>
					<label>$LOCALIZE[31139]</label>
					<onclick>Skin.ToggleSetting(highlistlogo)</onclick>
					<selected>Skin.HasSetting(highlistlogo)</selected>
					<visible>Stringcompare(Window(home).Property(actualViewtype),LowList) + !Skin.HasSetting(nohighlist)</visible>
				</control>
				<control type="radiobutton" id="1531">
					<description>Enable Logo High LowList</description>
					<include>ButtonCommonValues</include>
					<label>$LOCALIZE[31139]</label>
					<onclick>Skin.ToggleSetting(lowlistlogo)</onclick>
					<selected>Skin.HasSetting(lowlistlogo)</selected>
					<visible>Stringcompare(Window(home).Property(actualViewtype),LowList) + Skin.HasSetting(nohighlist)</visible>
				</control>
				<control type="radiobutton" id="1532">
					<description>Enable DiscArt</description>
					<include>ButtonCommonValues</include>
					<label>$LOCALIZE[31143]</label>
					<onclick>Skin.ToggleSetting(disclowlist)</onclick>
					<selected>Skin.HasSetting(disclowlist)</selected>
					<visible>Stringcompare(Window(home).Property(actualViewtype),LowList) + Container.Content(movies)</visible>
				</control>
				<control type="radiobutton" id="1533">
					<description>Enable LowList Covers</description>
					<include>ButtonCommonValues</include>
					<label>$LOCALIZE[31137]</label>
					<onclick>Skin.ToggleSetting(togglelowlistcovers)</onclick>
					<selected>Skin.HasSetting(togglelowlistcovers)</selected>
					<visible>Stringcompare(Window(home).Property(actualViewtype),LowList) + Container.Content(movies)</visible>
				</control>
				<control type="radiobutton" id="1534">
					<description>Enable IMDb</description>
					<include>ButtonCommonValues</include>
					<label>$LOCALIZE[31150]</label>
					<onclick>Skin.ToggleSetting(lowlistimdblogo)</onclick>
					<selected>Skin.HasSetting(lowlistimdblogo)</selected>
					<visible>Stringcompare(Window(home).Property(actualViewtype),LowList) + Container.Content(movies)</visible>
				</control>
				<!-- ShowCase -->
				<control type="radiobutton" id="1540">
					<description>No CoverFlow</description>
					<include>ButtonCommonValues</include>
					<label>$LOCALIZE[20411]</label>
					<onclick>Skin.ToggleSetting(noshowcaseflow)</onclick>
					<selected>Skin.HasSetting(noshowcaseflow)</selected>
					<visible>Stringcompare(Window(home).Property(actualViewtype),ShowCaseMovies)</visible>
				</control>
				<control type="radiobutton" id="1541">
					<include>ButtonCommonValues</include>
					<label>$LOCALIZE[31139]</label>
					<onclick>Skin.ToggleSetting(Enable.ShowCase.Logo)</onclick>
					<selected>Skin.HasSetting(Enable.ShowCase.Logo)</selected>
					<visible>Stringcompare(Window(home).Property(actualViewtype),ShowCaseMovies) + !Container.Content(episodes) + !Container.Content(seasons) + !Container.Content(genres)</visible>
				</control>
				<control type="radiobutton" id="1552">
					<description>Enable ShowCase Movies Floor Info</description>
					<include>ButtonCommonValues</include>
					<label>$LOCALIZE[31133]</label>
					<onclick>Skin.ToggleSetting(Enable.ShowCase.FloorInfo.movies)</onclick>
					<selected>Skin.HasSetting(Enable.ShowCase.FloorInfo.movies)</selected>
					<visible>Stringcompare(Window(home).Property(actualViewtype),ShowCaseMovies) + Container.Content(movies) + !Skin.HasSetting(Enable.ShowCase.Logo)</visible>
				</control>
				<control type="radiobutton" id="1542">
					<include>ButtonCommonValues</include>
					<label>$LOCALIZE[515]</label>
					<onclick>Skin.ToggleSetting(Enable.ShowCase.MovieGenre)</onclick>
					<selected>Skin.HasSetting(Enable.ShowCase.MovieGenre)</selected>)
					<texturenofocus border="1">separator5.png</texturenofocus>
					<visible>Stringcompare(Window(home).Property(actualViewtype),ShowCaseMovies) + Container.Content(movies) + !Skin.HasSetting(Enable.ShowCase.Logo) + Skin.HasSetting(Enable.ShowCase.FloorInfo.movies)</visible>
				</control>
				<control type="radiobutton" id="1551">
					<description>Enable ShowCase TV Shows Floor Info</description>
					<include>ButtonCommonValues</include>
					<label>$LOCALIZE[31133]</label>
					<onclick>Skin.ToggleSetting(Enable.ShowCase.FloorInfo.tvshows)</onclick>
					<selected>Skin.HasSetting(Enable.ShowCase.FloorInfo.tvshows)</selected>
					<visible>Stringcompare(Window(home).Property(actualViewtype),ShowCaseMovies) + Container.Content(tvshows) + !Skin.HasSetting(Enable.ShowCase.Logo)</visible>
				</control>
				<control type="radiobutton" id="1543">
					<include>ButtonCommonValues</include>
					<label>$LOCALIZE[515]</label>
					<onclick>Skin.ToggleSetting(Enable.ShowCase.TVShowGenre)</onclick>
					<selected>Skin.HasSetting(Enable.ShowCase.TVShowGenre)</selected>)
					<texturenofocus border="1">separator5.png</texturenofocus>
					<visible>Stringcompare(Window(home).Property(actualViewtype),ShowCaseMovies) + Container.Content(tvshows) + !Skin.HasSetting(Enable.ShowCase.Logo) + Skin.HasSetting(Enable.ShowCase.FloorInfo.tvshows)</visible>
				</control>
				<control type="radiobutton" id="1550">
					<description>Enable ShowCase Season Floor Info</description>
					<include>ButtonCommonValues</include>
					<label>$LOCALIZE[31133]</label>
					<onclick>Skin.ToggleSetting(Enable.ShowCase.FloorInfo.seasons)</onclick>
					<selected>Skin.HasSetting(Enable.ShowCase.FloorInfo.seasons)</selected>
					<visible>Stringcompare(Window(home).Property(actualViewtype),ShowCaseMovies) + Container.Content(seasons)</visible>
				</control>
				<control type="radiobutton" id="1544">
					<include>ButtonCommonValues</include>
					<label>$LOCALIZE[515]</label>
					<onclick>Skin.ToggleSetting(Enable.ShowCase.SeasonGenre)</onclick>
					<selected>Skin.HasSetting(Enable.ShowCase.SeasonGenre)</selected>)
					<texturenofocus border="1">separator5.png</texturenofocus>
					<visible>Stringcompare(Window(home).Property(actualViewtype),ShowCaseMovies) + Container.Content(seasons) + Skin.HasSetting(Enable.ShowCase.FloorInfo.seasons)</visible>
				</control>
				<control type="radiobutton" id="1545">
					<description>Enable ShowCase Covers</description>
					<include>ButtonCommonValues</include>
					<label>$LOCALIZE[31137]</label>
					<onclick>Skin.ToggleSetting(Enable.ShowCase.Covers)</onclick>
					<!-- <onclick condition="Skin.HasSetting(Enable.ShowCase.Covers) + Skin.HasSetting(showcasemod)">Notification($LOCALIZE[19098]:,Disabling covers turns off the Showcase Mod,7000,icon.png)</onclick> -->
					<!-- <onclick condition="Skin.HasSetting(Enable.ShowCase.Covers)">Skin.reset(showcasemod)</onclick> -->
					<selected>Skin.HasSetting(Enable.ShowCase.Covers)</selected>
					<visible>Stringcompare(Window(home).Property(actualViewtype),ShowCaseMovies) + [Container.Content(movies) | Container.Content(sets)]</visible>
				</control>
				<control type="radiobutton" id="1546">
					<include>ButtonCommonValues</include>
					<label>$LOCALIZE[31118]</label>
					<onclick>Skin.ToggleSetting(showcasemod)</onclick>
					<!-- <onclick condition="!Skin.HasSetting(showcasemod) + !Skin.HasSetting(Enable.ShowCase.Covers)">Skin.ToggleSetting(Enable.ShowCase.Covers)</onclick> -->
					<onclick condition="!System.HasAddon(script.skin.info.service)">Notification($LOCALIZE[19098]:,Install skin.info.service for full functionality,7000,icon.png)</onclick>
					<onclick condition="IsEmpty(Skin.String(Showcase.Delay))">Skin.SetString(Showcase.Delay,2)</onclick>
					<selected>Skin.HasSetting(showcasemod)</selected>
					<texturenofocus border="1">separator5.png</texturenofocus>
					<visible>Stringcompare(Window(home).Property(actualViewtype),ShowCaseMovies) + [Container.Content(movies) | Container.Content(sets)]</visible>
				</control>
				<control type="radiobutton" id="1547">
					<include>ButtonCommonValues</include>
					<label>$LOCALIZE[31117]</label>
					<onclick>Skin.ToggleSetting(boxsetmod)</onclick>
					<onclick condition="!System.HasAddon(script.skin.info.service)">Notification($LOCALIZE[19098]:,Install skin.info.service for full functionality,7000,icon.png)</onclick>
					<selected>Skin.HasSetting(boxsetmod)</selected>
					<onclick condition="IsEmpty(Skin.String(Showcase.Delay))">Skin.SetString(Showcase.Delay,2)</onclick>
					<texturenofocus border="1">separator5.png</texturenofocus>
					<visible>Stringcompare(Window(home).Property(actualViewtype),ShowCaseMovies) + [Container.Content(movies) | Container.Content(sets)]</visible>
				</control>
				<control type="radiobutton" id="1548">
					<description>Disable Boxset Brochure</description>
					<include>ButtonCommonValues</include>
					<label>$LOCALIZE[31256]</label>
					<onclick>Skin.ToggleSetting(Disable.BoxsetBrochure)</onclick>
					<selected>Skin.HasSetting(Disable.BoxsetBrochure)</selected>
					<visible>Stringcompare(Window(home).Property(actualViewtype),ShowCaseMovies) + [Container.Content(movies) | Container.Content(sets)] + Skin.HasSetting(boxsetmod)</visible>
				</control>
				<control type="button" id="1549">
					<include>ButtonCommonValues</include>
					<label>$LOCALIZE[31119]</label>
					<label2>[COLOR themecolor]$VAR[ShowcaseDelayLocalizeVar][/COLOR]</label2>
					<onclick>$VAR[ShowcaseModDelayOnClickVar]</onclick>
					<texturenofocus border="1">separator5.png</texturenofocus>
					<visible>Stringcompare(Window(home).Property(actualViewtype),ShowCaseMovies) + [Container.Content(movies) | Container.Content(sets)] + [Skin.HasSetting(showcasemod) | Skin.HasSetting(boxsetmod)]</visible>
				</control>
				<!-- Logo -->
				<control type="radiobutton" id="1560">
					<include>ButtonCommonValues</include>
					<label>$LOCALIZE[31156]</label>
					<onclick>Skin.ToggleSetting(Enable.Logo.clearart)</onclick>
					<selected>Skin.HasSetting(Enable.Logo.clearart)</selected>
					<texturenofocus border="1">separator5.png</texturenofocus>
					<visible>Stringcompare(Window(home).Property(actualViewtype),Logo) + [Container.Content(movies) | Container.Content(tvshows)]</visible>
				</control>
				<control type="radiobutton" id="1561">
					<include>ButtonCommonValues</include>
					<label>$LOCALIZE[31133]</label>
					<onclick>Skin.ToggleSetting(noextendedinfomovies)</onclick>
					<selected>Skin.HasSetting(noextendedinfomovies)</selected>
					<texturenofocus border="1">separator5.png</texturenofocus>
					<visible>Stringcompare(Window(home).Property(actualViewtype),Logo) + Container.Content(movies)</visible>
				</control>
				<control type="radiobutton" id="1565">
					<description>Enable movie set list</description>
					<include>ButtonCommonValues</include>
					<label>$LOCALIZE[31257]</label>
					<onclick>Skin.ToggleSetting(Enable.Logo.MovieSetList)</onclick>
					<selected>Skin.HasSetting(Enable.Logo.MovieSetList)</selected>
					<visible>Stringcompare(Window(home).Property(actualViewtype),Logo) + Container.Content(movies)</visible>
				</control>
				<control type="radiobutton" id="1562">
					<include>ButtonCommonValues</include>
					<label>$LOCALIZE[31133]</label>
					<onclick>Skin.ToggleSetting(noextendedinfotvshows)</onclick>
					<selected>Skin.HasSetting(noextendedinfotvshows)</selected>
					<texturenofocus border="1">separator5.png</texturenofocus>
					<visible>Stringcompare(Window(home).Property(actualViewtype),Logo) + Container.Content(tvshows)</visible>
				</control>
				<control type="radiobutton" id="1563">
					<description>Enable IMDb logo</description>
					<include>ButtonCommonValues</include>
					<label>$LOCALIZE[31150]</label>
					<onclick>Skin.ToggleSetting(imdblogo)</onclick>
					<selected>Skin.HasSetting(imdblogo)</selected>
					<visible>Stringcompare(Window(home).Property(actualViewtype),Logo) + Container.Content(movies)</visible>
				</control>
				<control type="radiobutton" id="1564">
					<description>Enable Oscar logo</description>
					<include>ButtonCommonValues</include>
					<label>$LOCALIZE[31146]</label>
					<onclick>Skin.ToggleSetting(oscarlogo)</onclick>
					<selected>Skin.HasSetting(oscarlogo)</selected>
					<visible>Stringcompare(Window(home).Property(actualViewtype),Logo) + Container.Content(movies)</visible>
				</control>
				<!-- Shift -->
				<control type="radiobutton" id="1570">
					<description>Small Shift View</description>
					<include>ButtonCommonValues</include>
					<label>$LOCALIZE[31147]</label>
					<onclick>Skin.ToggleSetting(Enable.Shift.Small)</onclick>
					<selected>Skin.HasSetting(Enable.Shift.Small)</selected>
					<visible>Stringcompare(Window(home).Property(actualViewtype),Shift)</visible>
				</control>
				<control type="radiobutton" id="1571">
					<description>Enable covers</description>
					<include>ButtonCommonValues</include>
					<label>$LOCALIZE[31137]</label>
					<onclick>Skin.ToggleSetting(Enable.Shift.Covers)</onclick>
					<selected>Skin.HasSetting(Enable.Shift.Covers)</selected>
					<visible>Stringcompare(Window(home).Property(actualViewtype),Shift) + Container.Content(movies)</visible>
				</control>
				<control type="radiobutton" id="1572">
					<description>Enable Shift Discart</description>
					<include>ButtonCommonValues</include>
					<label>$LOCALIZE[31143]</label>
					<onclick>Skin.ToggleSetting(Enable.Shift.Discart)</onclick>
					<selected>Skin.HasSetting(Enable.Shift.Discart)</selected>
					<visible>[Stringcompare(Window(home).Property(actualViewtype),Shift) + Container.Content(movies) + !Skin.HasSetting(Enable.Shift.Small)]</visible>
				</control>
				<control type="radiobutton" id="1573">
					<description>Enable Shift IMDb</description>
					<include>ButtonCommonValues</include>
					<label>$LOCALIZE[31150]</label>
					<onclick>Skin.ToggleSetting(Enable.Shift.IMDb)</onclick>
					<selected>Skin.HasSetting(Enable.Shift.IMDb)</selected>
					<visible>Stringcompare(Window(home).Property(actualViewtype),Shift) + Container.Content(movies)</visible>
				</control>
				<!-- Wall -->
				<control type="radiobutton" id="1580">
					<description>Enable Wall Cases</description>
					<include>ButtonCommonValues</include>
					<label>$LOCALIZE[31137]</label>
					<onclick>Skin.ToggleSetting(Enable.Wall.Cases)</onclick>
					<selected>Skin.HasSetting(Enable.Wall.Cases)</selected>
					<visible>Stringcompare(Window(home).Property(actualViewtype),Wall) + Container.Content(movies)</visible>
				</control>
				<control type="radiobutton" id="1588">
					<include>ButtonCommonValues</include>
					<label>$LOCALIZE[31139]</label>
					<onclick>Skin.ToggleSetting(Enable.Wall.Logo)</onclick>
					<selected>Skin.HasSetting(Enable.Wall.Logo)</selected>)
					<texturenofocus border="1">separator5.png</texturenofocus>
					<visible>Stringcompare(Window(home).Property(actualViewtype),Wall) + [Container.Content(movies) | Container.Content(tvshows)]</visible>
				</control>
				<control type="radiobutton" id="1581">
					<description>Enable Wall Floor Info</description>
					<include>ButtonCommonValues</include>
					<label>$LOCALIZE[31133]</label>
					<onclick>Skin.ToggleSetting(Enable.Wall.FloorInfo.movies)</onclick>
					<selected>Skin.HasSetting(Enable.Wall.FloorInfo.movies)</selected>
					<visible>Stringcompare(Window(home).Property(actualViewtype),Wall) + Container.Content(movies) + !Skin.HasSetting(Enable.Wall.Logo)</visible>
				</control>
				<control type="radiobutton" id="1582">
					<description>Enable Wall Floor Info</description>
					<include>ButtonCommonValues</include>
					<label>$LOCALIZE[31133]</label>
					<onclick>Skin.ToggleSetting(Enable.Wall.FloorInfo.tvshows)</onclick>
					<selected>Skin.HasSetting(Enable.Wall.FloorInfo.tvshows)</selected>
					<visible>Stringcompare(Window(home).Property(actualViewtype),Wall) + Container.Content(tvshows) + !Skin.HasSetting(Enable.Wall.Logo)</visible>
				</control>
				<control type="radiobutton" id="1583">
					<description>Enable Wall Floor Info</description>
					<include>ButtonCommonValues</include>
					<label>$LOCALIZE[31133]</label>
					<onclick>Skin.ToggleSetting(Enable.Wall.FloorInfo.seasons)</onclick>
					<selected>Skin.HasSetting(Enable.Wall.FloorInfo.seasons)</selected>
					<visible>Stringcompare(Window(home).Property(actualViewtype),Wall) + Container.Content(seasons)</visible>
				</control>
				<control type="radiobutton" id="1584">
					<description>Enable Wall Floor</description>
					<include>ButtonCommonValues</include>
					<label>$LOCALIZE[31133]</label>
					<onclick>Skin.ToggleSetting(Enable.Wall.AlbumLabels)</onclick>
					<selected>Skin.HasSetting(Enable.Wall.AlbumLabels)</selected>
					<visible>Stringcompare(Window(home).Property(actualViewtype),Wall) + Container.Content(albums)</visible>
				</control>
				<control type="radiobutton" id="1585">
					<include>ButtonCommonValues</include>
					<label>$LOCALIZE[515]</label>
					<onclick>Skin.ToggleSetting(Enable.Wall.MovieGenre)</onclick>
					<selected>Skin.HasSetting(Enable.Wall.MovieGenre)</selected>)
					<texturenofocus border="1">separator5.png</texturenofocus>
					<visible>Stringcompare(Window(home).Property(actualViewtype),Wall) + Container.Content(movies) + !Skin.HasSetting(Enable.Wall.Logo) + Skin.HasSetting(Enable.Wall.FloorInfo.movies)</visible>
				</control>
				<control type="radiobutton" id="1586">
					<include>ButtonCommonValues</include>
					<label>$LOCALIZE[515]</label>
					<onclick>Skin.ToggleSetting(Enable.Wall.TVShowGenre)</onclick>
					<selected>Skin.HasSetting(Enable.Wall.TVShowGenre)</selected>)
					<texturenofocus border="1">separator5.png</texturenofocus>
					<visible>Stringcompare(Window(home).Property(actualViewtype),Wall) + Container.Content(tvshows) + !Skin.HasSetting(Enable.Wall.Logo)</visible>
				</control>
				<control type="radiobutton" id="1587">
					<include>ButtonCommonValues</include>
					<label>$LOCALIZE[515]</label>
					<onclick>Skin.ToggleSetting(Enable.Wall.SeasonGenre)</onclick>
					<selected>Skin.HasSetting(Enable.Wall.SeasonGenre)</selected>)
					<texturenofocus border="1">separator5.png</texturenofocus>
					<visible>Stringcompare(Window(home).Property(actualViewtype),Wall) + Container.Content(seasons) + Skin.HasSetting(Enable.Wall.FloorInfo.seasons)</visible>
				</control>
				<!-- MyFlix -->
				<control type="radiobutton" id="1590">
					<include>ButtonCommonValues</include>
					<label>$LOCALIZE[31139]</label>
					<onclick>Skin.ToggleSetting(Enable.MyFlix.MovieLogo)</onclick>
					<selected>Skin.HasSetting(Enable.MyFlix.MovieLogo)</selected>
					<visible>Stringcompare(Window(home).Property(actualViewtype),MyFlix) + Container.Content(movies)</visible>
				</control>
				<control type="radiobutton" id="1595">
					<include>ButtonCommonValues</include>
					<label>$LOCALIZE[31139]</label>
					<onclick>Skin.ToggleSetting(Enable.MyFlix.TVLogo)</onclick>
					<selected>Skin.HasSetting(Enable.MyFlix.TVLogo)</selected>
					<visible>Stringcompare(Window(home).Property(actualViewtype),MyFlix) + Container.Content(tvshows)</visible>
				</control>
				<control type="radiobutton" id="1596">
					<include>ButtonCommonValues</include>
					<label>$LOCALIZE[31139]</label>
					<onclick>Skin.ToggleSetting(Enable.MyFlix.EpisodeLogo)</onclick>
					<selected>Skin.HasSetting(Enable.MyFlix.EpisodeLogo)</selected>
					<visible>Stringcompare(Window(home).Property(actualViewtype),MyFlix) + Container.Content(episodes)</visible>
				</control>
				<control type="radiobutton" id="1591">
					<description>Enable MyFlix Cases</description>
					<include>ButtonCommonValues</include>
					<label>$LOCALIZE[31137]</label>
					<onclick>Skin.ToggleSetting(Enable.MyFlix.Cases)</onclick>
					<onclick condition="Skin.HasSEtting(Enable.MyFlix.OpenCase)">Skin.ToggleSetting(Enable.MyFlix.OpenCase)</onclick>
					<selected>Skin.HasSetting(Enable.MyFlix.Cases)</selected>
					<visible>Stringcompare(Window(home).Property(actualViewtype),MyFlix) + [Container.Content(movies) | Container.Content(sets)]</visible>
				</control>
				<!--<control type="radiobutton" id="1599">
					<include>ButtonCommonValues</include>
					<textwidth>255</textwidth>
					<label>$LOCALIZE[31117]</label>
					<onclick>Skin.ToggleSetting(Enable.MyFlix.BoxsetMod)</onclick>
					<onclick condition="!System.HasAddon(script.skin.info.service)">Notification($LOCALIZE[19098]:,Install skin.info.service for full functionality,7000,icon.png)</onclick>
					<selected>Skin.HasSetting(Enable.MyFlix.BoxsetMod)</selected>
					<texturenofocus border="1">separator5.png</texturenofocus>
					<visible>Stringcompare(Window(home).Property(actualViewtype),MyFlix) + [Container.Content(movies) | Container.Content(sets)]</visible>
				</control>-->
				<control type="radiobutton" id="1592">
					<include>ButtonCommonValues</include>
					<label>$LOCALIZE[31118]</label>
					<onclick>Skin.ToggleSetting(Enable.MyFlix.OpenCase)</onclick>
					<onclick condition="!Skin.HasSEtting(Enable.MyFlix.OpenCase) + !Skin.HasSetting(Enable.MyFlix.Cases)">Skin.ToggleSetting(Enable.MyFlix.Cases)</onclick>
					<onclick condition="IsEmpty(Skin.String(MyFlix.Delay))">Skin.SetString(MyFlix.Delay,2)</onclick>
					<selected>Skin.HasSetting(Enable.MyFlix.OpenCase)</selected>
					<visible>Stringcompare(Window(home).Property(actualViewtype),MyFlix) + Container.Content(movies)</visible>
				</control>
				<control type="button" id="1593">
					<include>ButtonCommonValues</include>
					<label>$LOCALIZE[31119]</label>
					<label2>[COLOR themecolor]$VAR[MyFlixDelayLocalizeVar][/COLOR]</label2>
					<onclick>$VAR[MyFlixModDelayOnClickVar]</onclick>
					<texturenofocus border="1">separator5.png</texturenofocus>
					<visible>Stringcompare(Window(home).Property(actualViewtype),MyFlix) + Container.Content(movies)</visible>
				</control>
				<control type="radiobutton" id="1594">
					<include>ButtonCommonValues</include>
					<label>$LOCALIZE[31076]</label>
					<onclick>Skin.ToggleSetting(Enable.MyFlix.TVLandscape)</onclick>
					<selected>Skin.HasSetting(Enable.MyFlix.TVLandscape)</selected>
					<visible>Stringcompare(Window(home).Property(actualViewtype),MyFlix) + Container.Content(tvshows)</visible>
				</control>
				<!-- Landscape -->
				<control type="radiobutton" id="1610">
					<include>ButtonCommonValues</include>
					<label>$LOCALIZE[31139]</label>
					<onclick>Skin.ToggleSetting(Enable.Landscape.Logo)</onclick>
					<selected>Skin.HasSetting(Enable.Landscape.Logo)</selected>
					<visible>Stringcompare(Window(home).Property(actualViewtype),Landscape) + !Container.Content(episodes) + !Container.Content(seasons) + !Container.Content(genres)</visible>
				</control>
				<control type="radiobutton" id="1611">
					<include>ButtonCommonValues</include>
					<label>$LOCALIZE[515]</label>
					<onclick>Skin.ToggleSetting(Enable.Landscape.MovieGenre)</onclick>
					<selected>Skin.HasSetting(Enable.Landscape.MovieGenre)</selected>)
					<texturenofocus border="1">separator5.png</texturenofocus>
					<visible>Stringcompare(Window(home).Property(actualViewtype),Landscape) + Container.Content(movies) + !Skin.HasSetting(Enable.Landscape.Logo)</visible>
				</control>
				<control type="radiobutton" id="1612">
					<include>ButtonCommonValues</include>
					<label>$LOCALIZE[515]</label>
					<onclick>Skin.ToggleSetting(Enable.Landscape.TVShowGenre)</onclick>
					<selected>Skin.HasSetting(Enable.Landscape.TVShowGenre)</selected>)
					<texturenofocus border="1">separator5.png</texturenofocus>
					<visible>Stringcompare(Window(home).Property(actualViewtype),Landscape) + Container.Content(tvshows) + !Skin.HasSetting(Enable.Landscape.Logo)</visible>
				</control>
				<control type="radiobutton" id="1613">
					<include>ButtonCommonValues</include>
					<label>$LOCALIZE[515]</label>
					<onclick>Skin.ToggleSetting(Enable.Landscape.SeasonGenre)</onclick>
					<selected>Skin.HasSetting(Enable.Landscape.SeasonGenre)</selected>)
					<texturenofocus border="1">separator5.png</texturenofocus>
					<visible>Stringcompare(Window(home).Property(actualViewtype),Landscape) + Container.Content(seasons)</visible>
				</control>
				<control type="radiobutton" id="1614">
					<description>Enable Wall Floor Info</description>
					<include>ButtonCommonValues</include>
					<label>$LOCALIZE[31133]</label>
					<onclick>Skin.ToggleSetting(Enable.Landscape.FloorInfo.episodes)</onclick>
					<selected>Skin.HasSetting(Enable.Landscape.FloorInfo.episodes)</selected>
					<visible>Stringcompare(Window(home).Property(actualViewtype),Landscape) + Container.Content(episodes)</visible>
				</control>
				<control type="togglebutton" id="1505">
					<description>Enable HD/SD/3D Indicators</description>
					<include>ButtonCommonValues</include>
					<label>$LOCALIZE[31136]</label>
					<onclick condition="Stringcompare(Window(home).Property(actualViewtype),FanartList) + Container.Content(episodes)">Skin.ToggleSetting(noindicatorfanartlistepisodes)</onclick>
					<onclick condition="Stringcompare(Window(home).Property(actualViewtype),FanartList) + Container.Content(movies)">Skin.ToggleSetting(noindicatorfanartlistmovies)</onclick>
					<onclick condition="Stringcompare(Window(home).Property(actualViewtype),Landscape)">Skin.ToggleSetting(noindicatorlandscape)</onclick>
					<onclick condition="Stringcompare(Window(home).Property(actualViewtype),ShowCaseMovies)">Skin.ToggleSetting(noindicatorshowcase)</onclick>
					<onclick condition="Stringcompare(Window(home).Property(actualViewtype),Gallery) + Container.Content(movies)">Skin.ToggleSetting(noindicatorgallerymovies)</onclick>
					<onclick condition="Stringcompare(Window(home).Property(actualViewtype),BigList) + Container.Content(movies)">Skin.ToggleSetting(noindicatorbiglist)</onclick>
					<onclick condition="Stringcompare(Window(home).Property(actualViewtype),BigList) + Container.Content(episodes)">Skin.ToggleSetting(noindicatorbiglistepisode)</onclick>
					<visible>[Stringcompare(Window(home).Property(actualViewtype),FanartList) | Stringcompare(Window(home).Property(actualViewtype),BigList) + [Container.Content(movies) | Container.Content(episodes)]] | [Stringcompare(Window(home).Property(actualViewtype),Gallery) + Container.Content(movies)] | [[Container.Content(movies) | Container.Content(episodes)] + [Stringcompare(Window(home).Property(actualViewtype),Landscape) + !Skin.HasSetting(Enable.Landscape.Logo)] | [Stringcompare(Window(home).Property(actualViewtype),ShowCaseMovies) + !Skin.HasSetting(Enable.ShowCase.Logo) + Skin.HasSetting(Enable.ShowCase.FloorInfo.movies)]]</visible>
					<visible>!Container.Content(tvshows) + !Container.Content(seasons) + !Container.Content(genres)</visible>
				</control>
			</control>
			<control type="button" id="9012">
				<visible>!Skin.HasSetting(KioskMode.Enabled)</visible>
				<top>1020</top>
				<width>400</width>
				<align>center</align>
				<textoffsetx>30</textoffsetx>
				<font>IconMedium</font>
				<label></label>
				<focusedcolor>themecolor</focusedcolor>
				<texturefocus>-</texturefocus>
				<onleft>Dialog.Close(1131)</onleft>
				<onright>Dialog.Close(1131)</onright>
				<onup>9011</onup>
				<ondown>9011</ondown>
				<onclick>ActivateWindow(1132)</onclick>
			</control>
		</control>
	</controls>
</window>