<?xml version="1.0" encoding="UTF-8"?>
<!--========================================================================-->
<!--   ###	  ########	#######	 ##	   ##	 ##	   ##  #######	##	   ##	-->
<!--  ## ##	  ##	   ##	  ## ###   ##	 ###   ## ##	 ##	 ##	  ##	-->
<!--##	  ##  ##	   ##	  ## ####  ##	 ####  ## ##	 ##	  ## ##		-->
<!--##	   ## ######   ##	  ## ## ## ##	 ## ## ## ##	 ##	   ###		-->
<!--######### ##	   ##	  ## ##	 ####	 ##	 #### ##	 ##	  ## ##		-->
<!--##	   ## ##	   ##	  ## ##	  ###	 ##	  ### ##	 ##	 ##	  ##	-->
<!--##	   ## ########	#######	 ##	   ##	 ##	   ##  #######	##	   ##	-->
<!--========================================================================-->
<window>
	<defaultcontrol>61</defaultcontrol>
	<controls>
		<control type="group">
			<include>WindowSettingsFadeEffect</include>
			<top>128</top>
			<control type="image">
				<left>490</left>
				<top>0</top>
				<width>1380</width>
				<height>904</height>
				<texture border="40">listpanel_back.png</texture>
				<visible>!Window.IsVisible(addoninformation)</visible>
			</control>
			<control type="label" id="1">
				<description>header label</description>
				<include>HiddenObject</include>
			</control>
			<control type="textbox" id="5">
				<description>textarea</description>
				<left>552</left>
				<top>32</top>
				<width>1256</width>
				<height>840</height>
				<font>font15_textbox</font>
				<align>left</align>
				<textcolor>grey2</textcolor>
				<pagecontrol>61</pagecontrol>
			</control>
			<control type="scrollbar" id="61">
				<left>1838</left>
				<top>32</top>
				<width>14</width>
				<height>840</height>
				<onleft>Dialog.Close(textviewer)</onleft>
				<onright>Dialog.Close(textviewer)</onright>
				<ondown>61</ondown>
				<onup>61</onup>
				<showonepage>false</showonepage>
				<texturesliderbackground>-</texturesliderbackground>
				<texturesliderbar colordiffuse="55ffffff" border="1">scrollbar/texturesliderbar2.png</texturesliderbar>
				<texturesliderbarfocus border="1">scrollbar/texturesliderbar2.png</texturesliderbarfocus>
				<orientation>vertical</orientation>
			</control>
		</control>
	</controls>
</window>