<?xml version="1.0" encoding="UTF-8"?>
<includes>
	<include name="PosterDimAndPos">
		<left>40</left>
		<top>11</top>
		<width>219</width>
		<height>330</height>
	</include>
	<include name="CaseDimAndPos">
		<left>0</left>
		<top>-20</top>
		<width>275</width>
		<height>377</height>
		<visible>Skin.HasSetting(Enable.CasesLiveBG)</visible>
	</include>
	<include name="LiveCasesBackground">
		<control type="wraplist" id="9031">
			<include>HiddenList</include>
			<content>$VAR[CaseContentVar]</content>
			<visible>StringCompare(Container(9000).ListItem.Property(BGType),4) | StringCompare(Container(9000).ListItem.Property(BGType),5)</visible>
		</control>
		<control type="wraplist" id="9034">
			<include>HiddenList</include>
			<content>$VAR[CaseContentVar]</content>
			<autoscroll time="7000" delay="7000" repeat="7000">StringCompare(Container(9000).ListItem.Property(BGType),7)</autoscroll>
			<visible>StringCompare(Container(9000).ListItem.Property(BGType),7)</visible>
		</control>
		<control type="image">
			<fadetime>600</fadetime>
			<visible>StringCompare(Container(9000).ListItem.Property(BGType),4) | StringCompare(Container(9000).ListItem.Property(BGType),5)</visible>
			<include>FullscreenDimensions</include>
			<aspectratio align="center" aligny="top">scale</aspectratio>
			<texture background="true">special://skin/backgrounds/default_bg.jpg</texture>
		</control>
		<control type="image">
			<visible>ListItem.IsCollection + !Control.IsVisible(701)</visible>
			<include>FullscreenDimensions</include>
			<aspectratio align="center" aligny="top">scale</aspectratio>
			<texture background="true">$VAR[BoxsetModFanartVar]</texture>
		</control>
		<control type="group">
			<visible>StringCompare(Container(9000).ListItem.Thumb,7) | StringCompare(Container(9000).ListItem.Thumb,8) | StringCompare(Container(9000).ListItem.Thumb,11) | StringCompare(Container(9000).ListItem.Thumb,12) | StringCompare(Container(9000).ListItem.Property(BGType),5)</visible>
			<animation effect="fade" time="600">WindowOpen</animation>
			<animation effect="fade" time="600">VisibleChange</animation>
			<control type="group">
				<description>Case 1</description>
				<left>1170</left>
				<top>1030</top>
				<animation effect="zoom" start="180" end="180" center="auto" time="0" tween="linear" pulse="true" condition="true">Conditional</animation>
				<animation effect="rotate" center="auto" start="-65" end="-65" time="0" condition="true">Conditional</animation>
				<control type="image">
					<include>PosterDimAndPos</include>
					<align>center</align>
					<aspectratio scalediffuse="false">stretch</aspectratio>
					<fadetime>IconCrossfadeTime</fadetime>
					<texture background="true" diffuse="thumbs/boxes/movieposter_mask.png" fallback="DefaultVideoCover.png">$VAR[Case10Var]</texture>
				</control>
				<control type="image">
					<include>CaseDimAndPos</include>
					<texture background="true" fallback="thumbs/boxes/p.png">$VAR[ResCase10Var]</texture>
				</control>
			</control>
			<control type="group">
				<description>Case 2</description>
				<left>800</left>
				<top>0</top>
				<animation effect="zoom" start="180" end="180" center="auto" time="0" tween="linear" pulse="true" condition="true">Conditional</animation>
				<animation effect="rotate" center="auto" start="65" end="65" time="0" condition="true">Conditional</animation>
				<control type="image">
					<include>PosterDimAndPos</include>
					<align>center</align>
					<aspectratio scalediffuse="false">stretch</aspectratio>
					<fadetime>IconCrossfadeTime</fadetime>
					<texture background="true" diffuse="thumbs/boxes/movieposter_mask.png" fallback="DefaultVideoCover.png">$VAR[Case9Var]</texture>
				</control>
				<control type="image">
					<include>CaseDimAndPos</include>
					<texture background="true" fallback="thumbs/boxes/p.png">$VAR[ResCase9Var]</texture>
				</control>
			</control>
			<control type="group">
				<description>Case 3</description>
				<left>500</left>
				<top>150</top>
				<animation effect="zoom" start="180" end="180" center="auto" time="0" tween="linear" pulse="true" condition="true">Conditional</animation>
				<animation effect="rotate" center="auto" start="10" end="10" time="0" condition="true">Conditional</animation>
				<control type="image">
					<include>PosterDimAndPos</include>
					<align>center</align>
					<aspectratio scalediffuse="false">stretch</aspectratio>
					<fadetime>IconCrossfadeTime</fadetime>
					<texture background="true" diffuse="thumbs/boxes/movieposter_mask.png" fallback="DefaultVideoCover.png">$VAR[Case8Var]</texture>
				</control>
				<control type="image">
					<include>CaseDimAndPos</include>
					<texture background="true" fallback="thumbs/boxes/p.png">$VAR[ResCase8Var]</texture>
				</control>
			</control>
			<control type="group">
				<description>Case 4</description>
				<left>1550</left>
				<top>300</top>
				<animation effect="zoom" start="180" end="180" center="auto" time="0" tween="linear" pulse="true" condition="true">Conditional</animation>
				<animation effect="rotate" center="auto" start="-20" end="-20" time="0" condition="true">Conditional</animation>
				<control type="image">
					<include>PosterDimAndPos</include>
					<align>center</align>
					<aspectratio scalediffuse="false">stretch</aspectratio>
					<fadetime>IconCrossfadeTime</fadetime>
					<texture background="true" diffuse="thumbs/boxes/movieposter_mask.png" fallback="DefaultVideoCover.png">$VAR[Case7Var]</texture>
				</control>
				<control type="image">
					<include>CaseDimAndPos</include>
					<texture background="true" fallback="thumbs/boxes/p.png">$VAR[ResCase7Var]</texture>
				</control>
			</control>
			<control type="group">
				<description>Case 5</description>
				<left>1000</left>
				<top>170</top>
				<animation effect="zoom" start="180" end="180" center="auto" time="0" tween="linear" pulse="true" condition="true">Conditional</animation>
				<animation effect="rotate" center="auto" start="25" end="25" time="0" condition="true">Conditional</animation>
				<control type="image">
					<include>PosterDimAndPos</include>
					<align>center</align>
					<aspectratio scalediffuse="false">stretch</aspectratio>
					<fadetime>IconCrossfadeTime</fadetime>
					<texture background="true" diffuse="thumbs/boxes/movieposter_mask.png" fallback="DefaultVideoCover.png">$VAR[Case6Var]</texture>
				</control>
				<control type="image">
					<include>CaseDimAndPos</include>
					<texture background="true" fallback="thumbs/boxes/p.png">$VAR[ResCase6Var]</texture>
				</control>
			</control>
			<control type="group">
				<description>Case 6</description>
				<left>1900</left>
				<top>-100</top>
				<animation effect="zoom" start="180" end="180" center="auto" time="0" tween="linear" pulse="true" condition="true">Conditional</animation>
				<animation effect="rotate" center="auto" start="75" end="75" time="0" condition="true">Conditional</animation>
				<control type="image">
					<include>PosterDimAndPos</include>
					<align>center</align>
					<aspectratio scalediffuse="false">stretch</aspectratio>
					<fadetime>IconCrossfadeTime</fadetime>
					<texture background="true" diffuse="thumbs/boxes/movieposter_mask.png" fallback="DefaultVideoCover.png">$VAR[Case5Var]</texture>
				</control>
				<control type="image">
					<include>CaseDimAndPos</include>
					<texture background="true" fallback="thumbs/boxes/p.png">$VAR[ResCase5Var]</texture>
				</control>
			</control>
			<control type="group">
				<description>Case 7</description>
				<left>1500</left>
				<top>800</top>
				<animation effect="zoom" start="180" end="180" center="auto" time="0" tween="linear" pulse="true" condition="true">Conditional</animation>
				<animation effect="rotate" center="auto" start="45" end="45" time="0" condition="true">Conditional</animation>
				<control type="image">
					<include>PosterDimAndPos</include>
					<align>center</align>
					<aspectratio scalediffuse="false">stretch</aspectratio>
					<fadetime>IconCrossfadeTime</fadetime>
					<texture background="true" diffuse="thumbs/boxes/movieposter_mask.png" fallback="DefaultVideoCover.png">$VAR[Case4Var]</texture>
				</control>
				<control type="image">
					<include>CaseDimAndPos</include>
					<texture background="true" fallback="thumbs/boxes/p.png">$VAR[ResCase4Var]</texture>
				</control>
			</control>
			<control type="group">
				<description>Case 8</description>
				<left>1450</left>
				<top>650</top>
				<animation effect="zoom" start="180" end="180" center="auto" time="0" tween="linear" pulse="true" condition="true">Conditional</animation>
				<animation effect="rotate" center="auto" start="-35" end="-35" time="0" condition="true">Conditional</animation>
				<control type="image">
					<include>PosterDimAndPos</include>
					<align>center</align>
					<aspectratio scalediffuse="false">stretch</aspectratio>
					<fadetime>IconCrossfadeTime</fadetime>
					<texture background="true" diffuse="thumbs/boxes/movieposter_mask.png" fallback="DefaultVideoCover.png">$VAR[Case3Var]</texture>
				</control>
				<control type="image">
					<include>CaseDimAndPos</include>
					<texture background="true" fallback="thumbs/boxes/p.png">$VAR[ResCase3Var]</texture>
				</control>
			</control>
			<control type="group">
				<description>Case 9</description>
				<left>1100</left>
				<top>400</top>
				<animation effect="zoom" start="180" end="180" center="auto" time="0" tween="linear" pulse="true" condition="true">Conditional</animation>
				<animation effect="rotate" center="auto" start="-10" end="-10" time="0" condition="true">Conditional</animation>
				<control type="image">
					<include>PosterDimAndPos</include>
					<align>center</align>
					<aspectratio scalediffuse="false">stretch</aspectratio>
					<fadetime>IconCrossfadeTime</fadetime>
					<texture background="true" diffuse="thumbs/boxes/movieposter_mask.png" fallback="DefaultVideoCover.png">$VAR[Case2Var]</texture>
				</control>
				<control type="image">
					<include>CaseDimAndPos</include>
					<texture background="true" fallback="thumbs/boxes/p.png">$VAR[ResCase2Var]</texture>
				</control>
			</control>
			<control type="group">
				<description>Case 10</description>
				<left>700</left>
				<top>400</top>
				<animation effect="zoom" start="180" end="180" center="auto" time="0" tween="linear" pulse="true" condition="true">Conditional</animation>
				<animation effect="rotate" center="auto" start="3" end="3" time="0" condition="true">Conditional</animation>
				<control type="image">
					<include>PosterDimAndPos</include>
					<align>center</align>
					<aspectratio scalediffuse="false">stretch</aspectratio>
					<fadetime>IconCrossfadeTime</fadetime>
					<texture background="true" diffuse="thumbs/boxes/movieposter_mask.png" fallback="DefaultVideoCover.png">$VAR[Case1Var]</texture>
				</control>
				<control type="image">
					<include>CaseDimAndPos</include>
					<texture background="true" fallback="thumbs/boxes/p.png">$VAR[ResCase1Var]</texture>
				</control>
			</control>
		</control>
		<control type="group">
			<animation effect="fade" time="600">WindowOpen</animation>
			<animation effect="fade" time="600">VisibleChange</animation>
			<visible>[StringCompare(Container(9000).ListItem.Thumb,9) | StringCompare(Container(9000).ListItem.Thumb,10)] + Window.IsActive(home)</visible>
			<control type="group">
				<left>-200</left>
				<control type="group">
					<left>1120</left>
					<top>700</top>
					<animation effect="zoom" start="150" end="150" center="auto" time="0" condition="true">Conditional</animation>
					<animation effect="rotate" center="auto" start="9" end="9" time="0" condition="true">Conditional</animation>
					<control type="image">
						<left>54</left>
						<top>17</top>
						<width>302</width>
						<height>302</height>
						<fadetime>600</fadetime>
						<texture background="true" diffuse="thumbs/boxes/cdcover_mask_aa.png" fallback="DefaultAudio.png">$VAR[Case10Var]</texture>
						<aspectratio scalediffuse="false">scale</aspectratio>
					</control>
					<control type="image">
						<width>375</width>
						<height>342</height>
						<bordertexture>thumbs/boxes/cd_shadow_light.png</bordertexture>
						<texture background="true">thumbs/boxes/cd_glass.png</texture>
					</control>
				</control>
				<control type="group">
					<left>700</left>
					<animation effect="zoom" start="150" end="150" center="auto" time="0" condition="true">Conditional</animation>
					<animation effect="rotate" center="auto" start="65" end="65" time="0" condition="true">Conditional</animation>
					<control type="image">
						<left>54</left>
						<top>17</top>
						<width>302</width>
						<height>302</height>
						<fadetime>600</fadetime>
						<texture background="true" diffuse="thumbs/boxes/cdcover_mask_aa.png" fallback="DefaultAudio.png">$VAR[Case9Var]</texture>
						<aspectratio scalediffuse="false">scale</aspectratio>
					</control>
					<control type="image">
						<width>375</width>
						<height>342</height>
						<bordertexture>thumbs/boxes/cd_shadow_light.png</bordertexture>
						<texture background="true">thumbs/boxes/cd_glass.png</texture>
					</control>
				</control>
				<control type="group">
					<left>430</left>
					<top>100</top>
					<animation effect="zoom" start="150" end="150" center="auto" time="0" condition="true">Conditional</animation>
					<animation effect="rotate" center="auto" start="10" end="10" time="0" condition="true">Conditional</animation>
					<control type="image">
						<left>54</left>
						<top>17</top>
						<width>302</width>
						<height>302</height>
						<texture background="true" diffuse="thumbs/boxes/cdcover_mask_aa.png" fallback="DefaultAudio.png">$VAR[Case8Var]</texture>
						<fadetime>600</fadetime>
						<aspectratio scalediffuse="false">scale</aspectratio>
					</control>
					<control type="image">
						<width>375</width>
						<height>342</height>
						<bordertexture>thumbs/boxes/cd_shadow_light.png</bordertexture>
						<texture background="true">thumbs/boxes/cd_glass.png</texture>
					</control>
				</control>
				<control type="group">
					<left>1600</left>
					<top>200</top>
					<animation effect="zoom" start="150" end="150" center="auto" time="0" condition="true">Conditional</animation>
					<animation effect="rotate" center="auto" start="-20" end="-20" time="0" condition="true">Conditional</animation>
					<control type="image">
						<left>54</left>
						<top>17</top>
						<width>302</width>
						<height>302</height>
						<fadetime>600</fadetime>
						<texture background="true" diffuse="thumbs/boxes/cdcover_mask_aa.png" fallback="DefaultAudio.png">$VAR[Case7Var]</texture>
						<aspectratio scalediffuse="false">scale</aspectratio>
					</control>
					<control type="image">
						<width>375</width>
						<height>342</height>
						<bordertexture>thumbs/boxes/cd_shadow_light.png</bordertexture>
						<texture background="true">thumbs/boxes/cd_glass.png</texture>
					</control>
				</control>
				<control type="group">
					<left>1000</left>
					<top>50</top>
					<animation effect="zoom" start="150" end="150" center="auto" time="0" condition="true">Conditional</animation>
					<animation effect="rotate" center="auto" start="25" end="25" time="0" condition="true">Conditional</animation>
					<control type="image">
						<left>54</left>
						<top>17</top>
						<width>302</width>
						<height>302</height>
						<texture background="true" diffuse="thumbs/boxes/cdcover_mask_aa.png" fallback="DefaultAudio.png">$VAR[Case6Var]</texture>
						<fadetime>600</fadetime>
						<aspectratio scalediffuse="false">scale</aspectratio>
					</control>
					<control type="image">
						<width>375</width>
						<height>342</height>
						<bordertexture>thumbs/boxes/cd_shadow_light.png</bordertexture>
						<texture background="true">thumbs/boxes/cd_glass.png</texture>
					</control>
				</control>
				<control type="group">
					<left>1950</left>
					<top>-100</top>
					<animation effect="zoom" start="150" end="150" center="auto" time="0" condition="true">Conditional</animation>
					<animation effect="rotate" center="auto" start="75" end="75" time="0" condition="true">Conditional</animation>
					<control type="image">
						<left>54</left>
						<top>17</top>
						<width>302</width>
						<height>302</height>
						<fadetime>600</fadetime>
						<texture background="true" diffuse="thumbs/boxes/cdcover_mask_aa.png" fallback="DefaultAudio.png">$VAR[Case5Var]</texture>
						<aspectratio scalediffuse="false">scale</aspectratio>
					</control>
					<control type="image">
						<width>375</width>
						<height>342</height>
						<bordertexture>thumbs/boxes/cd_shadow_light.png</bordertexture>
						<texture background="true">thumbs/boxes/cd_glass.png</texture>
					</control>
				</control>
				<control type="group">
					<left>1700</left>
					<top>800</top>
					<animation effect="zoom" start="150" end="150" center="auto" time="0" condition="true">Conditional</animation>
					<animation effect="rotate" center="auto" start="45" end="45" time="0" condition="true">Conditional</animation>
					<control type="image">
						<left>54</left>
						<top>17</top>
						<width>302</width>
						<height>302</height>
						<fadetime>600</fadetime>
						<texture background="true" diffuse="thumbs/boxes/cdcover_mask_aa.png" fallback="DefaultAudio.png">$VAR[Case4Var]</texture>
						<aspectratio scalediffuse="false">scale</aspectratio>
					</control>
					<control type="image">
						<width>375</width>
						<height>342</height>
						<bordertexture>thumbs/boxes/cd_shadow_light.png</bordertexture>
						<texture background="true">thumbs/boxes/cd_glass.png</texture>
					</control>
				</control>
				<control type="group">
					<left>1470</left>
					<top>510</top>
					<animation effect="zoom" start="150" end="150" center="auto" time="0" condition="true">Conditional</animation>
					<animation effect="rotate" center="auto" start="-15" end="-15" time="0" condition="true">Conditional</animation>
					<control type="image">
						<left>54</left>
						<top>17</top>
						<width>302</width>
						<fadetime>600</fadetime>
						<height>302</height>
						<texture background="true" diffuse="thumbs/boxes/cdcover_mask_aa.png" fallback="DefaultAudio.png">$VAR[Case3Var]</texture>
						<aspectratio scalediffuse="false">scale</aspectratio>
					</control>
					<control type="image">
						<width>375</width>
						<height>342</height>
						<bordertexture>thumbs/boxes/cd_shadow_light.png</bordertexture>
						<texture background="true">thumbs/boxes/cd_glass.png</texture>
					</control>
				</control>
				<control type="group">
					<left>1020</left>
					<top>420</top>
					<animation effect="zoom" start="150" end="150" center="auto" time="0" condition="true">Conditional</animation>
					<animation effect="rotate" center="auto" start="-10" end="-10" time="0" condition="true">Conditional</animation>
					<control type="image">
						<left>54</left>
						<top>17</top>
						<width>302</width>
						<height>302</height>
						<fadetime>600</fadetime>
						<texture background="true" diffuse="thumbs/boxes/cdcover_mask_aa.png" fallback="DefaultAudio.png">$VAR[Case2Var]</texture>
						<aspectratio scalediffuse="false">scale</aspectratio>
					</control>
					<control type="image">
						<width>375</width>
						<height>342</height>
						<bordertexture>thumbs/boxes/cd_shadow_light.png</bordertexture>
						<texture background="true">thumbs/boxes/cd_glass.png</texture>
					</control>
				</control>
				<control type="group">
					<left>600</left>
					<top>400</top>
					<animation effect="zoom" start="150" end="150" center="auto" time="0" condition="true">Conditional</animation>
					<animation effect="rotate" center="auto" start="3" end="3" time="0" condition="true">Conditional</animation>
					<control type="image">
						<left>54</left>
						<top>17</top>
						<width>302</width>
						<height>302</height>
						<texture background="true" diffuse="thumbs/boxes/cdcover_mask_aa.png" fallback="DefaultAudio.png">$VAR[Case1Var]</texture>
						<fadetime>600</fadetime>
						<aspectratio scalediffuse="false">scale</aspectratio>
					</control>
					<control type="image">
						<width>375</width>
						<height>342</height>
						<bordertexture>thumbs/boxes/cd_shadow_light.png</bordertexture>
						<texture background="true">thumbs/boxes/cd_glass.png</texture>
					</control>
				</control>
			</control>
		</control>
		<control type="group">
			<visible>ListItem.IsCollection + !Control.IsVisible(701)</visible>
			<animation effect="fade" time="600">WindowOpen</animation>
			<animation effect="fade" time="600">VisibleChange</animation>
			<control type="group">
				<description>Case 10</description>
				<left>1170</left>
				<top>1030</top>
				<animation effect="zoom" start="180" end="180" center="auto" time="0" tween="linear" pulse="true" condition="true">Conditional</animation>
				<animation effect="rotate" center="auto" start="-65" end="-65" time="0" condition="true">Conditional</animation>
				<visible>!IsEmpty(Window(home).Property(Set.movie.9.Art(poster)))</visible>
				<control type="image">
					<include>PosterDimAndPos</include>
					<align>center</align>
					<aspectratio scalediffuse="false">stretch</aspectratio>
					<fadetime>IconCrossfadeTime</fadetime>
					<texture background="true" diffuse="thumbs/boxes/movieposter_mask.png">$INFO[Window(home).Property(Set.movie.9.Art(poster))]</texture>
				</control>
				<control type="image">
					<include>CaseDimAndPos</include>
					<texture background="true" fallback="thumbs/boxes/p.png">$VAR[CaseTypePathVar]$INFO[Window(home).Property(Set.movie.9.VideoResolution)]p.png</texture>
				</control>
			</control>
			<control type="group">
				<description>Case 9</description>
				<left>800</left>
				<top>0</top>
				<animation effect="zoom" start="180" end="180" center="auto" time="0" tween="linear" pulse="true" condition="true">Conditional</animation>
				<animation effect="rotate" center="auto" start="65" end="65" time="0" condition="true">Conditional</animation>
				<visible>!IsEmpty(Window(home).Property(Set.movie.8.Art(poster)))</visible>
				<control type="image">
					<include>PosterDimAndPos</include>
					<align>center</align>
					<aspectratio scalediffuse="false">stretch</aspectratio>
					<fadetime>IconCrossfadeTime</fadetime>
					<texture background="true" diffuse="thumbs/boxes/movieposter_mask.png">$INFO[Window(home).Property(Set.movie.8.Art(poster))]</texture>
				</control>
				<control type="image">
					<include>CaseDimAndPos</include>
					<texture background="true" fallback="thumbs/boxes/p.png">$VAR[CaseTypePathVar]$INFO[Window(home).Property(Set.movie.8.VideoResolution)]p.png</texture>
				</control>
			</control>
			<control type="group">
				<description>Case 8</description>
				<left>500</left>
				<top>150</top>
				<animation effect="zoom" start="180" end="180" center="auto" time="0" tween="linear" pulse="true" condition="true">Conditional</animation>
				<animation effect="rotate" center="auto" start="10" end="10" time="0" condition="true">Conditional</animation>
				<visible>!IsEmpty(Window(home).Property(Set.movie.5.Art(poster)))</visible>
				<control type="image">
					<include>PosterDimAndPos</include>
					<align>center</align>
					<aspectratio scalediffuse="false">stretch</aspectratio>
					<fadetime>IconCrossfadeTime</fadetime>
					<texture background="true" diffuse="thumbs/boxes/movieposter_mask.png">$INFO[Window(home).Property(Set.movie.5.Art(poster))]</texture>
				</control>
				<control type="image">
					<include>CaseDimAndPos</include>
					<texture background="true" fallback="thumbs/boxes/p.png">$VAR[CaseTypePathVar]$INFO[Window(home).Property(Set.movie.5.VideoResolution)]p.png</texture>
				</control>
			</control>
			<control type="group">
				<description>Case 7</description>
				<left>1550</left>
				<top>300</top>
				<animation effect="zoom" start="180" end="180" center="auto" time="0" tween="linear" pulse="true" condition="true">Conditional</animation>
				<animation effect="rotate" center="auto" start="-20" end="-20" time="0" condition="true">Conditional</animation>
				<visible>!IsEmpty(Window(home).Property(Set.movie.6.Art(poster)))</visible>
				<control type="image">
					<include>PosterDimAndPos</include>
					<align>center</align>
					<aspectratio scalediffuse="false">stretch</aspectratio>
					<fadetime>IconCrossfadeTime</fadetime>
					<texture background="true" diffuse="thumbs/boxes/movieposter_mask.png">$INFO[Window(home).Property(Set.movie.6.Art(poster))]</texture>
				</control>
				<control type="image">
					<include>CaseDimAndPos</include>
					<texture background="true" fallback="thumbs/boxes/p.png">$VAR[CaseTypePathVar]$INFO[Window(home).Property(Set.movie.6.VideoResolution)]p.png</texture>
				</control>
			</control>
			<control type="group">
				<description>Case 6</description>
				<left>1000</left>
				<top>170</top>
				<animation effect="zoom" start="180" end="180" center="auto" time="0" tween="linear" pulse="true" condition="true">Conditional</animation>
				<animation effect="rotate" center="auto" start="25" end="25" time="0" condition="true">Conditional</animation>
				<visible>!IsEmpty(Window(home).Property(Set.movie.4.Art(poster)))</visible>
				<control type="image">
					<include>PosterDimAndPos</include>
					<align>center</align>
					<aspectratio scalediffuse="false">stretch</aspectratio>
					<fadetime>IconCrossfadeTime</fadetime>
					<texture background="true" diffuse="thumbs/boxes/movieposter_mask.png">$INFO[Window(home).Property(Set.movie.4.Art(poster))]</texture>
				</control>
				<control type="image">
					<include>CaseDimAndPos</include>
					<texture background="true" fallback="thumbs/boxes/p.png">$VAR[CaseTypePathVar]$INFO[Window(home).Property(Set.movie.4.VideoResolution)]p.png</texture>
				</control>
			</control>
			<control type="group">
				<description>Case 5</description>
				<left>1900</left>
				<top>-100</top>
				<animation effect="zoom" start="180" end="180" center="auto" time="0" tween="linear" pulse="true" condition="true">Conditional</animation>
				<animation effect="rotate" center="auto" start="75" end="75" time="0" condition="true">Conditional</animation>
				<visible>!IsEmpty(Window(home).Property(Set.movie.7.Art(poster)))</visible>
				<control type="image">
					<include>PosterDimAndPos</include>
					<align>center</align>
					<aspectratio scalediffuse="false">stretch</aspectratio>
					<fadetime>IconCrossfadeTime</fadetime>
					<texture background="true" diffuse="thumbs/boxes/movieposter_mask.png">$INFO[Window(home).Property(Set.movie.7.Art(poster))]</texture>
				</control>
				<control type="image">
					<include>CaseDimAndPos</include>
					<texture background="true" fallback="thumbs/boxes/p.png">$VAR[CaseTypePathVar]$INFO[Window(home).Property(Set.movie.7.VideoResolution)]p.png</texture>
				</control>
			</control>
			<control type="group">
				<description>Case 4</description>
				<left>1500</left>
				<top>800</top>
				<animation effect="zoom" start="180" end="180" center="auto" time="0" tween="linear" pulse="true" condition="true">Conditional</animation>
				<animation effect="rotate" center="auto" start="45" end="45" time="0" condition="true">Conditional</animation>
				<visible>!IsEmpty(Window(home).Property(Set.movie.10.Art(poster)))</visible>
				<control type="image">
					<include>PosterDimAndPos</include>
					<align>center</align>
					<aspectratio scalediffuse="false">stretch</aspectratio>
					<fadetime>IconCrossfadeTime</fadetime>
					<texture background="true" diffuse="thumbs/boxes/movieposter_mask.png">$INFO[Window(home).Property(Set.movie.10.Art(poster))]</texture>
				</control>
				<control type="image">
					<include>CaseDimAndPos</include>
					<texture background="true" fallback="thumbs/boxes/p.png">$VAR[CaseTypePathVar]$INFO[Window(home).Property(Set.movie.10.VideoResolution)]p.png</texture>
				</control>
			</control>
			<control type="group">
				<description>Case 3</description>
				<left>1450</left>
				<top>650</top>
				<animation effect="zoom" start="180" end="180" center="auto" time="0" tween="linear" pulse="true" condition="true">Conditional</animation>
				<animation effect="rotate" center="auto" start="-35" end="-35" time="0" condition="true">Conditional</animation>
				<visible>!IsEmpty(Window(home).Property(Set.movie.3.Art(poster)))</visible>
				<control type="image">
					<include>PosterDimAndPos</include>
					<align>center</align>
					<aspectratio scalediffuse="false">stretch</aspectratio>
					<fadetime>IconCrossfadeTime</fadetime>
					<texture background="true" diffuse="thumbs/boxes/movieposter_mask.png">$INFO[Window(home).Property(Set.movie.3.Art(poster))]</texture>
				</control>
				<control type="image">
					<include>CaseDimAndPos</include>
					<texture background="true" fallback="thumbs/boxes/p.png">$VAR[CaseTypePathVar]$INFO[Window(home).Property(Set.movie.3.VideoResolution)]p.png</texture>
				</control>
			</control>
			<control type="group">
				<description>Case 2</description>
				<left>1100</left>
				<top>400</top>
				<animation effect="zoom" start="180" end="180" center="auto" time="0" tween="linear" pulse="true" condition="true">Conditional</animation>
				<animation effect="rotate" center="auto" start="-10" end="-10" time="0" condition="true">Conditional</animation>
				<visible>!IsEmpty(Window(home).Property(Set.movie.2.Art(poster)))</visible>
				<control type="image">
					<include>PosterDimAndPos</include>
					<align>center</align>
					<aspectratio scalediffuse="false">stretch</aspectratio>
					<fadetime>IconCrossfadeTime</fadetime>
					<texture background="true" diffuse="thumbs/boxes/movieposter_mask.png">$INFO[Window(home).Property(Set.movie.2.Art(poster))]</texture>
				</control>
				<control type="image">
					<include>CaseDimAndPos</include>
					<texture background="true" fallback="thumbs/boxes/p.png">$VAR[CaseTypePathVar]$INFO[Window(home).Property(Set.movie.2.VideoResolution)]p.png</texture>
				</control>
			</control>
			<control type="group">
				<description>Case 1</description>
				<left>700</left>
				<top>400</top>
				<animation effect="zoom" start="180" end="180" center="auto" time="0" tween="linear" pulse="true" condition="true">Conditional</animation>
				<animation effect="rotate" center="auto" start="3" end="3" time="0" condition="true">Conditional</animation>
				<visible>!IsEmpty(Window(home).Property(Set.movie.1.Art(poster)))</visible>
				<control type="image">
					<include>PosterDimAndPos</include>
					<align>center</align>
					<aspectratio scalediffuse="false">stretch</aspectratio>
					<fadetime>IconCrossfadeTime</fadetime>
					<texture background="true" diffuse="thumbs/boxes/movieposter_mask.png">$INFO[Window(home).Property(Set.movie.1.Art(poster))]</texture>
				</control>
				<control type="image">
					<include>CaseDimAndPos</include>
					<texture background="true" fallback="thumbs/boxes/p.png">$VAR[CaseTypePathVar]$INFO[Window(home).Property(Set.movie.1.VideoResolution)]p.png</texture>
				</control>
			</control>
		</control>
	</include>
	<!-- Cases Content Var -->
	<variable name="CaseContentVar">
		<value condition="StringCompare(Container(9000).ListItem.Thumb,7)">special://skin/extras/playlists/recentmovies.xsp</value>
		<value condition="StringCompare(Container(9000).ListItem.Thumb,8)">special://skin/extras/playlists/recentepisodes.xsp</value>
		<value condition="StringCompare(Container(9000).ListItem.Thumb,9)">plugin://service.library.data.provider?type=randomsongs&amp;reload=$INFO[Window.Property(randomsongs)]</value>
		<value condition="StringCompare(Container(9000).ListItem.Thumb,10)">plugin://service.library.data.provider?type=randomalbums&amp;reload=$INFO[Window.Property(randomalbums)]</value>
		<value condition="StringCompare(Container(9000).ListItem.Thumb,11)">special://skin/extras/playlists/randommovies.xsp</value>
		<value condition="StringCompare(Container(9000).ListItem.Thumb,12)">special://skin/extras/playlists/randomepisodes.xsp</value>
		<value condition="StringCompare(Container(9000).ListItem.Property(BGType),5) | StringCompare(Container(9000).ListItem.Property(BGType),7)">$INFO[Container(9000).ListItem.Thumb]</value>
		<value>$INFO[Container(9000).ListItem.Thumb]</value>
	</variable>
	<!-- Cases Background Vars-->
	<variable name="Case1Var">
		<value condition="!IsEmpty(Container(9031).ListItem(0).Art(tvshow.poster))">$INFO[Container(9031).ListItem(0).Art(tvshow.poster)]</value>
		<value condition="!IsEmpty(Container(9031).ListItem(0).Art(poster))">$INFO[Container(9031).ListItem(0).Art(poster)]</value>
		<value>$INFO[Container(9031).ListItem(0).Icon]</value>
	</variable>
	<variable name="Case2Var">
		<value condition="!IsEmpty(Container(9031).ListItem(1).Art(tvshow.poster))">$INFO[Container(9031).ListItem(1).Art(tvshow.poster)]</value>
		<value condition="!IsEmpty(Container(9031).ListItem(1).Art(poster))">$INFO[Container(9031).ListItem(1).Art(poster)]</value>
		<value>$INFO[Container(9031).ListItem(1).Icon]</value>
	</variable>
	<variable name="Case3Var">
		<value condition="!IsEmpty(Container(9031).ListItem(2).Art(tvshow.poster))">$INFO[Container(9031).ListItem(2).Art(tvshow.poster)]</value>
		<value condition="!IsEmpty(Container(9031).ListItem((2).Art(poster)))">$INFO[Container(9031).ListItem(2).Art(poster)]</value>
		<value>$INFO[Container(9031).ListItem(2).Icon]</value>
	</variable>
	<variable name="Case4Var">
		<value condition="!IsEmpty(Container(9031).ListItem(9).Art(tvshow.poster))">$INFO[Container(9031).ListItem(9).Art(tvshow.poster)]</value>
		<value condition="!IsEmpty(Container(9031).ListItem(9).Art(poster))">$INFO[Container(9031).ListItem(9).Art(poster)]</value>
		<value>$INFO[Container(9031).ListItem(9).Icon]</value>
	</variable>
	<variable name="Case5Var">
		<value condition="!IsEmpty(Container(9031).ListItem(7).Art(tvshow.poster))">$INFO[Container(9031).ListItem(7).Art(tvshow.poster)]</value>
		<value condition="!IsEmpty(Container(9031).ListItem(7).Art(poster))">$INFO[Container(9031).ListItem(7).Art(poster)]</value>
		<value>$INFO[Container(9031).ListItem(7).Icon]</value>
	</variable>
	<variable name="Case6Var">
		<value condition="!IsEmpty(Container(9031).ListItem(3).Art(tvshow.poster))">$INFO[Container(9031).ListItem(3).Art(tvshow.poster)]</value>
		<value condition="!IsEmpty(Container(9031).ListItem(3).Art(poster))">$INFO[Container(9031).ListItem(3).Art(poster)]</value>
		<value>$INFO[Container(9031).ListItem(3).Icon]</value>
	</variable>
	<variable name="Case7Var">
		<value condition="!IsEmpty(Container(9031).ListItem(8).Art(tvshow.poster))">$INFO[Container(9031).ListItem(8).Art(tvshow.poster)]</value>
		<value condition="!IsEmpty(Container(9031).ListItem(8).Art(poster))">$INFO[Container(9031).ListItem(8).Art(poster)]</value>
		<value>$INFO[Container(9031).ListItem(8).Icon]</value>
	</variable>
	<variable name="Case8Var">
		<value condition="!IsEmpty(Container(9031).ListItem(4).Art(tvshow.poster))">$INFO[Container(9031).ListItem(4).Art(tvshow.poster)]</value>
		<value condition="!IsEmpty(Container(9031).ListItem(4).Art(poster))">$INFO[Container(9031).ListItem(4).Art(poster)]</value>
		<value>$INFO[Container(9031).ListItem(4).Icon]</value>
	</variable>
	<variable name="Case9Var">
		<value condition="!IsEmpty(Container(9031).ListItem(5).Art(tvshow.poster))">$INFO[Container(9031).ListItem(5).Art(tvshow.poster)]</value>
		<value condition="!IsEmpty(Container(9031).ListItem(5).Art(poster))">$INFO[Container(9031).ListItem(5).Art(poster)]</value>
		<value>$INFO[Container(9031).ListItem(5).Icon]</value>
	</variable>
	<variable name="Case10Var">
		<value condition="!IsEmpty(Container(9031).ListItem(6).Art(tvshow.poster))">$INFO[Container(9031).ListItem(6).Art(tvshow.poster)]</value>
		<value condition="!IsEmpty(Container(9031).ListItem(6).Art(poster))">$INFO[Container(9031).ListItem(6).Art(poster)]</value>
		<value>$INFO[Container(9031).ListItem(6).Icon]</value>
	</variable>
	<variable name="ResCase1Var">
		<value condition="SubString(Container(9031).ListItem(0).Filename,3d) | SubString(Container(9031).ListItem(0).Filename,3dbd)">$VAR[CaseTypePathVar]3d.png</value>
		<value condition="SubString(Container(9031).ListItem(0).Filename,hddvd)">$VAR[CaseTypePathVar]hddvd.png</value>
		<value condition="SubString(Container(9031).ListItem(0).Filename,hdtv) | SubString(Container(9031).ListItem(0).Filename,hd tv)">$VAR[CaseTypePathVar]hdtv.png</value>
		<value condition="SubString(Container(9031).ListItem(0).Filename,webdl) | SubString(Container(9031).ListItem(0).Filename,web-dl)">$VAR[CaseTypePathVar]webdl.png</value>
		<value condition="SubString(Container(9031).ListItem(0).Filename,screener)">$VAR[CaseTypePathVar]screener.png</value>
		<value condition="!Skin.HasSetting(useclearcases)">$INFO[Container(9031).ListItem(0).VideoResolution,thumbs/boxes/,p.png]</value>
		<value condition="Skin.HasSetting(useclearcases)">$INFO[Container(9031).ListItem(0).VideoResolution,thumbs/boxes/clearcases/,p.png]</value>
	</variable>
	<variable name="ResCase2Var">
		<value condition="SubString(Container(9031).ListItem(1).Filename,3d) | SubString(Container(9031).ListItem(1).Filename,3dbd)">$VAR[CaseTypePathVar]3d.png</value>
		<value condition="SubString(Container(9031).ListItem(1).Filename,hddvd)">$VAR[CaseTypePathVar]hddvd.png</value>
		<value condition="SubString(Container(9031).ListItem(1).Filename,hdtv) | SubString(Container(9031).ListItem(1).Filename,hd tv)">$VAR[CaseTypePathVar]hdtv.png</value>
		<value condition="SubString(Container(9031).ListItem(1).Filename,webdl) | SubString(Container(9031).ListItem(1).Filename,web-dl)">$VAR[CaseTypePathVar]webdl.png</value>
		<value condition="SubString(Container(9031).ListItem(1).Filename,screener)">$VAR[CaseTypePathVar]screener.png</value>
		<value condition="!Skin.HasSetting(useclearcases)">$INFO[Container(9031).ListItem(1).VideoResolution,thumbs/boxes/,p.png]</value>
		<value condition="Skin.HasSetting(useclearcases)">$INFO[Container(9031).ListItem(1).VideoResolution,thumbs/boxes/clearcases/,p.png]</value>
	</variable>
	<variable name="ResCase3Var">
		<value condition="SubString(Container(9031).ListItem(2).Filename,3d) | SubString(Container(9031).ListItem(2).Filename,3dbd)">$VAR[CaseTypePathVar]3d.png</value>
		<value condition="SubString(Container(9031).ListItem(2).Filename,hddvd)">$VAR[CaseTypePathVar]hddvd.png</value>
		<value condition="SubString(Container(9031).ListItem(2).Filename,hdtv) | SubString(Container(9031).ListItem(2).Filename,hd tv)">$VAR[CaseTypePathVar]hdtv.png</value>
		<value condition="SubString(Container(9031).ListItem(2).Filename,webdl) | SubString(Container(9031).ListItem(2).Filename,web-dl)">$VAR[CaseTypePathVar]webdl.png</value>
		<value condition="SubString(Container(9031).ListItem(2).Filename,screener)">$VAR[CaseTypePathVar]screener.png</value>
		<value condition="!Skin.HasSetting(useclearcases)">$INFO[Container(9031).ListItem(2).VideoResolution,thumbs/boxes/,p.png]</value>
		<value condition="Skin.HasSetting(useclearcases)">$INFO[Container(9031).ListItem(2).VideoResolution,thumbs/boxes/clearcases/,p.png]</value>
	</variable>
	<variable name="ResCase4Var">
		<value condition="SubString(Container(9031).ListItem(9).Filename,3d) | SubString(Container(9031).ListItem(9).Filename,3dbd)">$VAR[CaseTypePathVar]3d.png</value>
		<value condition="SubString(Container(9031).ListItem(9).Filename,hddvd)">$VAR[CaseTypePathVar]hddvd.png</value>
		<value condition="SubString(Container(9031).ListItem(9).Filename,hdtv) | SubString(Container(9031).ListItem(9).Filename,hd tv)">$VAR[CaseTypePathVar]hdtv.png</value>
		<value condition="SubString(Container(9031).ListItem(9).Filename,webdl) | SubString(Container(9031).ListItem(9).Filename,web-dl)">$VAR[CaseTypePathVar]webdl.png</value>
		<value condition="SubString(Container(9031).ListItem(9).Filename,screener)">$VAR[CaseTypePathVar]screener.png</value>
		<value condition="!Skin.HasSetting(useclearcases)">$INFO[Container(9031).ListItem(9).VideoResolution,thumbs/boxes/,p.png]</value>
		<value condition="Skin.HasSetting(useclearcases)">$INFO[Container(9031).ListItem(9).VideoResolution,thumbs/boxes/clearcases/,p.png]</value>
	</variable>
	<variable name="ResCase5Var">
		<value condition="SubString(Container(9031).ListItem(7).Filename,3d) | SubString(Container(9031).ListItem(7).Filename,3dbd)">$VAR[CaseTypePathVar]3d.png</value>
		<value condition="SubString(Container(9031).ListItem(7).Filename,hddvd)">$VAR[CaseTypePathVar]hddvd.png</value>
		<value condition="SubString(Container(9031).ListItem(7).Filename,hdtv) | SubString(Container(9031).ListItem(7).Filename,hd tv)">$VAR[CaseTypePathVar]hdtv.png</value>
		<value condition="SubString(Container(9031).ListItem(7).Filename,webdl) | SubString(Container(9031).ListItem(7).Filename,web-dl)">$VAR[CaseTypePathVar]webdl.png</value>
		<value condition="SubString(Container(9031).ListItem(7).Filename,screener)">$VAR[CaseTypePathVar]screener.png</value>
		<value condition="!Skin.HasSetting(useclearcases)">$INFO[Container(9031).ListItem(7).VideoResolution,thumbs/boxes/,p.png]</value>
		<value condition="Skin.HasSetting(useclearcases)">$INFO[Container(9031).ListItem(7).VideoResolution,thumbs/boxes/clearcases/,p.png]</value>
	</variable>
	<variable name="ResCase6Var">
		<value condition="SubString(Container(9031).ListItem(3).Filename,3d) | SubString(Container(9031).ListItem(3).Filename,3dbd)">$VAR[CaseTypePathVar]3d.png</value>
		<value condition="SubString(Container(9031).ListItem(3).Filename,hddvd)">$VAR[CaseTypePathVar]hddvd.png</value>
		<value condition="SubString(Container(9031).ListItem(3).Filename,hdtv) | SubString(Container(9031).ListItem(3).Filename,hd tv)">$VAR[CaseTypePathVar]hdtv.png</value>
		<value condition="SubString(Container(9031).ListItem(3).Filename,webdl) | SubString(Container(9031).ListItem(3).Filename,web-dl)">$VAR[CaseTypePathVar]webdl.png</value>
		<value condition="SubString(Container(9031).ListItem(3).Filename,screener)">$VAR[CaseTypePathVar]screener.png</value>
		<value condition="!Skin.HasSetting(useclearcases)">$INFO[Container(9031).ListItem(3).VideoResolution,thumbs/boxes/,p.png]</value>
		<value condition="Skin.HasSetting(useclearcases)">$INFO[Container(9031).ListItem(3).VideoResolution,thumbs/boxes/clearcases/,p.png]</value>
	</variable>
	<variable name="ResCase7Var">
		<value condition="SubString(Container(9031).ListItem(8).Filename,3d) | SubString(Container(9031).ListItem(8).Filename,3dbd)">$VAR[CaseTypePathVar]3d.png</value>
		<value condition="SubString(Container(9031).ListItem(8).Filename,hddvd)">$VAR[CaseTypePathVar]hddvd.png</value>
		<value condition="SubString(Container(9031).ListItem(8).Filename,hdtv) | SubString(Container(9031).ListItem(8).Filename,hd tv)">$VAR[CaseTypePathVar]hdtv.png</value>
		<value condition="SubString(Container(9031).ListItem(8).Filename,webdl) | SubString(Container(9031).ListItem(8).Filename,web-dl)">$VAR[CaseTypePathVar]webdl.png</value>
		<value condition="SubString(Container(9031).ListItem(8).Filename,screener)">$VAR[CaseTypePathVar]screener.png</value>
		<value condition="!Skin.HasSetting(useclearcases)">$INFO[Container(9031).ListItem(8).VideoResolution,thumbs/boxes/,p.png]</value>
		<value condition="Skin.HasSetting(useclearcases)">$INFO[Container(9031).ListItem(8).VideoResolution,thumbs/boxes/clearcases/,p.png]</value>
	</variable>
	<variable name="ResCase8Var">
		<value condition="SubString(Container(9031).ListItem(4).Filename,3d) | SubString(Container(9031).ListItem(4).Filename,3dbd)">$VAR[CaseTypePathVar]3d.png</value>
		<value condition="SubString(Container(9031).ListItem(4).Filename,hddvd)">$VAR[CaseTypePathVar]hddvd.png</value>
		<value condition="SubString(Container(9031).ListItem(4).Filename,hdtv) | SubString(Container(9031).ListItem(4).Filename,hd tv)">$VAR[CaseTypePathVar]hdtv.png</value>
		<value condition="SubString(Container(9031).ListItem(4).Filename,webdl) | SubString(Container(9031).ListItem(4).Filename,web-dl)">$VAR[CaseTypePathVar]webdl.png</value>
		<value condition="SubString(Container(9031).ListItem(4).Filename,screener)">$VAR[CaseTypePathVar]screener.png</value>
		<value condition="!Skin.HasSetting(useclearcases)">$INFO[Container(9031).ListItem(4).VideoResolution,thumbs/boxes/,p.png]</value>
		<value condition="Skin.HasSetting(useclearcases)">$INFO[Container(9031).ListItem(4).VideoResolution,thumbs/boxes/clearcases/,p.png]</value>
	</variable>
	<variable name="ResCase9Var">
		<value condition="SubString(Container(9031).ListItem(5).Filename,3d) | SubString(Container(9031).ListItem(5).Filename,3dbd)">$VAR[CaseTypePathVar]3d.png</value>
		<value condition="SubString(Container(9031).ListItem(5).Filename,hddvd)">$VAR[CaseTypePathVar]hddvd.png</value>
		<value condition="SubString(Container(9031).ListItem(5).Filename,hdtv) | SubString(Container(9031).ListItem(5).Filename,hd tv)">$VAR[CaseTypePathVar]hdtv.png</value>
		<value condition="SubString(Container(9031).ListItem(5).Filename,webdl) | SubString(Container(9031).ListItem(5).Filename,web-dl)">$VAR[CaseTypePathVar]webdl.png</value>
		<value condition="SubString(Container(9031).ListItem(5).Filename,screener)">$VAR[CaseTypePathVar]screener.png</value>
		<value condition="!Skin.HasSetting(useclearcases)">$INFO[Container(9031).ListItem(5).VideoResolution,thumbs/boxes/,p.png]</value>
		<value condition="Skin.HasSetting(useclearcases)">$INFO[Container(9031).ListItem(5).VideoResolution,thumbs/boxes/clearcases/,p.png]</value>
	</variable>
	<variable name="ResCase10Var">
		<value condition="SubString(Container(9031).ListItem(6).Filename,3d) | SubString(Container(9031).ListItem(6).Filename,3dbd)">$VAR[CaseTypePathVar]3d.png</value>
		<value condition="SubString(Container(9031).ListItem(6).Filename,hddvd)">$VAR[CaseTypePathVar]hddvd.png</value>
		<value condition="SubString(Container(9031).ListItem(6).Filename,hdtv) | SubString(Container(9031).ListItem(6).Filename,hd tv)">$VAR[CaseTypePathVar]hdtv.png</value>
		<value condition="SubString(Container(9031).ListItem(6).Filename,webdl) | SubString(Container(9031).ListItem(6).Filename,web-dl)">$VAR[CaseTypePathVar]webdl.png</value>
		<value condition="SubString(Container(9031).ListItem(6).Filename,screener)">$VAR[CaseTypePathVar]screener.png</value>
		<value condition="!Skin.HasSetting(useclearcases)">$INFO[Container(9031).ListItem(6).VideoResolution,thumbs/boxes/,p.png]</value>
		<value condition="Skin.HasSetting(useclearcases)">$INFO[Container(9031).ListItem(6).VideoResolution,thumbs/boxes/clearcases/,p.png]</value>
	</variable>
</includes>
