<?xml version='1.0' encoding='UTF-8'?>
<includes>
	<include name="skinshortcuts-mainmenu" />
	<include />
	<include name="skinshortcuts-submenu">
		<item id="1">
			<property name="id">$NUM[1]</property>
			<label>$LOCALIZE[342]</label>
			<label2 />
			<icon />
			<thumb />
			<property name="labelID">movies</property>
			<property name="defaultID">movies</property>
			<visible>[Library.HasContent(Movies)] + StringCompare(Container(9000).ListItem.Property(submenuVisibility),x2)</visible>
			<onclick>ActivateWindow(Videos,Movies,root)</onclick>
			<property name="path">ActivateWindow(Videos,Movies,root)</property>
			<property name="list">Movies</property>
			<visible>StringCompare(System.ProfileName,Master user)</visible>
			<property name="group">x2</property>
			<property name="isSubmenu">True</property>
		</item>
		<item id="2">
			<property name="id">$NUM[2]</property>
			<label>$LOCALIZE[20343]</label>
			<label2 />
			<icon />
			<thumb />
			<property name="labelID">tvshows</property>
			<property name="defaultID">tvshows</property>
			<visible>[Library.HasContent(TVShows)] + StringCompare(Container(9000).ListItem.Property(submenuVisibility),x2)</visible>
			<onclick>ActivateWindow(Videos,TvShows,root)</onclick>
			<property name="path">ActivateWindow(Videos,TvShows,root)</property>
			<property name="list">TvShows</property>
			<visible>StringCompare(System.ProfileName,Master user)</visible>
			<property name="group">x2</property>
			<property name="isSubmenu">True</property>
		</item>
		<item id="3">
			<property name="id">$NUM[3]</property>
			<label>$LOCALIZE[24001]</label>
			<label2 />
			<icon />
			<thumb />
			<property name="labelID">24001</property>
			<property name="defaultID">24001</property>
			<onclick>ActivateWindow(Videos,Addons,return)</onclick>
			<property name="path">ActivateWindow(Videos,Addons,return)</property>
			<property name="list">Addons</property>
			<visible>[StringCompare(System.ProfileName,Master user)] + StringCompare(Container(9000).ListItem.Property(submenuVisibility),x2)</visible>
			<property name="group">x2</property>
			<property name="isSubmenu">True</property>
		</item>
		<item id="4">
			<property name="id">$NUM[4]</property>
			<label>$LOCALIZE[744]</label>
			<label2 />
			<icon />
			<thumb />
			<property name="labelID">744</property>
			<property name="defaultID">744</property>
			<onclick>ActivateWindow(Videos,Files,return)</onclick>
			<property name="path">ActivateWindow(Videos,Files,return)</property>
			<property name="list">Files</property>
			<visible>[StringCompare(System.ProfileName,Master user)] + StringCompare(Container(9000).ListItem.Property(submenuVisibility),x2)</visible>
			<property name="group">x2</property>
			<property name="isSubmenu">True</property>
		</item>
		<item id="5">
			<property name="id">$NUM[5]</property>
			<label>$LOCALIZE[136]</label>
			<label2 />
			<icon />
			<thumb />
			<property name="labelID">136</property>
			<property name="defaultID">136</property>
			<onclick>ActivateWindow(Videos,Playlists,return)</onclick>
			<property name="path">ActivateWindow(Videos,Playlists,return)</property>
			<property name="list">Playlists</property>
			<visible>[StringCompare(System.ProfileName,Master user)] + StringCompare(Container(9000).ListItem.Property(submenuVisibility),x2)</visible>
			<property name="group">x2</property>
			<property name="isSubmenu">True</property>
		</item>
		<item id="6">
			<property name="id">$NUM[6]</property>
			<label>$LOCALIZE[14022]</label>
			<label2 />
			<icon />
			<thumb />
			<property name="labelID">14022</property>
			<property name="defaultID">14022</property>
			<onclick>ActivateWindow(Videos,Root)</onclick>
			<property name="path">ActivateWindow(Videos,Root)</property>
			<property name="list">Root</property>
			<visible>[StringCompare(System.ProfileName,Master user)] + StringCompare(Container(9000).ListItem.Property(submenuVisibility),x2)</visible>
			<property name="group">x2</property>
			<property name="isSubmenu">True</property>
		</item>
		<item id="1">
			<property name="id">$NUM[1]</property>
			<label>$LOCALIZE[133]</label>
			<label2 />
			<icon />
			<thumb />
			<property name="labelID">133</property>
			<property name="defaultID">133</property>
			<visible>[Library.HasContent(Music)] + StringCompare(Container(9000).ListItem.Property(submenuVisibility),x3)</visible>
			<onclick>ActivateWindow(MusicLibrary,Artists,return)</onclick>
			<property name="path">ActivateWindow(MusicLibrary,Artists,return)</property>
			<property name="list">Artists</property>
			<visible>StringCompare(System.ProfileName,Master user)</visible>
			<property name="group">x3</property>
			<property name="isSubmenu">True</property>
		</item>
		<item id="2">
			<property name="id">$NUM[2]</property>
			<label>$LOCALIZE[132]</label>
			<label2 />
			<icon />
			<thumb />
			<property name="labelID">132</property>
			<property name="defaultID">132</property>
			<visible>[Library.HasContent(Music)] + StringCompare(Container(9000).ListItem.Property(submenuVisibility),x3)</visible>
			<onclick>ActivateWindow(MusicLibrary,Albums,return)</onclick>
			<property name="path">ActivateWindow(MusicLibrary,Albums,return)</property>
			<property name="list">Albums</property>
			<visible>StringCompare(System.ProfileName,Master user)</visible>
			<property name="group">x3</property>
			<property name="isSubmenu">True</property>
		</item>
		<item id="3">
			<property name="id">$NUM[3]</property>
			<label>$LOCALIZE[134]</label>
			<label2 />
			<icon />
			<thumb />
			<property name="labelID">134</property>
			<property name="defaultID">134</property>
			<visible>[Library.HasContent(Music)] + StringCompare(Container(9000).ListItem.Property(submenuVisibility),x3)</visible>
			<onclick>ActivateWindow(MusicLibrary,Songs,return)</onclick>
			<property name="path">ActivateWindow(MusicLibrary,Songs,return)</property>
			<property name="list">Songs</property>
			<visible>StringCompare(System.ProfileName,Master user)</visible>
			<property name="group">x3</property>
			<property name="isSubmenu">True</property>
		</item>
		<item id="4">
			<property name="id">$NUM[4]</property>
			<label>$LOCALIZE[744]</label>
			<label2 />
			<icon />
			<thumb />
			<property name="labelID">744</property>
			<property name="defaultID">744</property>
			<onclick>ActivateWindow(MusicFiles)</onclick>
			<property name="path">ActivateWindow(MusicFiles)</property>
			<property name="list">MusicFiles</property>
			<visible>[StringCompare(System.ProfileName,Master user)] + StringCompare(Container(9000).ListItem.Property(submenuVisibility),x3)</visible>
			<property name="group">x3</property>
			<property name="isSubmenu">True</property>
		</item>
		<item id="5">
			<property name="id">$NUM[5]</property>
			<label>$LOCALIZE[24001]</label>
			<label2 />
			<icon />
			<thumb />
			<property name="labelID">24001</property>
			<property name="defaultID">24001</property>
			<onclick>ActivateWindow(MusicLibrary,Addons,return)</onclick>
			<property name="path">ActivateWindow(MusicLibrary,Addons,return)</property>
			<property name="list">Addons</property>
			<visible>[StringCompare(System.ProfileName,Master user)] + StringCompare(Container(9000).ListItem.Property(submenuVisibility),x3)</visible>
			<property name="group">x3</property>
			<property name="isSubmenu">True</property>
		</item>
		<item id="6">
			<property name="id">$NUM[6]</property>
			<label>$LOCALIZE[14022]</label>
			<label2 />
			<icon />
			<thumb />
			<property name="labelID">14022</property>
			<property name="defaultID">14022</property>
			<visible>[Library.HasContent(Music)] + StringCompare(Container(9000).ListItem.Property(submenuVisibility),x3)</visible>
			<onclick>ActivateWindow(MusicLibrary,root)</onclick>
			<property name="path">ActivateWindow(MusicLibrary,root)</property>
			<property name="list">root</property>
			<visible>StringCompare(System.ProfileName,Master user)</visible>
			<property name="group">x3</property>
			<property name="isSubmenu">True</property>
		</item>
		<item id="1">
			<property name="id">$NUM[1]</property>
			<label>$LOCALIZE[24001]</label>
			<label2 />
			<icon />
			<thumb />
			<property name="labelID">24001</property>
			<property name="defaultID">24001</property>
			<onclick>ActivateWindow(Pictures,Addons,return)</onclick>
			<property name="path">ActivateWindow(Pictures,Addons,return)</property>
			<property name="list">Addons</property>
			<visible>[StringCompare(System.ProfileName,Master user)] + StringCompare(Container(9000).ListItem.Property(submenuVisibility),x4)</visible>
			<property name="group">x4</property>
			<property name="isSubmenu">True</property>
		</item>
		<item id="1">
			<property name="id">$NUM[1]</property>
			<label>$LOCALIZE[24001]</label>
			<label2 />
			<icon />
			<thumb />
			<property name="labelID">24001</property>
			<property name="defaultID">24001</property>
			<onclick>ActivateWindow(AddonBrowser)</onclick>
			<property name="path">ActivateWindow(AddonBrowser)</property>
			<property name="list">AddonBrowser</property>
			<visible>[StringCompare(System.ProfileName,Master user)] + StringCompare(Container(9000).ListItem.Property(submenuVisibility),x5)</visible>
			<property name="group">x5</property>
			<property name="isSubmenu">True</property>
		</item>
		<item id="2">
			<property name="id">$NUM[2]</property>
			<label>$LOCALIZE[20077]</label>
			<label2 />
			<icon />
			<thumb />
			<property name="labelID">20077</property>
			<property name="defaultID">20077</property>
			<onclick>ActivateWindow(SkinSettings)</onclick>
			<property name="path">ActivateWindow(SkinSettings)</property>
			<property name="list">SkinSettings</property>
			<visible>[StringCompare(System.ProfileName,Master user)] + StringCompare(Container(9000).ListItem.Property(submenuVisibility),x5)</visible>
			<property name="group">x5</property>
			<property name="isSubmenu">True</property>
		</item>
		<item id="3">
			<property name="id">$NUM[3]</property>
			<label>$LOCALIZE[7]</label>
			<label2 />
			<icon />
			<thumb />
			<property name="labelID">7</property>
			<property name="defaultID">7</property>
			<onclick>ActivateWindow(FileManager)</onclick>
			<property name="path">ActivateWindow(FileManager)</property>
			<property name="list">FileManager</property>
			<visible>[StringCompare(System.ProfileName,Master user)] + StringCompare(Container(9000).ListItem.Property(submenuVisibility),x5)</visible>
			<property name="group">x5</property>
			<property name="isSubmenu">True</property>
		</item>
		<item id="4">
			<property name="id">$NUM[4]</property>
			<label>$LOCALIZE[13200]</label>
			<label2 />
			<icon />
			<thumb />
			<property name="labelID">13200</property>
			<property name="defaultID">13200</property>
			<onclick>ActivateWindow(Profiles)</onclick>
			<property name="path">ActivateWindow(Profiles)</property>
			<property name="list">Profiles</property>
			<visible>[StringCompare(System.ProfileName,Master user)] + StringCompare(Container(9000).ListItem.Property(submenuVisibility),x5)</visible>
			<property name="group">x5</property>
			<property name="isSubmenu">True</property>
		</item>
		<item id="5">
			<property name="id">$NUM[5]</property>
			<label>$LOCALIZE[130]</label>
			<label2 />
			<icon />
			<thumb />
			<property name="labelID">130</property>
			<property name="defaultID">130</property>
			<onclick>ActivateWindow(SystemInfo)</onclick>
			<property name="path">ActivateWindow(SystemInfo)</property>
			<property name="list">SystemInfo</property>
			<visible>[StringCompare(System.ProfileName,Master user)] + StringCompare(Container(9000).ListItem.Property(submenuVisibility),x5)</visible>
			<property name="group">x5</property>
			<property name="isSubmenu">True</property>
		</item>
		<item id="1">
			<property name="id">$NUM[1]</property>
			<label>$LOCALIZE[13016]</label>
			<label2 />
			<icon />
			<thumb />
			<property name="labelID">13016</property>
			<property name="defaultID">13016</property>
			<visible>[System.CanPowerDown] + StringCompare(Container(9000).ListItem.Property(submenuVisibility),x6)</visible>
			<onclick>Powerdown()</onclick>
			<property name="path">Powerdown()</property>
			<property name="list">Powerdown()</property>
			<visible>StringCompare(System.ProfileName,Master user)</visible>
			<property name="group">x6</property>
			<property name="isSubmenu">True</property>
		</item>
		<item id="2">
			<property name="id">$NUM[2]</property>
			<label>$LOCALIZE[13013]</label>
			<label2 />
			<icon />
			<thumb />
			<property name="labelID">13013</property>
			<property name="defaultID">13013</property>
			<visible>[System.CanReboot] + StringCompare(Container(9000).ListItem.Property(submenuVisibility),x6)</visible>
			<onclick>Reset()</onclick>
			<property name="path">Reset()</property>
			<property name="list">Reset()</property>
			<visible>StringCompare(System.ProfileName,Master user)</visible>
			<property name="group">x6</property>
			<property name="isSubmenu">True</property>
		</item>
		<item id="3">
			<property name="id">$NUM[3]</property>
			<label>$LOCALIZE[13011]</label>
			<label2 />
			<icon />
			<thumb />
			<property name="labelID">13011</property>
			<property name="defaultID">13011</property>
			<visible>[System.CanSuspend] + StringCompare(Container(9000).ListItem.Property(submenuVisibility),x6)</visible>
			<onclick>Suspend()</onclick>
			<property name="path">Suspend()</property>
			<property name="list">Suspend()</property>
			<visible>StringCompare(System.ProfileName,Master user)</visible>
			<property name="group">x6</property>
			<property name="isSubmenu">True</property>
		</item>
		<item id="4">
			<property name="id">$NUM[4]</property>
			<label>$LOCALIZE[13010]</label>
			<label2 />
			<icon />
			<thumb />
			<property name="labelID">13010</property>
			<property name="defaultID">13010</property>
			<visible>[System.CanHibernate] + StringCompare(Container(9000).ListItem.Property(submenuVisibility),x6)</visible>
			<onclick>Hibernate()</onclick>
			<property name="path">Hibernate()</property>
			<property name="list">Hibernate()</property>
			<visible>StringCompare(System.ProfileName,Master user)</visible>
			<property name="group">x6</property>
			<property name="isSubmenu">True</property>
		</item>
		<item id="5">
			<property name="id">$NUM[5]</property>
			<label>$LOCALIZE[20126]</label>
			<label2 />
			<icon />
			<thumb />
			<property name="labelID">20126</property>
			<property name="defaultID">20126</property>
			<visible>[[System.HasLoginScreen | IntegerGreaterThan(System.ProfileCount,1)] + System.Loggedon] + StringCompare(Container(9000).ListItem.Property(submenuVisibility),x6)</visible>
			<onclick>System.LogOff</onclick>
			<property name="path">System.LogOff</property>
			<property name="list">System.LogOff</property>
			<visible>StringCompare(System.ProfileName,Master user)</visible>
			<property name="group">x6</property>
			<property name="isSubmenu">True</property>
		</item>
		<item id="6">
			<property name="id">$NUM[6]</property>
			<label>$LOCALIZE[13009]</label>
			<label2 />
			<icon />
			<thumb />
			<property name="labelID">13009</property>
			<property name="defaultID">13009</property>
			<visible>[System.ShowExitButton] + StringCompare(Container(9000).ListItem.Property(submenuVisibility),x6)</visible>
			<onclick>Quit</onclick>
			<property name="path">Quit</property>
			<property name="list">Quit</property>
			<visible>StringCompare(System.ProfileName,Master user)</visible>
			<property name="group">x6</property>
			<property name="isSubmenu">True</property>
		</item>
		<item id="1">
			<property name="id">$NUM[1]</property>
			<label>$LOCALIZE[16101]</label>
			<label2 />
			<icon>DefaultShortcut.png</icon>
			<thumb />
			<property name="labelID">16101</property>
			<property name="defaultID">16101</property>
			<onclick>ActivateWindow(Videos,special://skin/extras/Unwatched.xsp,return)</onclick>
			<property name="path">ActivateWindow(Videos,special://skin/extras/Unwatched.xsp,return)</property>
			<property name="list">special://skin/extras/Unwatched.xsp</property>
			<visible>[StringCompare(System.ProfileName,Master user)] + StringCompare(Container(9000).ListItem.Property(submenuVisibility),x10)</visible>
			<property name="group">x10</property>
			<property name="isSubmenu">True</property>
		</item>
		<item id="2">
			<property name="id">$NUM[2]</property>
			<label>$LOCALIZE[575]</label>
			<label2 />
			<icon>DefaultShortcut.png</icon>
			<thumb />
			<property name="labelID">575</property>
			<property name="defaultID">575</property>
			<onclick>ActivateWindow(Videos,special://skin/extras/InProgress.xsp,return)</onclick>
			<property name="path">ActivateWindow(Videos,special://skin/extras/InProgress.xsp,return)</property>
			<property name="list">special://skin/extras/InProgress.xsp</property>
			<visible>[StringCompare(System.ProfileName,Master user)] + StringCompare(Container(9000).ListItem.Property(submenuVisibility),x10)</visible>
			<property name="group">x10</property>
			<property name="isSubmenu">True</property>
		</item>
		<item id="3">
			<property name="id">$NUM[3]</property>
			<label>$LOCALIZE[31328]</label>
			<label2 />
			<icon>DefaultShortcut.png</icon>
			<thumb />
			<property name="labelID">31328</property>
			<property name="defaultID">31328</property>
			<visible>[Library.HasContent(Movies)] + StringCompare(Container(9000).ListItem.Property(submenuVisibility),x10)</visible>
			<onclick>ActivateWindow(Videos,videodb://recentlyaddedmovies/,return)</onclick>
			<property name="path">ActivateWindow(Videos,videodb://recentlyaddedmovies/,return)</property>
			<property name="list">videodb://recentlyaddedmovies/</property>
			<visible>StringCompare(System.ProfileName,Master user)</visible>
			<property name="group">x10</property>
			<property name="isSubmenu">True</property>
		</item>
		<item id="4">
			<property name="id">$NUM[4]</property>
			<label>$LOCALIZE[20434]</label>
			<label2 />
			<icon>DefaultShortcut.png</icon>
			<thumb />
			<property name="labelID">20434</property>
			<property name="defaultID">20434</property>
			<visible>[Library.HasContent(MovieSets)] + StringCompare(Container(9000).ListItem.Property(submenuVisibility),x10)</visible>
			<onclick>ActivateWindow(Videos,videodb://movies/sets/,return)</onclick>
			<property name="path">ActivateWindow(Videos,videodb://movies/sets/,return)</property>
			<property name="list">videodb://movies/sets/</property>
			<visible>StringCompare(System.ProfileName,Master user)</visible>
			<property name="group">x10</property>
			<property name="isSubmenu">True</property>
		</item>
		<item id="5">
			<property name="id">$NUM[5]</property>
			<label>$LOCALIZE[135]</label>
			<label2 />
			<icon>DefaultShortcut.png</icon>
			<thumb />
			<property name="labelID">135</property>
			<property name="defaultID">135</property>
			<onclick>ActivateWindow(Videos,videodb://movies/genres/,return)</onclick>
			<property name="path">ActivateWindow(Videos,videodb://movies/genres/,return)</property>
			<property name="list">videodb://movies/genres/</property>
			<visible>[StringCompare(System.ProfileName,Master user)] + StringCompare(Container(9000).ListItem.Property(submenuVisibility),x10)</visible>
			<property name="group">x10</property>
			<property name="isSubmenu">True</property>
		</item>
		<item id="6">
			<property name="id">$NUM[6]</property>
			<label>$LOCALIZE[652]</label>
			<label2 />
			<icon>DefaultShortcut.png</icon>
			<thumb />
			<property name="labelID">652</property>
			<property name="defaultID">652</property>
			<onclick>ActivateWindow(Videos,videodb://movies/years/,return)</onclick>
			<property name="path">ActivateWindow(Videos,videodb://movies/years/,return)</property>
			<property name="list">videodb://movies/years/</property>
			<visible>[StringCompare(System.ProfileName,Master user)] + StringCompare(Container(9000).ListItem.Property(submenuVisibility),x10)</visible>
			<property name="group">x10</property>
			<property name="isSubmenu">True</property>
		</item>
		<item id="7">
			<property name="id">$NUM[7]</property>
			<label>$LOCALIZE[344]</label>
			<label2 />
			<icon>DefaultShortcut.png</icon>
			<thumb />
			<property name="labelID">344</property>
			<property name="defaultID">344</property>
			<onclick>ActivateWindow(Videos,videodb://movies/actors/,return)</onclick>
			<property name="path">ActivateWindow(Videos,videodb://movies/actors/,return)</property>
			<property name="list">videodb://movies/actors/</property>
			<visible>[StringCompare(System.ProfileName,Master user)] + StringCompare(Container(9000).ListItem.Property(submenuVisibility),x10)</visible>
			<property name="group">x10</property>
			<property name="isSubmenu">True</property>
		</item>
		<item id="8">
			<property name="id">$NUM[8]</property>
			<label>$LOCALIZE[20459]</label>
			<label2 />
			<icon>DefaultShortcut.png</icon>
			<thumb />
			<property name="labelID">20459</property>
			<property name="defaultID">20459</property>
			<onclick>ActivateWindow(Videos,videodb://movies/tags/,return)</onclick>
			<property name="path">ActivateWindow(Videos,videodb://movies/tags/,return)</property>
			<property name="list">videodb://movies/tags/</property>
			<visible>[StringCompare(System.ProfileName,Master user)] + StringCompare(Container(9000).ListItem.Property(submenuVisibility),x10)</visible>
			<property name="group">x10</property>
			<property name="isSubmenu">True</property>
		</item>
		<item id="1">
			<property name="id">$NUM[1]</property>
			<label>$LOCALIZE[4]</label>
			<label2 />
			<icon />
			<thumb />
			<property name="labelID">4</property>
			<property name="defaultID">4</property>
			<visible>[System.HasAddon(script.tv.show.next.aired)] + StringCompare(Container(9000).ListItem.Property(submenuVisibility),x11)</visible>
			<onclick>RunAddon(script.tv.show.next.aired,return)</onclick>
			<property name="path">RunAddon(script.tv.show.next.aired,return)</property>
			<property name="list">RunAddon(script.tv.show.next.aired,return)</property>
			<visible>StringCompare(System.ProfileName,Master user)</visible>
			<property name="group">x11</property>
			<property name="isSubmenu">True</property>
		</item>
		<item id="2">
			<property name="id">$NUM[2]</property>
			<label>$LOCALIZE[575]</label>
			<label2 />
			<icon />
			<thumb />
			<property name="labelID">575</property>
			<property name="defaultID">575</property>
			<onclick>ActivateWindow(Videos,library://video/inprogressshows.xml,return)</onclick>
			<property name="path">ActivateWindow(Videos,library://video/inprogressshows.xml,return)</property>
			<property name="list">library://video/inprogressshows.xml</property>
			<visible>[StringCompare(System.ProfileName,Master user)] + StringCompare(Container(9000).ListItem.Property(submenuVisibility),x11)</visible>
			<property name="group">x11</property>
			<property name="isSubmenu">True</property>
		</item>
		<item id="3">
			<property name="id">$NUM[3]</property>
			<label>$LOCALIZE[31328]</label>
			<label2 />
			<icon />
			<thumb />
			<property name="labelID">31328</property>
			<property name="defaultID">31328</property>
			<visible>[Library.HasContent(TVShows)] + StringCompare(Container(9000).ListItem.Property(submenuVisibility),x11)</visible>
			<onclick>ActivateWindow(Videos,videodb://recentlyaddedepisodes/,return)</onclick>
			<property name="path">ActivateWindow(Videos,videodb://recentlyaddedepisodes/,return)</property>
			<property name="list">videodb://recentlyaddedepisodes/</property>
			<visible>StringCompare(System.ProfileName,Master user)</visible>
			<property name="group">x11</property>
			<property name="isSubmenu">True</property>
		</item>
		<item id="4">
			<property name="id">$NUM[4]</property>
			<label>$LOCALIZE[135]</label>
			<label2 />
			<icon />
			<thumb />
			<property name="labelID">135</property>
			<property name="defaultID">135</property>
			<onclick>ActivateWindow(Videos,videodb://tvshows/genres/,return)</onclick>
			<property name="path">ActivateWindow(Videos,videodb://tvshows/genres/,return)</property>
			<property name="list">videodb://tvshows/genres/</property>
			<visible>[StringCompare(System.ProfileName,Master user)] + StringCompare(Container(9000).ListItem.Property(submenuVisibility),x11)</visible>
			<property name="group">x11</property>
			<property name="isSubmenu">True</property>
		</item>
		<item id="5">
			<property name="id">$NUM[5]</property>
			<label>$LOCALIZE[652]</label>
			<label2 />
			<icon />
			<thumb />
			<property name="labelID">652</property>
			<property name="defaultID">652</property>
			<onclick>ActivateWindow(Videos,videodb://tvshows/years/,return)</onclick>
			<property name="path">ActivateWindow(Videos,videodb://tvshows/years/,return)</property>
			<property name="list">videodb://tvshows/years/</property>
			<visible>[StringCompare(System.ProfileName,Master user)] + StringCompare(Container(9000).ListItem.Property(submenuVisibility),x11)</visible>
			<property name="group">x11</property>
			<property name="isSubmenu">True</property>
		</item>
		<item id="6">
			<property name="id">$NUM[6]</property>
			<label>$LOCALIZE[344]</label>
			<label2 />
			<icon />
			<thumb />
			<property name="labelID">344</property>
			<property name="defaultID">344</property>
			<onclick>ActivateWindow(Videos,videodb://tvshows/actors/,return)</onclick>
			<property name="path">ActivateWindow(Videos,videodb://tvshows/actors/,return)</property>
			<property name="list">videodb://tvshows/actors/</property>
			<visible>[StringCompare(System.ProfileName,Master user)] + StringCompare(Container(9000).ListItem.Property(submenuVisibility),x11)</visible>
			<property name="group">x11</property>
			<property name="isSubmenu">True</property>
		</item>
		<item id="1">
			<property name="id">$NUM[1]</property>
			<label>$LOCALIZE[19024]</label>
			<label2 />
			<icon />
			<thumb />
			<property name="labelID">19024</property>
			<property name="defaultID">19024</property>
			<visible>[PVR.HasRadioChannels] + StringCompare(Container(9000).ListItem.Property(submenuVisibility),x12)</visible>
			<onclick>ActivateWindow(RadioChannels)</onclick>
			<property name="path">ActivateWindow(RadioChannels)</property>
			<property name="list">RadioChannels</property>
			<visible>StringCompare(System.ProfileName,Master user)</visible>
			<property name="group">x12</property>
			<property name="isSubmenu">True</property>
		</item>
		<item id="2">
			<property name="id">$NUM[2]</property>
			<label>$LOCALIZE[19023]</label>
			<label2 />
			<icon />
			<thumb />
			<property name="labelID">19023</property>
			<property name="defaultID">19023</property>
			<visible>[PVR.HasTVChannels] + StringCompare(Container(9000).ListItem.Property(submenuVisibility),x12)</visible>
			<onclick>ActivateWindow(TVChannels)</onclick>
			<property name="path">ActivateWindow(TVChannels)</property>
			<property name="list">TVChannels</property>
			<visible>StringCompare(System.ProfileName,Master user)</visible>
			<property name="group">x12</property>
			<property name="isSubmenu">True</property>
		</item>
		<item id="3">
			<property name="id">$NUM[3]</property>
			<label>$LOCALIZE[19069]</label>
			<label2 />
			<icon />
			<thumb />
			<property name="labelID">19069</property>
			<property name="defaultID">19069</property>
			<visible>[PVR.HasTVChannels] + StringCompare(Container(9000).ListItem.Property(submenuVisibility),x12)</visible>
			<onclick>ActivateWindow(TVGuide)</onclick>
			<property name="path">ActivateWindow(TVGuide)</property>
			<property name="list">TVGuide</property>
			<visible>StringCompare(System.ProfileName,Master user)</visible>
			<property name="group">x12</property>
			<property name="isSubmenu">True</property>
		</item>
		<item id="4">
			<property name="id">$NUM[4]</property>
			<label>$LOCALIZE[19163]</label>
			<label2 />
			<icon />
			<thumb />
			<property name="labelID">19163</property>
			<property name="defaultID">19163</property>
			<visible>[PVR.HasTVChannels] + StringCompare(Container(9000).ListItem.Property(submenuVisibility),x12)</visible>
			<onclick>ActivateWindow(TVRecordings)</onclick>
			<property name="path">ActivateWindow(TVRecordings)</property>
			<property name="list">TVRecordings</property>
			<visible>StringCompare(System.ProfileName,Master user)</visible>
			<property name="group">x12</property>
			<property name="isSubmenu">True</property>
		</item>
		<item id="5">
			<property name="id">$NUM[5]</property>
			<label>$LOCALIZE[19040]</label>
			<label2 />
			<icon />
			<thumb />
			<property name="labelID">19040</property>
			<property name="defaultID">19040</property>
			<visible>[PVR.HasTVChannels] + StringCompare(Container(9000).ListItem.Property(submenuVisibility),x12)</visible>
			<onclick>ActivateWindow(TVTimers)</onclick>
			<property name="path">ActivateWindow(TVTimers)</property>
			<property name="list">TVTimers</property>
			<visible>StringCompare(System.ProfileName,Master user)</visible>
			<property name="group">x12</property>
			<property name="isSubmenu">True</property>
		</item>
		<item id="1">
			<property name="id">$NUM[1]</property>
			<label>$LOCALIZE[133]</label>
			<label2 />
			<icon />
			<thumb />
			<property name="labelID">133</property>
			<property name="defaultID">133</property>
			<onclick>ActivateWindow(Videos,videodb://musicvideos/artists/,return)</onclick>
			<property name="path">ActivateWindow(Videos,videodb://musicvideos/artists/,return)</property>
			<property name="list">videodb://musicvideos/artists/</property>
			<visible>[StringCompare(System.ProfileName,Master user)] + StringCompare(Container(9000).ListItem.Property(submenuVisibility),x13)</visible>
			<property name="group">x13</property>
			<property name="isSubmenu">True</property>
		</item>
		<item id="2">
			<property name="id">$NUM[2]</property>
			<label>$LOCALIZE[135]</label>
			<label2 />
			<icon />
			<thumb />
			<property name="labelID">135</property>
			<property name="defaultID">135</property>
			<onclick>ActivateWindow(Videos,videodb://musicvideos/genres,return)</onclick>
			<property name="path">ActivateWindow(Videos,videodb://musicvideos/genres,return)</property>
			<property name="list">videodb://musicvideos/genres</property>
			<visible>[StringCompare(System.ProfileName,Master user)] + StringCompare(Container(9000).ListItem.Property(submenuVisibility),x13)</visible>
			<property name="group">x13</property>
			<property name="isSubmenu">True</property>
		</item>
		<item id="3">
			<property name="id">$NUM[3]</property>
			<label>$LOCALIZE[31328]</label>
			<label2 />
			<icon />
			<thumb />
			<property name="labelID">31328</property>
			<property name="defaultID">31328</property>
			<visible>[Library.HasContent(MusicVideos)] + StringCompare(Container(9000).ListItem.Property(submenuVisibility),x13)</visible>
			<onclick>ActivateWindow(Videos,videodb://recentlyaddedmusicvideos/,return)</onclick>
			<property name="path">ActivateWindow(Videos,videodb://recentlyaddedmusicvideos/,return)</property>
			<property name="list">videodb://recentlyaddedmusicvideos/</property>
			<visible>StringCompare(System.ProfileName,Master user)</visible>
			<property name="group">x13</property>
			<property name="isSubmenu">True</property>
		</item>
		<item id="4">
			<property name="id">$NUM[4]</property>
			<label>$LOCALIZE[652]</label>
			<label2 />
			<icon />
			<thumb />
			<property name="labelID">652</property>
			<property name="defaultID">652</property>
			<onclick>ActivateWindow(Videos,videodb://musicvideos/years/,return)</onclick>
			<property name="path">ActivateWindow(Videos,videodb://musicvideos/years/,return)</property>
			<property name="list">videodb://musicvideos/years/</property>
			<visible>[StringCompare(System.ProfileName,Master user)] + StringCompare(Container(9000).ListItem.Property(submenuVisibility),x13)</visible>
			<property name="group">x13</property>
			<property name="isSubmenu">True</property>
		</item>
		<item id="5">
			<property name="id">$NUM[5]</property>
			<label>$LOCALIZE[20459]</label>
			<label2 />
			<icon />
			<thumb />
			<property name="labelID">20459</property>
			<property name="defaultID">20459</property>
			<onclick>ActivateWindow(Videos,videodb://musicvideos/tags/,return)</onclick>
			<property name="path">ActivateWindow(Videos,videodb://musicvideos/tags/,return)</property>
			<property name="list">videodb://musicvideos/tags/</property>
			<visible>[StringCompare(System.ProfileName,Master user)] + StringCompare(Container(9000).ListItem.Property(submenuVisibility),x13)</visible>
			<property name="group">x13</property>
			<property name="isSubmenu">True</property>
		</item>
	</include>
	<include name="skinshortcuts-group-x1" />
	<include name="skinshortcuts-group-alt-x1" />
	<include name="skinshortcuts-group-x2">
		<item id="1">
			<property name="id">$NUM[1]</property>
			<label>$LOCALIZE[342]</label>
			<label2 />
			<icon />
			<thumb />
			<property name="labelID">movies</property>
			<property name="defaultID">movies</property>
			<visible>Library.HasContent(Movies)</visible>
			<onclick>ActivateWindow(Videos,Movies,root)</onclick>
			<property name="path">ActivateWindow(Videos,Movies,root)</property>
			<property name="list">Movies</property>
			<visible>StringCompare(System.ProfileName,Master user)</visible>
			<property name="group">x2</property>
			<property name="isSubmenu">True</property>
		</item>
		<item id="2">
			<property name="id">$NUM[2]</property>
			<label>$LOCALIZE[20343]</label>
			<label2 />
			<icon />
			<thumb />
			<property name="labelID">tvshows</property>
			<property name="defaultID">tvshows</property>
			<visible>Library.HasContent(TVShows)</visible>
			<onclick>ActivateWindow(Videos,TvShows,root)</onclick>
			<property name="path">ActivateWindow(Videos,TvShows,root)</property>
			<property name="list">TvShows</property>
			<visible>StringCompare(System.ProfileName,Master user)</visible>
			<property name="group">x2</property>
			<property name="isSubmenu">True</property>
		</item>
		<item id="3">
			<property name="id">$NUM[3]</property>
			<label>$LOCALIZE[24001]</label>
			<label2 />
			<icon />
			<thumb />
			<property name="labelID">24001</property>
			<property name="defaultID">24001</property>
			<onclick>ActivateWindow(Videos,Addons,return)</onclick>
			<property name="path">ActivateWindow(Videos,Addons,return)</property>
			<property name="list">Addons</property>
			<visible>StringCompare(System.ProfileName,Master user)</visible>
			<property name="group">x2</property>
			<property name="isSubmenu">True</property>
		</item>
		<item id="4">
			<property name="id">$NUM[4]</property>
			<label>$LOCALIZE[744]</label>
			<label2 />
			<icon />
			<thumb />
			<property name="labelID">744</property>
			<property name="defaultID">744</property>
			<onclick>ActivateWindow(Videos,Files,return)</onclick>
			<property name="path">ActivateWindow(Videos,Files,return)</property>
			<property name="list">Files</property>
			<visible>StringCompare(System.ProfileName,Master user)</visible>
			<property name="group">x2</property>
			<property name="isSubmenu">True</property>
		</item>
		<item id="5">
			<property name="id">$NUM[5]</property>
			<label>$LOCALIZE[136]</label>
			<label2 />
			<icon />
			<thumb />
			<property name="labelID">136</property>
			<property name="defaultID">136</property>
			<onclick>ActivateWindow(Videos,Playlists,return)</onclick>
			<property name="path">ActivateWindow(Videos,Playlists,return)</property>
			<property name="list">Playlists</property>
			<visible>StringCompare(System.ProfileName,Master user)</visible>
			<property name="group">x2</property>
			<property name="isSubmenu">True</property>
		</item>
		<item id="6">
			<property name="id">$NUM[6]</property>
			<label>$LOCALIZE[14022]</label>
			<label2 />
			<icon />
			<thumb />
			<property name="labelID">14022</property>
			<property name="defaultID">14022</property>
			<onclick>ActivateWindow(Videos,Root)</onclick>
			<property name="path">ActivateWindow(Videos,Root)</property>
			<property name="list">Root</property>
			<visible>StringCompare(System.ProfileName,Master user)</visible>
			<property name="group">x2</property>
			<property name="isSubmenu">True</property>
		</item>
	</include>
	<include name="skinshortcuts-group-alt-x2">
		<item id="1">
			<property name="id">$NUM[1]</property>
			<label>$LOCALIZE[342]</label>
			<label2 />
			<icon />
			<thumb />
			<property name="labelID">movies</property>
			<property name="defaultID">movies</property>
			<visible>[Library.HasContent(Movies)] + StringCompare(Window(10000).Property(submenuVisibility),x2)</visible>
			<onclick>ActivateWindow(Videos,Movies,root)</onclick>
			<property name="path">ActivateWindow(Videos,Movies,root)</property>
			<property name="list">Movies</property>
			<visible>StringCompare(System.ProfileName,Master user)</visible>
			<property name="group">x2</property>
			<property name="isSubmenu">True</property>
		</item>
		<item id="2">
			<property name="id">$NUM[2]</property>
			<label>$LOCALIZE[20343]</label>
			<label2 />
			<icon />
			<thumb />
			<property name="labelID">tvshows</property>
			<property name="defaultID">tvshows</property>
			<visible>[Library.HasContent(TVShows)] + StringCompare(Window(10000).Property(submenuVisibility),x2)</visible>
			<onclick>ActivateWindow(Videos,TvShows,root)</onclick>
			<property name="path">ActivateWindow(Videos,TvShows,root)</property>
			<property name="list">TvShows</property>
			<visible>StringCompare(System.ProfileName,Master user)</visible>
			<property name="group">x2</property>
			<property name="isSubmenu">True</property>
		</item>
		<item id="3">
			<property name="id">$NUM[3]</property>
			<label>$LOCALIZE[24001]</label>
			<label2 />
			<icon />
			<thumb />
			<property name="labelID">24001</property>
			<property name="defaultID">24001</property>
			<onclick>ActivateWindow(Videos,Addons,return)</onclick>
			<property name="path">ActivateWindow(Videos,Addons,return)</property>
			<property name="list">Addons</property>
			<visible>[StringCompare(System.ProfileName,Master user)] + StringCompare(Window(10000).Property(submenuVisibility),x2)</visible>
			<property name="group">x2</property>
			<property name="isSubmenu">True</property>
		</item>
		<item id="4">
			<property name="id">$NUM[4]</property>
			<label>$LOCALIZE[744]</label>
			<label2 />
			<icon />
			<thumb />
			<property name="labelID">744</property>
			<property name="defaultID">744</property>
			<onclick>ActivateWindow(Videos,Files,return)</onclick>
			<property name="path">ActivateWindow(Videos,Files,return)</property>
			<property name="list">Files</property>
			<visible>[StringCompare(System.ProfileName,Master user)] + StringCompare(Window(10000).Property(submenuVisibility),x2)</visible>
			<property name="group">x2</property>
			<property name="isSubmenu">True</property>
		</item>
		<item id="5">
			<property name="id">$NUM[5]</property>
			<label>$LOCALIZE[136]</label>
			<label2 />
			<icon />
			<thumb />
			<property name="labelID">136</property>
			<property name="defaultID">136</property>
			<onclick>ActivateWindow(Videos,Playlists,return)</onclick>
			<property name="path">ActivateWindow(Videos,Playlists,return)</property>
			<property name="list">Playlists</property>
			<visible>[StringCompare(System.ProfileName,Master user)] + StringCompare(Window(10000).Property(submenuVisibility),x2)</visible>
			<property name="group">x2</property>
			<property name="isSubmenu">True</property>
		</item>
		<item id="6">
			<property name="id">$NUM[6]</property>
			<label>$LOCALIZE[14022]</label>
			<label2 />
			<icon />
			<thumb />
			<property name="labelID">14022</property>
			<property name="defaultID">14022</property>
			<onclick>ActivateWindow(Videos,Root)</onclick>
			<property name="path">ActivateWindow(Videos,Root)</property>
			<property name="list">Root</property>
			<visible>[StringCompare(System.ProfileName,Master user)] + StringCompare(Window(10000).Property(submenuVisibility),x2)</visible>
			<property name="group">x2</property>
			<property name="isSubmenu">True</property>
		</item>
	</include>
	<include name="skinshortcuts-group-x3">
		<item id="1">
			<property name="id">$NUM[1]</property>
			<label>$LOCALIZE[133]</label>
			<label2 />
			<icon />
			<thumb />
			<property name="labelID">133</property>
			<property name="defaultID">133</property>
			<visible>Library.HasContent(Music)</visible>
			<onclick>ActivateWindow(MusicLibrary,Artists,return)</onclick>
			<property name="path">ActivateWindow(MusicLibrary,Artists,return)</property>
			<property name="list">Artists</property>
			<visible>StringCompare(System.ProfileName,Master user)</visible>
			<property name="group">x3</property>
			<property name="isSubmenu">True</property>
		</item>
		<item id="2">
			<property name="id">$NUM[2]</property>
			<label>$LOCALIZE[132]</label>
			<label2 />
			<icon />
			<thumb />
			<property name="labelID">132</property>
			<property name="defaultID">132</property>
			<visible>Library.HasContent(Music)</visible>
			<onclick>ActivateWindow(MusicLibrary,Albums,return)</onclick>
			<property name="path">ActivateWindow(MusicLibrary,Albums,return)</property>
			<property name="list">Albums</property>
			<visible>StringCompare(System.ProfileName,Master user)</visible>
			<property name="group">x3</property>
			<property name="isSubmenu">True</property>
		</item>
		<item id="3">
			<property name="id">$NUM[3]</property>
			<label>$LOCALIZE[134]</label>
			<label2 />
			<icon />
			<thumb />
			<property name="labelID">134</property>
			<property name="defaultID">134</property>
			<visible>Library.HasContent(Music)</visible>
			<onclick>ActivateWindow(MusicLibrary,Songs,return)</onclick>
			<property name="path">ActivateWindow(MusicLibrary,Songs,return)</property>
			<property name="list">Songs</property>
			<visible>StringCompare(System.ProfileName,Master user)</visible>
			<property name="group">x3</property>
			<property name="isSubmenu">True</property>
		</item>
		<item id="4">
			<property name="id">$NUM[4]</property>
			<label>$LOCALIZE[744]</label>
			<label2 />
			<icon />
			<thumb />
			<property name="labelID">744</property>
			<property name="defaultID">744</property>
			<onclick>ActivateWindow(MusicFiles)</onclick>
			<property name="path">ActivateWindow(MusicFiles)</property>
			<property name="list">MusicFiles</property>
			<visible>StringCompare(System.ProfileName,Master user)</visible>
			<property name="group">x3</property>
			<property name="isSubmenu">True</property>
		</item>
		<item id="5">
			<property name="id">$NUM[5]</property>
			<label>$LOCALIZE[24001]</label>
			<label2 />
			<icon />
			<thumb />
			<property name="labelID">24001</property>
			<property name="defaultID">24001</property>
			<onclick>ActivateWindow(MusicLibrary,Addons,return)</onclick>
			<property name="path">ActivateWindow(MusicLibrary,Addons,return)</property>
			<property name="list">Addons</property>
			<visible>StringCompare(System.ProfileName,Master user)</visible>
			<property name="group">x3</property>
			<property name="isSubmenu">True</property>
		</item>
		<item id="6">
			<property name="id">$NUM[6]</property>
			<label>$LOCALIZE[14022]</label>
			<label2 />
			<icon />
			<thumb />
			<property name="labelID">14022</property>
			<property name="defaultID">14022</property>
			<visible>Library.HasContent(Music)</visible>
			<onclick>ActivateWindow(MusicLibrary,root)</onclick>
			<property name="path">ActivateWindow(MusicLibrary,root)</property>
			<property name="list">root</property>
			<visible>StringCompare(System.ProfileName,Master user)</visible>
			<property name="group">x3</property>
			<property name="isSubmenu">True</property>
		</item>
	</include>
	<include name="skinshortcuts-group-alt-x3">
		<item id="1">
			<property name="id">$NUM[1]</property>
			<label>$LOCALIZE[133]</label>
			<label2 />
			<icon />
			<thumb />
			<property name="labelID">133</property>
			<property name="defaultID">133</property>
			<visible>[Library.HasContent(Music)] + StringCompare(Window(10000).Property(submenuVisibility),x3)</visible>
			<onclick>ActivateWindow(MusicLibrary,Artists,return)</onclick>
			<property name="path">ActivateWindow(MusicLibrary,Artists,return)</property>
			<property name="list">Artists</property>
			<visible>StringCompare(System.ProfileName,Master user)</visible>
			<property name="group">x3</property>
			<property name="isSubmenu">True</property>
		</item>
		<item id="2">
			<property name="id">$NUM[2]</property>
			<label>$LOCALIZE[132]</label>
			<label2 />
			<icon />
			<thumb />
			<property name="labelID">132</property>
			<property name="defaultID">132</property>
			<visible>[Library.HasContent(Music)] + StringCompare(Window(10000).Property(submenuVisibility),x3)</visible>
			<onclick>ActivateWindow(MusicLibrary,Albums,return)</onclick>
			<property name="path">ActivateWindow(MusicLibrary,Albums,return)</property>
			<property name="list">Albums</property>
			<visible>StringCompare(System.ProfileName,Master user)</visible>
			<property name="group">x3</property>
			<property name="isSubmenu">True</property>
		</item>
		<item id="3">
			<property name="id">$NUM[3]</property>
			<label>$LOCALIZE[134]</label>
			<label2 />
			<icon />
			<thumb />
			<property name="labelID">134</property>
			<property name="defaultID">134</property>
			<visible>[Library.HasContent(Music)] + StringCompare(Window(10000).Property(submenuVisibility),x3)</visible>
			<onclick>ActivateWindow(MusicLibrary,Songs,return)</onclick>
			<property name="path">ActivateWindow(MusicLibrary,Songs,return)</property>
			<property name="list">Songs</property>
			<visible>StringCompare(System.ProfileName,Master user)</visible>
			<property name="group">x3</property>
			<property name="isSubmenu">True</property>
		</item>
		<item id="4">
			<property name="id">$NUM[4]</property>
			<label>$LOCALIZE[744]</label>
			<label2 />
			<icon />
			<thumb />
			<property name="labelID">744</property>
			<property name="defaultID">744</property>
			<onclick>ActivateWindow(MusicFiles)</onclick>
			<property name="path">ActivateWindow(MusicFiles)</property>
			<property name="list">MusicFiles</property>
			<visible>[StringCompare(System.ProfileName,Master user)] + StringCompare(Window(10000).Property(submenuVisibility),x3)</visible>
			<property name="group">x3</property>
			<property name="isSubmenu">True</property>
		</item>
		<item id="5">
			<property name="id">$NUM[5]</property>
			<label>$LOCALIZE[24001]</label>
			<label2 />
			<icon />
			<thumb />
			<property name="labelID">24001</property>
			<property name="defaultID">24001</property>
			<onclick>ActivateWindow(MusicLibrary,Addons,return)</onclick>
			<property name="path">ActivateWindow(MusicLibrary,Addons,return)</property>
			<property name="list">Addons</property>
			<visible>[StringCompare(System.ProfileName,Master user)] + StringCompare(Window(10000).Property(submenuVisibility),x3)</visible>
			<property name="group">x3</property>
			<property name="isSubmenu">True</property>
		</item>
		<item id="6">
			<property name="id">$NUM[6]</property>
			<label>$LOCALIZE[14022]</label>
			<label2 />
			<icon />
			<thumb />
			<property name="labelID">14022</property>
			<property name="defaultID">14022</property>
			<visible>[Library.HasContent(Music)] + StringCompare(Window(10000).Property(submenuVisibility),x3)</visible>
			<onclick>ActivateWindow(MusicLibrary,root)</onclick>
			<property name="path">ActivateWindow(MusicLibrary,root)</property>
			<property name="list">root</property>
			<visible>StringCompare(System.ProfileName,Master user)</visible>
			<property name="group">x3</property>
			<property name="isSubmenu">True</property>
		</item>
	</include>
	<include name="skinshortcuts-group-x4">
		<item id="1">
			<property name="id">$NUM[1]</property>
			<label>$LOCALIZE[24001]</label>
			<label2 />
			<icon />
			<thumb />
			<property name="labelID">24001</property>
			<property name="defaultID">24001</property>
			<onclick>ActivateWindow(Pictures,Addons,return)</onclick>
			<property name="path">ActivateWindow(Pictures,Addons,return)</property>
			<property name="list">Addons</property>
			<visible>StringCompare(System.ProfileName,Master user)</visible>
			<property name="group">x4</property>
			<property name="isSubmenu">True</property>
		</item>
	</include>
	<include name="skinshortcuts-group-alt-x4">
		<item id="1">
			<property name="id">$NUM[1]</property>
			<label>$LOCALIZE[24001]</label>
			<label2 />
			<icon />
			<thumb />
			<property name="labelID">24001</property>
			<property name="defaultID">24001</property>
			<onclick>ActivateWindow(Pictures,Addons,return)</onclick>
			<property name="path">ActivateWindow(Pictures,Addons,return)</property>
			<property name="list">Addons</property>
			<visible>[StringCompare(System.ProfileName,Master user)] + StringCompare(Window(10000).Property(submenuVisibility),x4)</visible>
			<property name="group">x4</property>
			<property name="isSubmenu">True</property>
		</item>
	</include>
	<include name="skinshortcuts-group-x5">
		<item id="1">
			<property name="id">$NUM[1]</property>
			<label>$LOCALIZE[24001]</label>
			<label2 />
			<icon />
			<thumb />
			<property name="labelID">24001</property>
			<property name="defaultID">24001</property>
			<onclick>ActivateWindow(AddonBrowser)</onclick>
			<property name="path">ActivateWindow(AddonBrowser)</property>
			<property name="list">AddonBrowser</property>
			<visible>StringCompare(System.ProfileName,Master user)</visible>
			<property name="group">x5</property>
			<property name="isSubmenu">True</property>
		</item>
		<item id="2">
			<property name="id">$NUM[2]</property>
			<label>$LOCALIZE[20077]</label>
			<label2 />
			<icon />
			<thumb />
			<property name="labelID">20077</property>
			<property name="defaultID">20077</property>
			<onclick>ActivateWindow(SkinSettings)</onclick>
			<property name="path">ActivateWindow(SkinSettings)</property>
			<property name="list">SkinSettings</property>
			<visible>StringCompare(System.ProfileName,Master user)</visible>
			<property name="group">x5</property>
			<property name="isSubmenu">True</property>
		</item>
		<item id="3">
			<property name="id">$NUM[3]</property>
			<label>$LOCALIZE[7]</label>
			<label2 />
			<icon />
			<thumb />
			<property name="labelID">7</property>
			<property name="defaultID">7</property>
			<onclick>ActivateWindow(FileManager)</onclick>
			<property name="path">ActivateWindow(FileManager)</property>
			<property name="list">FileManager</property>
			<visible>StringCompare(System.ProfileName,Master user)</visible>
			<property name="group">x5</property>
			<property name="isSubmenu">True</property>
		</item>
		<item id="4">
			<property name="id">$NUM[4]</property>
			<label>$LOCALIZE[13200]</label>
			<label2 />
			<icon />
			<thumb />
			<property name="labelID">13200</property>
			<property name="defaultID">13200</property>
			<onclick>ActivateWindow(Profiles)</onclick>
			<property name="path">ActivateWindow(Profiles)</property>
			<property name="list">Profiles</property>
			<visible>StringCompare(System.ProfileName,Master user)</visible>
			<property name="group">x5</property>
			<property name="isSubmenu">True</property>
		</item>
		<item id="5">
			<property name="id">$NUM[5]</property>
			<label>$LOCALIZE[130]</label>
			<label2 />
			<icon />
			<thumb />
			<property name="labelID">130</property>
			<property name="defaultID">130</property>
			<onclick>ActivateWindow(SystemInfo)</onclick>
			<property name="path">ActivateWindow(SystemInfo)</property>
			<property name="list">SystemInfo</property>
			<visible>StringCompare(System.ProfileName,Master user)</visible>
			<property name="group">x5</property>
			<property name="isSubmenu">True</property>
		</item>
	</include>
	<include name="skinshortcuts-group-alt-x5">
		<item id="1">
			<property name="id">$NUM[1]</property>
			<label>$LOCALIZE[24001]</label>
			<label2 />
			<icon />
			<thumb />
			<property name="labelID">24001</property>
			<property name="defaultID">24001</property>
			<onclick>ActivateWindow(AddonBrowser)</onclick>
			<property name="path">ActivateWindow(AddonBrowser)</property>
			<property name="list">AddonBrowser</property>
			<visible>[StringCompare(System.ProfileName,Master user)] + StringCompare(Window(10000).Property(submenuVisibility),x5)</visible>
			<property name="group">x5</property>
			<property name="isSubmenu">True</property>
		</item>
		<item id="2">
			<property name="id">$NUM[2]</property>
			<label>$LOCALIZE[20077]</label>
			<label2 />
			<icon />
			<thumb />
			<property name="labelID">20077</property>
			<property name="defaultID">20077</property>
			<onclick>ActivateWindow(SkinSettings)</onclick>
			<property name="path">ActivateWindow(SkinSettings)</property>
			<property name="list">SkinSettings</property>
			<visible>[StringCompare(System.ProfileName,Master user)] + StringCompare(Window(10000).Property(submenuVisibility),x5)</visible>
			<property name="group">x5</property>
			<property name="isSubmenu">True</property>
		</item>
		<item id="3">
			<property name="id">$NUM[3]</property>
			<label>$LOCALIZE[7]</label>
			<label2 />
			<icon />
			<thumb />
			<property name="labelID">7</property>
			<property name="defaultID">7</property>
			<onclick>ActivateWindow(FileManager)</onclick>
			<property name="path">ActivateWindow(FileManager)</property>
			<property name="list">FileManager</property>
			<visible>[StringCompare(System.ProfileName,Master user)] + StringCompare(Window(10000).Property(submenuVisibility),x5)</visible>
			<property name="group">x5</property>
			<property name="isSubmenu">True</property>
		</item>
		<item id="4">
			<property name="id">$NUM[4]</property>
			<label>$LOCALIZE[13200]</label>
			<label2 />
			<icon />
			<thumb />
			<property name="labelID">13200</property>
			<property name="defaultID">13200</property>
			<onclick>ActivateWindow(Profiles)</onclick>
			<property name="path">ActivateWindow(Profiles)</property>
			<property name="list">Profiles</property>
			<visible>[StringCompare(System.ProfileName,Master user)] + StringCompare(Window(10000).Property(submenuVisibility),x5)</visible>
			<property name="group">x5</property>
			<property name="isSubmenu">True</property>
		</item>
		<item id="5">
			<property name="id">$NUM[5]</property>
			<label>$LOCALIZE[130]</label>
			<label2 />
			<icon />
			<thumb />
			<property name="labelID">130</property>
			<property name="defaultID">130</property>
			<onclick>ActivateWindow(SystemInfo)</onclick>
			<property name="path">ActivateWindow(SystemInfo)</property>
			<property name="list">SystemInfo</property>
			<visible>[StringCompare(System.ProfileName,Master user)] + StringCompare(Window(10000).Property(submenuVisibility),x5)</visible>
			<property name="group">x5</property>
			<property name="isSubmenu">True</property>
		</item>
	</include>
	<include name="skinshortcuts-group-x6">
		<item id="1">
			<property name="id">$NUM[1]</property>
			<label>$LOCALIZE[13016]</label>
			<label2 />
			<icon />
			<thumb />
			<property name="labelID">13016</property>
			<property name="defaultID">13016</property>
			<visible>System.CanPowerDown</visible>
			<onclick>Powerdown()</onclick>
			<property name="path">Powerdown()</property>
			<property name="list">Powerdown()</property>
			<visible>StringCompare(System.ProfileName,Master user)</visible>
			<property name="group">x6</property>
			<property name="isSubmenu">True</property>
		</item>
		<item id="2">
			<property name="id">$NUM[2]</property>
			<label>$LOCALIZE[13013]</label>
			<label2 />
			<icon />
			<thumb />
			<property name="labelID">13013</property>
			<property name="defaultID">13013</property>
			<visible>System.CanReboot</visible>
			<onclick>Reset()</onclick>
			<property name="path">Reset()</property>
			<property name="list">Reset()</property>
			<visible>StringCompare(System.ProfileName,Master user)</visible>
			<property name="group">x6</property>
			<property name="isSubmenu">True</property>
		</item>
		<item id="3">
			<property name="id">$NUM[3]</property>
			<label>$LOCALIZE[13011]</label>
			<label2 />
			<icon />
			<thumb />
			<property name="labelID">13011</property>
			<property name="defaultID">13011</property>
			<visible>System.CanSuspend</visible>
			<onclick>Suspend()</onclick>
			<property name="path">Suspend()</property>
			<property name="list">Suspend()</property>
			<visible>StringCompare(System.ProfileName,Master user)</visible>
			<property name="group">x6</property>
			<property name="isSubmenu">True</property>
		</item>
		<item id="4">
			<property name="id">$NUM[4]</property>
			<label>$LOCALIZE[13010]</label>
			<label2 />
			<icon />
			<thumb />
			<property name="labelID">13010</property>
			<property name="defaultID">13010</property>
			<visible>System.CanHibernate</visible>
			<onclick>Hibernate()</onclick>
			<property name="path">Hibernate()</property>
			<property name="list">Hibernate()</property>
			<visible>StringCompare(System.ProfileName,Master user)</visible>
			<property name="group">x6</property>
			<property name="isSubmenu">True</property>
		</item>
		<item id="5">
			<property name="id">$NUM[5]</property>
			<label>$LOCALIZE[20126]</label>
			<label2 />
			<icon />
			<thumb />
			<property name="labelID">20126</property>
			<property name="defaultID">20126</property>
			<visible>[System.HasLoginScreen | IntegerGreaterThan(System.ProfileCount,1)] + System.Loggedon</visible>
			<onclick>System.LogOff</onclick>
			<property name="path">System.LogOff</property>
			<property name="list">System.LogOff</property>
			<visible>StringCompare(System.ProfileName,Master user)</visible>
			<property name="group">x6</property>
			<property name="isSubmenu">True</property>
		</item>
		<item id="6">
			<property name="id">$NUM[6]</property>
			<label>$LOCALIZE[13009]</label>
			<label2 />
			<icon />
			<thumb />
			<property name="labelID">13009</property>
			<property name="defaultID">13009</property>
			<visible>System.ShowExitButton</visible>
			<onclick>Quit</onclick>
			<property name="path">Quit</property>
			<property name="list">Quit</property>
			<visible>StringCompare(System.ProfileName,Master user)</visible>
			<property name="group">x6</property>
			<property name="isSubmenu">True</property>
		</item>
	</include>
	<include name="skinshortcuts-group-alt-x6">
		<item id="1">
			<property name="id">$NUM[1]</property>
			<label>$LOCALIZE[13016]</label>
			<label2 />
			<icon />
			<thumb />
			<property name="labelID">13016</property>
			<property name="defaultID">13016</property>
			<visible>[System.CanPowerDown] + StringCompare(Window(10000).Property(submenuVisibility),x6)</visible>
			<onclick>Powerdown()</onclick>
			<property name="path">Powerdown()</property>
			<property name="list">Powerdown()</property>
			<visible>StringCompare(System.ProfileName,Master user)</visible>
			<property name="group">x6</property>
			<property name="isSubmenu">True</property>
		</item>
		<item id="2">
			<property name="id">$NUM[2]</property>
			<label>$LOCALIZE[13013]</label>
			<label2 />
			<icon />
			<thumb />
			<property name="labelID">13013</property>
			<property name="defaultID">13013</property>
			<visible>[System.CanReboot] + StringCompare(Window(10000).Property(submenuVisibility),x6)</visible>
			<onclick>Reset()</onclick>
			<property name="path">Reset()</property>
			<property name="list">Reset()</property>
			<visible>StringCompare(System.ProfileName,Master user)</visible>
			<property name="group">x6</property>
			<property name="isSubmenu">True</property>
		</item>
		<item id="3">
			<property name="id">$NUM[3]</property>
			<label>$LOCALIZE[13011]</label>
			<label2 />
			<icon />
			<thumb />
			<property name="labelID">13011</property>
			<property name="defaultID">13011</property>
			<visible>[System.CanSuspend] + StringCompare(Window(10000).Property(submenuVisibility),x6)</visible>
			<onclick>Suspend()</onclick>
			<property name="path">Suspend()</property>
			<property name="list">Suspend()</property>
			<visible>StringCompare(System.ProfileName,Master user)</visible>
			<property name="group">x6</property>
			<property name="isSubmenu">True</property>
		</item>
		<item id="4">
			<property name="id">$NUM[4]</property>
			<label>$LOCALIZE[13010]</label>
			<label2 />
			<icon />
			<thumb />
			<property name="labelID">13010</property>
			<property name="defaultID">13010</property>
			<visible>[System.CanHibernate] + StringCompare(Window(10000).Property(submenuVisibility),x6)</visible>
			<onclick>Hibernate()</onclick>
			<property name="path">Hibernate()</property>
			<property name="list">Hibernate()</property>
			<visible>StringCompare(System.ProfileName,Master user)</visible>
			<property name="group">x6</property>
			<property name="isSubmenu">True</property>
		</item>
		<item id="5">
			<property name="id">$NUM[5]</property>
			<label>$LOCALIZE[20126]</label>
			<label2 />
			<icon />
			<thumb />
			<property name="labelID">20126</property>
			<property name="defaultID">20126</property>
			<visible>[[System.HasLoginScreen | IntegerGreaterThan(System.ProfileCount,1)] + System.Loggedon] + StringCompare(Window(10000).Property(submenuVisibility),x6)</visible>
			<onclick>System.LogOff</onclick>
			<property name="path">System.LogOff</property>
			<property name="list">System.LogOff</property>
			<visible>StringCompare(System.ProfileName,Master user)</visible>
			<property name="group">x6</property>
			<property name="isSubmenu">True</property>
		</item>
		<item id="6">
			<property name="id">$NUM[6]</property>
			<label>$LOCALIZE[13009]</label>
			<label2 />
			<icon />
			<thumb />
			<property name="labelID">13009</property>
			<property name="defaultID">13009</property>
			<visible>[System.ShowExitButton] + StringCompare(Window(10000).Property(submenuVisibility),x6)</visible>
			<onclick>Quit</onclick>
			<property name="path">Quit</property>
			<property name="list">Quit</property>
			<visible>StringCompare(System.ProfileName,Master user)</visible>
			<property name="group">x6</property>
			<property name="isSubmenu">True</property>
		</item>
	</include>
	<include name="skinshortcuts-group-x7" />
	<include name="skinshortcuts-group-alt-x7" />
	<include name="skinshortcuts-group-x8" />
	<include name="skinshortcuts-group-alt-x8" />
	<include name="skinshortcuts-group-x9" />
	<include name="skinshortcuts-group-alt-x9" />
	<include name="skinshortcuts-group-x10">
		<item id="1">
			<property name="id">$NUM[1]</property>
			<label>$LOCALIZE[16101]</label>
			<label2 />
			<icon>DefaultShortcut.png</icon>
			<thumb />
			<property name="labelID">16101</property>
			<property name="defaultID">16101</property>
			<onclick>ActivateWindow(Videos,special://skin/extras/Unwatched.xsp,return)</onclick>
			<property name="path">ActivateWindow(Videos,special://skin/extras/Unwatched.xsp,return)</property>
			<property name="list">special://skin/extras/Unwatched.xsp</property>
			<visible>StringCompare(System.ProfileName,Master user)</visible>
			<property name="group">x10</property>
			<property name="isSubmenu">True</property>
		</item>
		<item id="2">
			<property name="id">$NUM[2]</property>
			<label>$LOCALIZE[575]</label>
			<label2 />
			<icon>DefaultShortcut.png</icon>
			<thumb />
			<property name="labelID">575</property>
			<property name="defaultID">575</property>
			<onclick>ActivateWindow(Videos,special://skin/extras/InProgress.xsp,return)</onclick>
			<property name="path">ActivateWindow(Videos,special://skin/extras/InProgress.xsp,return)</property>
			<property name="list">special://skin/extras/InProgress.xsp</property>
			<visible>StringCompare(System.ProfileName,Master user)</visible>
			<property name="group">x10</property>
			<property name="isSubmenu">True</property>
		</item>
		<item id="3">
			<property name="id">$NUM[3]</property>
			<label>$LOCALIZE[31328]</label>
			<label2 />
			<icon>DefaultShortcut.png</icon>
			<thumb />
			<property name="labelID">31328</property>
			<property name="defaultID">31328</property>
			<visible>Library.HasContent(Movies)</visible>
			<onclick>ActivateWindow(Videos,videodb://recentlyaddedmovies/,return)</onclick>
			<property name="path">ActivateWindow(Videos,videodb://recentlyaddedmovies/,return)</property>
			<property name="list">videodb://recentlyaddedmovies/</property>
			<visible>StringCompare(System.ProfileName,Master user)</visible>
			<property name="group">x10</property>
			<property name="isSubmenu">True</property>
		</item>
		<item id="4">
			<property name="id">$NUM[4]</property>
			<label>$LOCALIZE[20434]</label>
			<label2 />
			<icon>DefaultShortcut.png</icon>
			<thumb />
			<property name="labelID">20434</property>
			<property name="defaultID">20434</property>
			<visible>Library.HasContent(MovieSets)</visible>
			<onclick>ActivateWindow(Videos,videodb://movies/sets/,return)</onclick>
			<property name="path">ActivateWindow(Videos,videodb://movies/sets/,return)</property>
			<property name="list">videodb://movies/sets/</property>
			<visible>StringCompare(System.ProfileName,Master user)</visible>
			<property name="group">x10</property>
			<property name="isSubmenu">True</property>
		</item>
		<item id="5">
			<property name="id">$NUM[5]</property>
			<label>$LOCALIZE[135]</label>
			<label2 />
			<icon>DefaultShortcut.png</icon>
			<thumb />
			<property name="labelID">135</property>
			<property name="defaultID">135</property>
			<onclick>ActivateWindow(Videos,videodb://movies/genres/,return)</onclick>
			<property name="path">ActivateWindow(Videos,videodb://movies/genres/,return)</property>
			<property name="list">videodb://movies/genres/</property>
			<visible>StringCompare(System.ProfileName,Master user)</visible>
			<property name="group">x10</property>
			<property name="isSubmenu">True</property>
		</item>
		<item id="6">
			<property name="id">$NUM[6]</property>
			<label>$LOCALIZE[652]</label>
			<label2 />
			<icon>DefaultShortcut.png</icon>
			<thumb />
			<property name="labelID">652</property>
			<property name="defaultID">652</property>
			<onclick>ActivateWindow(Videos,videodb://movies/years/,return)</onclick>
			<property name="path">ActivateWindow(Videos,videodb://movies/years/,return)</property>
			<property name="list">videodb://movies/years/</property>
			<visible>StringCompare(System.ProfileName,Master user)</visible>
			<property name="group">x10</property>
			<property name="isSubmenu">True</property>
		</item>
		<item id="7">
			<property name="id">$NUM[7]</property>
			<label>$LOCALIZE[344]</label>
			<label2 />
			<icon>DefaultShortcut.png</icon>
			<thumb />
			<property name="labelID">344</property>
			<property name="defaultID">344</property>
			<onclick>ActivateWindow(Videos,videodb://movies/actors/,return)</onclick>
			<property name="path">ActivateWindow(Videos,videodb://movies/actors/,return)</property>
			<property name="list">videodb://movies/actors/</property>
			<visible>StringCompare(System.ProfileName,Master user)</visible>
			<property name="group">x10</property>
			<property name="isSubmenu">True</property>
		</item>
		<item id="8">
			<property name="id">$NUM[8]</property>
			<label>$LOCALIZE[20459]</label>
			<label2 />
			<icon>DefaultShortcut.png</icon>
			<thumb />
			<property name="labelID">20459</property>
			<property name="defaultID">20459</property>
			<onclick>ActivateWindow(Videos,videodb://movies/tags/,return)</onclick>
			<property name="path">ActivateWindow(Videos,videodb://movies/tags/,return)</property>
			<property name="list">videodb://movies/tags/</property>
			<visible>StringCompare(System.ProfileName,Master user)</visible>
			<property name="group">x10</property>
			<property name="isSubmenu">True</property>
		</item>
	</include>
	<include name="skinshortcuts-group-alt-x10">
		<item id="1">
			<property name="id">$NUM[1]</property>
			<label>$LOCALIZE[16101]</label>
			<label2 />
			<icon>DefaultShortcut.png</icon>
			<thumb />
			<property name="labelID">16101</property>
			<property name="defaultID">16101</property>
			<onclick>ActivateWindow(Videos,special://skin/extras/Unwatched.xsp,return)</onclick>
			<property name="path">ActivateWindow(Videos,special://skin/extras/Unwatched.xsp,return)</property>
			<property name="list">special://skin/extras/Unwatched.xsp</property>
			<visible>[StringCompare(System.ProfileName,Master user)] + StringCompare(Window(10000).Property(submenuVisibility),x10)</visible>
			<property name="group">x10</property>
			<property name="isSubmenu">True</property>
		</item>
		<item id="2">
			<property name="id">$NUM[2]</property>
			<label>$LOCALIZE[575]</label>
			<label2 />
			<icon>DefaultShortcut.png</icon>
			<thumb />
			<property name="labelID">575</property>
			<property name="defaultID">575</property>
			<onclick>ActivateWindow(Videos,special://skin/extras/InProgress.xsp,return)</onclick>
			<property name="path">ActivateWindow(Videos,special://skin/extras/InProgress.xsp,return)</property>
			<property name="list">special://skin/extras/InProgress.xsp</property>
			<visible>[StringCompare(System.ProfileName,Master user)] + StringCompare(Window(10000).Property(submenuVisibility),x10)</visible>
			<property name="group">x10</property>
			<property name="isSubmenu">True</property>
		</item>
		<item id="3">
			<property name="id">$NUM[3]</property>
			<label>$LOCALIZE[31328]</label>
			<label2 />
			<icon>DefaultShortcut.png</icon>
			<thumb />
			<property name="labelID">31328</property>
			<property name="defaultID">31328</property>
			<visible>[Library.HasContent(Movies)] + StringCompare(Window(10000).Property(submenuVisibility),x10)</visible>
			<onclick>ActivateWindow(Videos,videodb://recentlyaddedmovies/,return)</onclick>
			<property name="path">ActivateWindow(Videos,videodb://recentlyaddedmovies/,return)</property>
			<property name="list">videodb://recentlyaddedmovies/</property>
			<visible>StringCompare(System.ProfileName,Master user)</visible>
			<property name="group">x10</property>
			<property name="isSubmenu">True</property>
		</item>
		<item id="4">
			<property name="id">$NUM[4]</property>
			<label>$LOCALIZE[20434]</label>
			<label2 />
			<icon>DefaultShortcut.png</icon>
			<thumb />
			<property name="labelID">20434</property>
			<property name="defaultID">20434</property>
			<visible>[Library.HasContent(MovieSets)] + StringCompare(Window(10000).Property(submenuVisibility),x10)</visible>
			<onclick>ActivateWindow(Videos,videodb://movies/sets/,return)</onclick>
			<property name="path">ActivateWindow(Videos,videodb://movies/sets/,return)</property>
			<property name="list">videodb://movies/sets/</property>
			<visible>StringCompare(System.ProfileName,Master user)</visible>
			<property name="group">x10</property>
			<property name="isSubmenu">True</property>
		</item>
		<item id="5">
			<property name="id">$NUM[5]</property>
			<label>$LOCALIZE[135]</label>
			<label2 />
			<icon>DefaultShortcut.png</icon>
			<thumb />
			<property name="labelID">135</property>
			<property name="defaultID">135</property>
			<onclick>ActivateWindow(Videos,videodb://movies/genres/,return)</onclick>
			<property name="path">ActivateWindow(Videos,videodb://movies/genres/,return)</property>
			<property name="list">videodb://movies/genres/</property>
			<visible>[StringCompare(System.ProfileName,Master user)] + StringCompare(Window(10000).Property(submenuVisibility),x10)</visible>
			<property name="group">x10</property>
			<property name="isSubmenu">True</property>
		</item>
		<item id="6">
			<property name="id">$NUM[6]</property>
			<label>$LOCALIZE[652]</label>
			<label2 />
			<icon>DefaultShortcut.png</icon>
			<thumb />
			<property name="labelID">652</property>
			<property name="defaultID">652</property>
			<onclick>ActivateWindow(Videos,videodb://movies/years/,return)</onclick>
			<property name="path">ActivateWindow(Videos,videodb://movies/years/,return)</property>
			<property name="list">videodb://movies/years/</property>
			<visible>[StringCompare(System.ProfileName,Master user)] + StringCompare(Window(10000).Property(submenuVisibility),x10)</visible>
			<property name="group">x10</property>
			<property name="isSubmenu">True</property>
		</item>
		<item id="7">
			<property name="id">$NUM[7]</property>
			<label>$LOCALIZE[344]</label>
			<label2 />
			<icon>DefaultShortcut.png</icon>
			<thumb />
			<property name="labelID">344</property>
			<property name="defaultID">344</property>
			<onclick>ActivateWindow(Videos,videodb://movies/actors/,return)</onclick>
			<property name="path">ActivateWindow(Videos,videodb://movies/actors/,return)</property>
			<property name="list">videodb://movies/actors/</property>
			<visible>[StringCompare(System.ProfileName,Master user)] + StringCompare(Window(10000).Property(submenuVisibility),x10)</visible>
			<property name="group">x10</property>
			<property name="isSubmenu">True</property>
		</item>
		<item id="8">
			<property name="id">$NUM[8]</property>
			<label>$LOCALIZE[20459]</label>
			<label2 />
			<icon>DefaultShortcut.png</icon>
			<thumb />
			<property name="labelID">20459</property>
			<property name="defaultID">20459</property>
			<onclick>ActivateWindow(Videos,videodb://movies/tags/,return)</onclick>
			<property name="path">ActivateWindow(Videos,videodb://movies/tags/,return)</property>
			<property name="list">videodb://movies/tags/</property>
			<visible>[StringCompare(System.ProfileName,Master user)] + StringCompare(Window(10000).Property(submenuVisibility),x10)</visible>
			<property name="group">x10</property>
			<property name="isSubmenu">True</property>
		</item>
	</include>
	<include name="skinshortcuts-group-x11">
		<item id="1">
			<property name="id">$NUM[1]</property>
			<label>$LOCALIZE[4]</label>
			<label2 />
			<icon />
			<thumb />
			<property name="labelID">4</property>
			<property name="defaultID">4</property>
			<visible>System.HasAddon(script.tv.show.next.aired)</visible>
			<onclick>RunAddon(script.tv.show.next.aired,return)</onclick>
			<property name="path">RunAddon(script.tv.show.next.aired,return)</property>
			<property name="list">RunAddon(script.tv.show.next.aired,return)</property>
			<visible>StringCompare(System.ProfileName,Master user)</visible>
			<property name="group">x11</property>
			<property name="isSubmenu">True</property>
		</item>
		<item id="2">
			<property name="id">$NUM[2]</property>
			<label>$LOCALIZE[575]</label>
			<label2 />
			<icon />
			<thumb />
			<property name="labelID">575</property>
			<property name="defaultID">575</property>
			<onclick>ActivateWindow(Videos,library://video/inprogressshows.xml,return)</onclick>
			<property name="path">ActivateWindow(Videos,library://video/inprogressshows.xml,return)</property>
			<property name="list">library://video/inprogressshows.xml</property>
			<visible>StringCompare(System.ProfileName,Master user)</visible>
			<property name="group">x11</property>
			<property name="isSubmenu">True</property>
		</item>
		<item id="3">
			<property name="id">$NUM[3]</property>
			<label>$LOCALIZE[31328]</label>
			<label2 />
			<icon />
			<thumb />
			<property name="labelID">31328</property>
			<property name="defaultID">31328</property>
			<visible>Library.HasContent(TVShows)</visible>
			<onclick>ActivateWindow(Videos,videodb://recentlyaddedepisodes/,return)</onclick>
			<property name="path">ActivateWindow(Videos,videodb://recentlyaddedepisodes/,return)</property>
			<property name="list">videodb://recentlyaddedepisodes/</property>
			<visible>StringCompare(System.ProfileName,Master user)</visible>
			<property name="group">x11</property>
			<property name="isSubmenu">True</property>
		</item>
		<item id="4">
			<property name="id">$NUM[4]</property>
			<label>$LOCALIZE[135]</label>
			<label2 />
			<icon />
			<thumb />
			<property name="labelID">135</property>
			<property name="defaultID">135</property>
			<onclick>ActivateWindow(Videos,videodb://tvshows/genres/,return)</onclick>
			<property name="path">ActivateWindow(Videos,videodb://tvshows/genres/,return)</property>
			<property name="list">videodb://tvshows/genres/</property>
			<visible>StringCompare(System.ProfileName,Master user)</visible>
			<property name="group">x11</property>
			<property name="isSubmenu">True</property>
		</item>
		<item id="5">
			<property name="id">$NUM[5]</property>
			<label>$LOCALIZE[652]</label>
			<label2 />
			<icon />
			<thumb />
			<property name="labelID">652</property>
			<property name="defaultID">652</property>
			<onclick>ActivateWindow(Videos,videodb://tvshows/years/,return)</onclick>
			<property name="path">ActivateWindow(Videos,videodb://tvshows/years/,return)</property>
			<property name="list">videodb://tvshows/years/</property>
			<visible>StringCompare(System.ProfileName,Master user)</visible>
			<property name="group">x11</property>
			<property name="isSubmenu">True</property>
		</item>
		<item id="6">
			<property name="id">$NUM[6]</property>
			<label>$LOCALIZE[344]</label>
			<label2 />
			<icon />
			<thumb />
			<property name="labelID">344</property>
			<property name="defaultID">344</property>
			<onclick>ActivateWindow(Videos,videodb://tvshows/actors/,return)</onclick>
			<property name="path">ActivateWindow(Videos,videodb://tvshows/actors/,return)</property>
			<property name="list">videodb://tvshows/actors/</property>
			<visible>StringCompare(System.ProfileName,Master user)</visible>
			<property name="group">x11</property>
			<property name="isSubmenu">True</property>
		</item>
	</include>
	<include name="skinshortcuts-group-alt-x11">
		<item id="1">
			<property name="id">$NUM[1]</property>
			<label>$LOCALIZE[4]</label>
			<label2 />
			<icon />
			<thumb />
			<property name="labelID">4</property>
			<property name="defaultID">4</property>
			<visible>[System.HasAddon(script.tv.show.next.aired)] + StringCompare(Window(10000).Property(submenuVisibility),x11)</visible>
			<onclick>RunAddon(script.tv.show.next.aired,return)</onclick>
			<property name="path">RunAddon(script.tv.show.next.aired,return)</property>
			<property name="list">RunAddon(script.tv.show.next.aired,return)</property>
			<visible>StringCompare(System.ProfileName,Master user)</visible>
			<property name="group">x11</property>
			<property name="isSubmenu">True</property>
		</item>
		<item id="2">
			<property name="id">$NUM[2]</property>
			<label>$LOCALIZE[575]</label>
			<label2 />
			<icon />
			<thumb />
			<property name="labelID">575</property>
			<property name="defaultID">575</property>
			<onclick>ActivateWindow(Videos,library://video/inprogressshows.xml,return)</onclick>
			<property name="path">ActivateWindow(Videos,library://video/inprogressshows.xml,return)</property>
			<property name="list">library://video/inprogressshows.xml</property>
			<visible>[StringCompare(System.ProfileName,Master user)] + StringCompare(Window(10000).Property(submenuVisibility),x11)</visible>
			<property name="group">x11</property>
			<property name="isSubmenu">True</property>
		</item>
		<item id="3">
			<property name="id">$NUM[3]</property>
			<label>$LOCALIZE[31328]</label>
			<label2 />
			<icon />
			<thumb />
			<property name="labelID">31328</property>
			<property name="defaultID">31328</property>
			<visible>[Library.HasContent(TVShows)] + StringCompare(Window(10000).Property(submenuVisibility),x11)</visible>
			<onclick>ActivateWindow(Videos,videodb://recentlyaddedepisodes/,return)</onclick>
			<property name="path">ActivateWindow(Videos,videodb://recentlyaddedepisodes/,return)</property>
			<property name="list">videodb://recentlyaddedepisodes/</property>
			<visible>StringCompare(System.ProfileName,Master user)</visible>
			<property name="group">x11</property>
			<property name="isSubmenu">True</property>
		</item>
		<item id="4">
			<property name="id">$NUM[4]</property>
			<label>$LOCALIZE[135]</label>
			<label2 />
			<icon />
			<thumb />
			<property name="labelID">135</property>
			<property name="defaultID">135</property>
			<onclick>ActivateWindow(Videos,videodb://tvshows/genres/,return)</onclick>
			<property name="path">ActivateWindow(Videos,videodb://tvshows/genres/,return)</property>
			<property name="list">videodb://tvshows/genres/</property>
			<visible>[StringCompare(System.ProfileName,Master user)] + StringCompare(Window(10000).Property(submenuVisibility),x11)</visible>
			<property name="group">x11</property>
			<property name="isSubmenu">True</property>
		</item>
		<item id="5">
			<property name="id">$NUM[5]</property>
			<label>$LOCALIZE[652]</label>
			<label2 />
			<icon />
			<thumb />
			<property name="labelID">652</property>
			<property name="defaultID">652</property>
			<onclick>ActivateWindow(Videos,videodb://tvshows/years/,return)</onclick>
			<property name="path">ActivateWindow(Videos,videodb://tvshows/years/,return)</property>
			<property name="list">videodb://tvshows/years/</property>
			<visible>[StringCompare(System.ProfileName,Master user)] + StringCompare(Window(10000).Property(submenuVisibility),x11)</visible>
			<property name="group">x11</property>
			<property name="isSubmenu">True</property>
		</item>
		<item id="6">
			<property name="id">$NUM[6]</property>
			<label>$LOCALIZE[344]</label>
			<label2 />
			<icon />
			<thumb />
			<property name="labelID">344</property>
			<property name="defaultID">344</property>
			<onclick>ActivateWindow(Videos,videodb://tvshows/actors/,return)</onclick>
			<property name="path">ActivateWindow(Videos,videodb://tvshows/actors/,return)</property>
			<property name="list">videodb://tvshows/actors/</property>
			<visible>[StringCompare(System.ProfileName,Master user)] + StringCompare(Window(10000).Property(submenuVisibility),x11)</visible>
			<property name="group">x11</property>
			<property name="isSubmenu">True</property>
		</item>
	</include>
	<include name="skinshortcuts-group-x12">
		<item id="1">
			<property name="id">$NUM[1]</property>
			<label>$LOCALIZE[19024]</label>
			<label2 />
			<icon />
			<thumb />
			<property name="labelID">19024</property>
			<property name="defaultID">19024</property>
			<visible>PVR.HasRadioChannels</visible>
			<onclick>ActivateWindow(RadioChannels)</onclick>
			<property name="path">ActivateWindow(RadioChannels)</property>
			<property name="list">RadioChannels</property>
			<visible>StringCompare(System.ProfileName,Master user)</visible>
			<property name="group">x12</property>
			<property name="isSubmenu">True</property>
		</item>
		<item id="2">
			<property name="id">$NUM[2]</property>
			<label>$LOCALIZE[19023]</label>
			<label2 />
			<icon />
			<thumb />
			<property name="labelID">19023</property>
			<property name="defaultID">19023</property>
			<visible>PVR.HasTVChannels</visible>
			<onclick>ActivateWindow(TVChannels)</onclick>
			<property name="path">ActivateWindow(TVChannels)</property>
			<property name="list">TVChannels</property>
			<visible>StringCompare(System.ProfileName,Master user)</visible>
			<property name="group">x12</property>
			<property name="isSubmenu">True</property>
		</item>
		<item id="3">
			<property name="id">$NUM[3]</property>
			<label>$LOCALIZE[19069]</label>
			<label2 />
			<icon />
			<thumb />
			<property name="labelID">19069</property>
			<property name="defaultID">19069</property>
			<visible>PVR.HasTVChannels</visible>
			<onclick>ActivateWindow(TVGuide)</onclick>
			<property name="path">ActivateWindow(TVGuide)</property>
			<property name="list">TVGuide</property>
			<visible>StringCompare(System.ProfileName,Master user)</visible>
			<property name="group">x12</property>
			<property name="isSubmenu">True</property>
		</item>
		<item id="4">
			<property name="id">$NUM[4]</property>
			<label>$LOCALIZE[19163]</label>
			<label2 />
			<icon />
			<thumb />
			<property name="labelID">19163</property>
			<property name="defaultID">19163</property>
			<visible>PVR.HasTVChannels</visible>
			<onclick>ActivateWindow(TVRecordings)</onclick>
			<property name="path">ActivateWindow(TVRecordings)</property>
			<property name="list">TVRecordings</property>
			<visible>StringCompare(System.ProfileName,Master user)</visible>
			<property name="group">x12</property>
			<property name="isSubmenu">True</property>
		</item>
		<item id="5">
			<property name="id">$NUM[5]</property>
			<label>$LOCALIZE[19040]</label>
			<label2 />
			<icon />
			<thumb />
			<property name="labelID">19040</property>
			<property name="defaultID">19040</property>
			<visible>PVR.HasTVChannels</visible>
			<onclick>ActivateWindow(TVTimers)</onclick>
			<property name="path">ActivateWindow(TVTimers)</property>
			<property name="list">TVTimers</property>
			<visible>StringCompare(System.ProfileName,Master user)</visible>
			<property name="group">x12</property>
			<property name="isSubmenu">True</property>
		</item>
	</include>
	<include name="skinshortcuts-group-alt-x12">
		<item id="1">
			<property name="id">$NUM[1]</property>
			<label>$LOCALIZE[19024]</label>
			<label2 />
			<icon />
			<thumb />
			<property name="labelID">19024</property>
			<property name="defaultID">19024</property>
			<visible>[PVR.HasRadioChannels] + StringCompare(Window(10000).Property(submenuVisibility),x12)</visible>
			<onclick>ActivateWindow(RadioChannels)</onclick>
			<property name="path">ActivateWindow(RadioChannels)</property>
			<property name="list">RadioChannels</property>
			<visible>StringCompare(System.ProfileName,Master user)</visible>
			<property name="group">x12</property>
			<property name="isSubmenu">True</property>
		</item>
		<item id="2">
			<property name="id">$NUM[2]</property>
			<label>$LOCALIZE[19023]</label>
			<label2 />
			<icon />
			<thumb />
			<property name="labelID">19023</property>
			<property name="defaultID">19023</property>
			<visible>[PVR.HasTVChannels] + StringCompare(Window(10000).Property(submenuVisibility),x12)</visible>
			<onclick>ActivateWindow(TVChannels)</onclick>
			<property name="path">ActivateWindow(TVChannels)</property>
			<property name="list">TVChannels</property>
			<visible>StringCompare(System.ProfileName,Master user)</visible>
			<property name="group">x12</property>
			<property name="isSubmenu">True</property>
		</item>
		<item id="3">
			<property name="id">$NUM[3]</property>
			<label>$LOCALIZE[19069]</label>
			<label2 />
			<icon />
			<thumb />
			<property name="labelID">19069</property>
			<property name="defaultID">19069</property>
			<visible>[PVR.HasTVChannels] + StringCompare(Window(10000).Property(submenuVisibility),x12)</visible>
			<onclick>ActivateWindow(TVGuide)</onclick>
			<property name="path">ActivateWindow(TVGuide)</property>
			<property name="list">TVGuide</property>
			<visible>StringCompare(System.ProfileName,Master user)</visible>
			<property name="group">x12</property>
			<property name="isSubmenu">True</property>
		</item>
		<item id="4">
			<property name="id">$NUM[4]</property>
			<label>$LOCALIZE[19163]</label>
			<label2 />
			<icon />
			<thumb />
			<property name="labelID">19163</property>
			<property name="defaultID">19163</property>
			<visible>[PVR.HasTVChannels] + StringCompare(Window(10000).Property(submenuVisibility),x12)</visible>
			<onclick>ActivateWindow(TVRecordings)</onclick>
			<property name="path">ActivateWindow(TVRecordings)</property>
			<property name="list">TVRecordings</property>
			<visible>StringCompare(System.ProfileName,Master user)</visible>
			<property name="group">x12</property>
			<property name="isSubmenu">True</property>
		</item>
		<item id="5">
			<property name="id">$NUM[5]</property>
			<label>$LOCALIZE[19040]</label>
			<label2 />
			<icon />
			<thumb />
			<property name="labelID">19040</property>
			<property name="defaultID">19040</property>
			<visible>[PVR.HasTVChannels] + StringCompare(Window(10000).Property(submenuVisibility),x12)</visible>
			<onclick>ActivateWindow(TVTimers)</onclick>
			<property name="path">ActivateWindow(TVTimers)</property>
			<property name="list">TVTimers</property>
			<visible>StringCompare(System.ProfileName,Master user)</visible>
			<property name="group">x12</property>
			<property name="isSubmenu">True</property>
		</item>
	</include>
	<include name="skinshortcuts-group-x13">
		<item id="1">
			<property name="id">$NUM[1]</property>
			<label>$LOCALIZE[133]</label>
			<label2 />
			<icon />
			<thumb />
			<property name="labelID">133</property>
			<property name="defaultID">133</property>
			<onclick>ActivateWindow(Videos,videodb://musicvideos/artists/,return)</onclick>
			<property name="path">ActivateWindow(Videos,videodb://musicvideos/artists/,return)</property>
			<property name="list">videodb://musicvideos/artists/</property>
			<visible>StringCompare(System.ProfileName,Master user)</visible>
			<property name="group">x13</property>
			<property name="isSubmenu">True</property>
		</item>
		<item id="2">
			<property name="id">$NUM[2]</property>
			<label>$LOCALIZE[135]</label>
			<label2 />
			<icon />
			<thumb />
			<property name="labelID">135</property>
			<property name="defaultID">135</property>
			<onclick>ActivateWindow(Videos,videodb://musicvideos/genres,return)</onclick>
			<property name="path">ActivateWindow(Videos,videodb://musicvideos/genres,return)</property>
			<property name="list">videodb://musicvideos/genres</property>
			<visible>StringCompare(System.ProfileName,Master user)</visible>
			<property name="group">x13</property>
			<property name="isSubmenu">True</property>
		</item>
		<item id="3">
			<property name="id">$NUM[3]</property>
			<label>$LOCALIZE[31328]</label>
			<label2 />
			<icon />
			<thumb />
			<property name="labelID">31328</property>
			<property name="defaultID">31328</property>
			<visible>Library.HasContent(MusicVideos)</visible>
			<onclick>ActivateWindow(Videos,videodb://recentlyaddedmusicvideos/,return)</onclick>
			<property name="path">ActivateWindow(Videos,videodb://recentlyaddedmusicvideos/,return)</property>
			<property name="list">videodb://recentlyaddedmusicvideos/</property>
			<visible>StringCompare(System.ProfileName,Master user)</visible>
			<property name="group">x13</property>
			<property name="isSubmenu">True</property>
		</item>
		<item id="4">
			<property name="id">$NUM[4]</property>
			<label>$LOCALIZE[652]</label>
			<label2 />
			<icon />
			<thumb />
			<property name="labelID">652</property>
			<property name="defaultID">652</property>
			<onclick>ActivateWindow(Videos,videodb://musicvideos/years/,return)</onclick>
			<property name="path">ActivateWindow(Videos,videodb://musicvideos/years/,return)</property>
			<property name="list">videodb://musicvideos/years/</property>
			<visible>StringCompare(System.ProfileName,Master user)</visible>
			<property name="group">x13</property>
			<property name="isSubmenu">True</property>
		</item>
		<item id="5">
			<property name="id">$NUM[5]</property>
			<label>$LOCALIZE[20459]</label>
			<label2 />
			<icon />
			<thumb />
			<property name="labelID">20459</property>
			<property name="defaultID">20459</property>
			<onclick>ActivateWindow(Videos,videodb://musicvideos/tags/,return)</onclick>
			<property name="path">ActivateWindow(Videos,videodb://musicvideos/tags/,return)</property>
			<property name="list">videodb://musicvideos/tags/</property>
			<visible>StringCompare(System.ProfileName,Master user)</visible>
			<property name="group">x13</property>
			<property name="isSubmenu">True</property>
		</item>
	</include>
	<include name="skinshortcuts-group-alt-x13">
		<item id="1">
			<property name="id">$NUM[1]</property>
			<label>$LOCALIZE[133]</label>
			<label2 />
			<icon />
			<thumb />
			<property name="labelID">133</property>
			<property name="defaultID">133</property>
			<onclick>ActivateWindow(Videos,videodb://musicvideos/artists/,return)</onclick>
			<property name="path">ActivateWindow(Videos,videodb://musicvideos/artists/,return)</property>
			<property name="list">videodb://musicvideos/artists/</property>
			<visible>[StringCompare(System.ProfileName,Master user)] + StringCompare(Window(10000).Property(submenuVisibility),x13)</visible>
			<property name="group">x13</property>
			<property name="isSubmenu">True</property>
		</item>
		<item id="2">
			<property name="id">$NUM[2]</property>
			<label>$LOCALIZE[135]</label>
			<label2 />
			<icon />
			<thumb />
			<property name="labelID">135</property>
			<property name="defaultID">135</property>
			<onclick>ActivateWindow(Videos,videodb://musicvideos/genres,return)</onclick>
			<property name="path">ActivateWindow(Videos,videodb://musicvideos/genres,return)</property>
			<property name="list">videodb://musicvideos/genres</property>
			<visible>[StringCompare(System.ProfileName,Master user)] + StringCompare(Window(10000).Property(submenuVisibility),x13)</visible>
			<property name="group">x13</property>
			<property name="isSubmenu">True</property>
		</item>
		<item id="3">
			<property name="id">$NUM[3]</property>
			<label>$LOCALIZE[31328]</label>
			<label2 />
			<icon />
			<thumb />
			<property name="labelID">31328</property>
			<property name="defaultID">31328</property>
			<visible>[Library.HasContent(MusicVideos)] + StringCompare(Window(10000).Property(submenuVisibility),x13)</visible>
			<onclick>ActivateWindow(Videos,videodb://recentlyaddedmusicvideos/,return)</onclick>
			<property name="path">ActivateWindow(Videos,videodb://recentlyaddedmusicvideos/,return)</property>
			<property name="list">videodb://recentlyaddedmusicvideos/</property>
			<visible>StringCompare(System.ProfileName,Master user)</visible>
			<property name="group">x13</property>
			<property name="isSubmenu">True</property>
		</item>
		<item id="4">
			<property name="id">$NUM[4]</property>
			<label>$LOCALIZE[652]</label>
			<label2 />
			<icon />
			<thumb />
			<property name="labelID">652</property>
			<property name="defaultID">652</property>
			<onclick>ActivateWindow(Videos,videodb://musicvideos/years/,return)</onclick>
			<property name="path">ActivateWindow(Videos,videodb://musicvideos/years/,return)</property>
			<property name="list">videodb://musicvideos/years/</property>
			<visible>[StringCompare(System.ProfileName,Master user)] + StringCompare(Window(10000).Property(submenuVisibility),x13)</visible>
			<property name="group">x13</property>
			<property name="isSubmenu">True</property>
		</item>
		<item id="5">
			<property name="id">$NUM[5]</property>
			<label>$LOCALIZE[20459]</label>
			<label2 />
			<icon />
			<thumb />
			<property name="labelID">20459</property>
			<property name="defaultID">20459</property>
			<onclick>ActivateWindow(Videos,videodb://musicvideos/tags/,return)</onclick>
			<property name="path">ActivateWindow(Videos,videodb://musicvideos/tags/,return)</property>
			<property name="list">videodb://musicvideos/tags/</property>
			<visible>[StringCompare(System.ProfileName,Master user)] + StringCompare(Window(10000).Property(submenuVisibility),x13)</visible>
			<property name="group">x13</property>
			<property name="isSubmenu">True</property>
		</item>
	</include>
	<include name="skinshortcuts-group-x101" />
	<include name="skinshortcuts-group-alt-x101" />
	<include name="skinshortcuts-group-x202" />
	<include name="skinshortcuts-group-alt-x202" />
	<include name="skinshortcuts-group-x303" />
	<include name="skinshortcuts-group-alt-x303" />
	<include name="skinshortcuts-group-x404" />
	<include name="skinshortcuts-group-alt-x404" />
	<include name="skinshortcuts-group-x50-5" />
	<include name="skinshortcuts-group-alt-x50-5" />
	<include name="skinshortcuts-group-x606" />
	<include name="skinshortcuts-group-alt-x606" />
</includes>
