<?xml version="1.0" encoding="UTF-8"?>
<includes>
	<include name="VideoBannerInfo">
		<control type="group">
			<visible>Control.IsVisible(506) + !Window.IsActive(addoninformation)</visible>
			<include>ViewAnimation</include>
			<top>-66</top>
			<control type="image">
				<left>0</left>
				<top>500</top>
				<width>1920</width>
				<height>680</height>
				<texture>floor.png</texture>
				<visible>Skin.HasSetting(bannerinfofloor)</visible>
			</control>
			<control type="image">
				<description>background image</description>
				<posx>90</posx>
				<posy>1080</posy>
				<width>1740</width>
				<height>964</height>
				<texture border="40">panel_reflect.png</texture>
				<visible>Skin.HasSetting(bannerinfofloor)</visible>
			</control>
			<control type="image">
				<description>background image</description>
				<posx>90</posx>
				<posy>148</posy>
				<width>1740</width>
				<height>964</height>
				<texture border="40">listpanel_back.png</texture>
				<visible>Skin.HasSetting(bannerinfofloor)</visible>
			</control>
			<control type="list" id="506">
				<viewtype label="BannerInfo">icon</viewtype>
				<left>115</left>
				<top>177</top>
				<height>905</height>
				<width>980</width>
				<onleft>SetProperty(MediaMenu,True,home)</onleft>
				<onleft>SetFocus(9050)</onleft>
				<onright>60</onright>
				<onup>506</onup>
				<ondown>506</ondown>
				<orientation>vertical</orientation>
				<scrolltime tween="quadratic" easing="out">300</scrolltime>
				<pagecontrol>60</pagecontrol>
				<visible>Container.Content(tvshows) | Container.Content(movies)</visible>
				<itemlayout width="980" height="181">
					<control type="image">
						<width>980</width>
						<height>181</height>
						<texture>background.png</texture>
						<fadetime>400</fadetime>
						<colordiffuse>background</colordiffuse>
					</control>
					<control type="image">
						<width>980</width>
						<height>181</height>
						<aspectratio>stretch</aspectratio>
						<texture background="true">$VAR[BannerThumb]</texture>
						<colordiffuse>BAffffff</colordiffuse>
						<visible>!IsEmpty(ListItem.Art(banner)) | IsEmpty(ListItem.Art(fanart))</visible>
					</control>
					<control type="group">
						<visible>IsEmpty(ListItem.Art(banner))</visible>
						<control type="image">
							<width>980</width>
							<height>181</height>
							<aspectratio>scale</aspectratio>
							<texture background="true">$INFO[ListItem.Art(fanart)]</texture>
							<colordiffuse>BAffffff</colordiffuse>
						</control>
						<control type="image">
							<left>15</left>
							<width>400</width>
							<height>181</height>
							<aspectratio>keep</aspectratio>
							<texture background="true">$INFO[ListItem.Art(clearlogo)]</texture>
							<colordiffuse>BAffffff</colordiffuse>
							<bordersize>0</bordersize>
						</control>
					</control>
					<control type="image">
						<left>910</left>
						<top>0</top>
						<width>80</width>
						<height>80</height>
						<texture>$VAR[OverlayVar]</texture>
						<aspectratio align="center" aligny="top">keep</aspectratio>
					</control>
					<control type="group">
						<left>10</left>
						<top>10</top>
						<include condition="Skin.HasSetting(Disable.UnwatchedIcon)">UnwatchedIcon</include>
					</control>
				</itemlayout>
				<focusedlayout width="980" height="181">
					<control type="group">
						<animation type="Focus">
							<effect type="zoom" start="95" end="100" time="200" tween="sine" easing="inout" center="auto" />
							<effect type="fade" start="80" end="100" time="200" tween="sine" easing="in" />
						</animation>
						<control type="image">
							<width>980</width>
							<height>181</height>
							<texture>background.png</texture>
							<colordiffuse>background</colordiffuse>
						</control>
						<control type="image">
							<width>980</width>
							<height>181</height>
							<aspectratio>stretch</aspectratio>
							<texture background="true">$VAR[BannerThumb]</texture>
							<bordertexture border="8">thumbs/thumbnail_focused.png</bordertexture>
							<bordersize>8</bordersize>
							<visible>!IsEmpty(ListItem.Art(banner)) | IsEmpty(ListItem.Art(fanart))</visible>
						</control>
						<control type="group">
							<visible>IsEmpty(ListItem.Art(banner))</visible>
							<control type="image">
								<width>980</width>
								<height>181</height>
								<aspectratio>scale</aspectratio>
								<texture background="true">$INFO[ListItem.Art(fanart)]</texture>
								<bordertexture border="8">thumbs/thumbnail_focused.png</bordertexture>
								<bordersize>8</bordersize>
							</control>
							<control type="image">
								<left>15</left>
								<width>400</width>
								<height>181</height>
								<aspectratio>keep</aspectratio>
								<texture background="true">$INFO[ListItem.Art(clearlogo)]</texture>
								<bordersize>2</bordersize>
							</control>
						</control>
						<control type="image">
							<left>903</left>
							<top>8</top>
							<width>80</width>
							<height>80</height>
							<texture>$VAR[OverlayVar]</texture>
							<aspectratio align="center" aligny="top">keep</aspectratio>
						</control>
						<control type="group">
							<left>10</left>
							<top>10</top>
							<include condition="Skin.HasSetting(Disable.UnwatchedIcon)">UnwatchedIcon</include>
						</control>
					</control>
				</focusedlayout>
			</control>
			<control type="scrollbar" id="60">
				<posx>1098</posx>
				<posy>180</posy>
				<width>14</width>
				<height>896</height>
				<onright>61</onright>
				<onleft>505</onleft>
				<ondown>60</ondown>
				<onup>60</onup>
				<showonepage>false</showonepage>
				<texturesliderbackground></texturesliderbackground>
				<texturesliderbar colordiffuse="55ffffff" border="1">scrollbar/texturesliderbar2.png</texturesliderbar>
				<texturesliderbarfocus border="1">scrollbar/texturesliderbar2.png</texturesliderbarfocus>
			</control>
			<control type="image">
				<left>1122</left>
				<top>175</top>
				<width>685</width>
				<height>385</height>
				<aspectratio>scale</aspectratio>
				<texture background="true">$INFO[ListItem.Art(fanart)]</texture>
				<fadetime>400</fadetime>
				<bordertexture border="2">thumbs/panel_border3.png</bordertexture>
				<bordersize>2</bordersize>
			</control>
			<control type="label">
				<left>1110</left>
				<top>570</top>
				<width>628</width>
				<height>60</height>
				<font>font16_title</font>
				<textcolor>grey</textcolor>
				<scroll>true</scroll>
				<label>[B]$VAR[FloorLabelVar][/B]</label>
				<textoffsetx>15</textoffsetx>
			</control>
			<control type="image">
				<left>1750</left>
				<top>587</top>
				<width>42</width>
				<height>28</height>
				<aspectratio>keep</aspectratio>
				<texture>$VAR[UnFocusHDIndicator]</texture>
				<colordiffuse>grey</colordiffuse>
			</control>
			<control type="grouplist">
				<left>1110</left>
				<top>632</top>
				<width>689</width>
				<height>270</height>
				<itemgap>5</itemgap>
				<control type="button">
					<width>689</width>
					<label>$INFO[ListItem.Genre,,[CR]]$VAR[VideoSubLabelVar]</label>
					<include>ShowCaseInfoPanelButtonsValues</include>
					<visible>!ListItem.IsCollection</visible>
				</control>
				<control type="button">
					<textcolor>grey</textcolor>
					<width>689</width>
					<label>$INFO[Window(home).Property(Set.Movies.Genre)][CR]$INFO[Window(home).Property(Set.Movies.Runtime),, $LOCALIZE[12391]]</label>
					<include>ShowCaseInfoPanelButtonsValues</include>
					<visible>ListItem.IsCollection</visible>
				</control>
			</control>
			<control type="textbox">
				<label>$VAR[VideoPlotVar]</label>
				<top>728</top>
				<left>1125</left>
				<width>670</width>
				<height>345</height>
				<font>font14_textbox</font>
				<textcolor>grey</textcolor>
				<autoscroll time="3000" delay="4000" repeat="5000">Skin.HasSetting(Enable.AutoScroll) + !Control.HasFocus(61)</autoscroll>
				<pagecontrol>61</pagecontrol>
				<include>ShowCaseInfoPanelButtonsValues</include>
			</control>
			<control type="scrollbar" id="61">
				<left>1797</left>
				<top>725</top>
				<width>14</width>
				<height>250</height>
				<onleft>60</onleft>
				<onright>SetProperty(MediaMenu,True,home)</onright>
				<onright>SetFocus(9050)</onright>
				<ondown>61</ondown>
				<onup>61</onup>
				<showonepage>false</showonepage>
				<orientation>vertical</orientation>
				<texturesliderbackground>-</texturesliderbackground>
				<texturesliderbar colordiffuse="55ffffff" border="1">scrollbar/texturesliderbar2.png</texturesliderbar>
				<texturesliderbarfocus border="1">scrollbar/texturesliderbar2.png</texturesliderbarfocus>
				<visible>!ListItem.IsCollection</visible>
			</control>
			<control type="scrollbar" id="61">
				<left>1797</left>
				<top>632</top>
				<width>14</width>
				<height>445</height>
				<onleft>505</onleft>
				<onright>SetProperty(MediaMenu,True,home)</onright>
				<onright>SetFocus(9050)</onright>
				<ondown>61</ondown>
				<onup>61</onup>
				<showonepage>false</showonepage>
				<orientation>vertical</orientation>
				<texturesliderbackground>-</texturesliderbackground>
				<texturesliderbar colordiffuse="55ffffff" border="1">scrollbar/texturesliderbar2.png</texturesliderbar>
				<texturesliderbarfocus border="1">scrollbar/texturesliderbar2.png</texturesliderbarfocus>
				<visible>ListItem.IsCollection</visible>
			</control>
		</control>
	</include>
</includes>