<?xml version="1.0" encoding="UTF-8"?>
<includes>
	<!-- Video LowList -->
	<include name="VideoLowList">
		<control type="group">
			<visible>Control.IsVisible(501) + !Window.IsActive(addoninformation)</visible>
			<include>ViewAnimation</include>
			<control type="image">
				<left>1500</left>
				<top>545</top>
				<width>390</width>
				<height>164</height>
				<aspectratio aligny="bottom">keep</aspectratio>
				<texture background="true">$VAR[ArtworkLogoVar]</texture>
				<visible>Skin.HasSetting(nohighlist) + Skin.HasSetting(lowlistlogo)</visible>
			</control>
			<control type="image">
				<left>1500</left>
				<top>375</top>
				<width>390</width>
				<height>164</height>
				<aspectratio aligny="bottom">keep</aspectratio>
				<texture background="true">$VAR[ArtworkLogoVar]</texture>
				<visible>!Skin.HasSetting(nohighlist) + Skin.HasSetting(highlistlogo)</visible>
			</control>
			<!-- IMDb Logo -->
			<control type="grouplist">
				<left>1780</left>
				<top>55</top>
				<itemgap>0</itemgap>
				<orientation>vertical</orientation>
				<visible>Skin.HasSetting(lowlistimdblogo)</visible>
				<control type="image">
					<visible>!IsEmpty(ListItem.Top250)</visible>
					<width>100</width>
					<height>45</height>
					<align>center</align>
					<aspectratio>scale</aspectratio>
					<texture background="true">IMDb.png</texture>
				</control>
				<control type="Label">
					<visible>!IsEmpty(ListItem.Top250)</visible>
					<width>100</width>
					<height>100</height>
					<align>center</align>
					<label>$INFO[ListItem.Top250,#]</label>
					<font>font16_title_bold</font>
					<shadowcolor>shadow</shadowcolor>
					<textcolor>fffeec900</textcolor>
				</control>
				<!--<control type="image">
					<width>125</width>
					<height>175</height>
					<align>center</align>
					<aspectratio>keep</aspectratio>
					<texture background="true">oscars.png</texture>
					<visible>SubString(ListItem.FileName,.oscars) | StringCompare(Container.FolderPath,special://profile/playlists/video/BestPicture.xsp)</visible>
				</control>-->
			</control>
			<control type="image">
				<left>1800</left>
				<top>25</top>
				<width>125</width>
				<height>175</height>
				<align>center</align>
				<aspectratio>keep</aspectratio>
				<texture background="true">oscars.png</texture>
				<visible>Skin.HasSetting(oscars501) + [SubString(ListItem.FileName,.oscars) | StringCompare(Container.FolderPath,special://profile/playlists/video/BestPicture.xsp)]</visible>
			</control>
			<control type="image">
				<top>710</top>
				<width>FullScreenWidth</width>
				<height>651</height>
				<texture border="1,32,1,1">bottombar.png</texture>
				<animation effect="slide" end="0,-170" time="120" condition="!Skin.HasSetting(nohighlist)">Conditional</animation>
			</control>
			<control type="group">
				<left>5</left>
				<top>442</top>
				<control type="image">
					<top>-195</top>
					<left>28</left>
					<width>380</width>
					<height>380</height>
					<aspectratio align="right">keep</aspectratio>
					<texture background="true">$INFO[ListItem.Art(discart)]</texture>
					<fadetime>IconCrossfadeTime</fadetime>
					<visible>Container.Content(movies)</visible>
					<animation type="WindowOpen" reversible="false">
						<effect type="slide" tween="cubic" easing="inout" time="1500" delay="100" start="-800" end="0" />
						<effect type="rotate" end="-360" center="auto" time="2000" delay="0" loop="false" tween="cubic" easing="inout" />
					</animation>
					<animation type="Conditional" reversible="false" condition="!Container.OnNext + !Container.OnPrevious">
						<effect type="rotate" end="-360" center="auto" time="6400" delay="1200" loop="false" tween="cubic" easing="inout" />
					</animation>
					<!--<animation effect="fade" start="0" end="100" time="600" condition="!Container.OnNext + !Container.OnPrevious">Conditional</animation>
					<animation effect="rotate" end="-360" center="auto" time="6400" delay="800" loop="false" reversible="false" tween="cubic" easing="inout" condition="!Container.OnNext + !Container.OnPrevious">Conditional</animation>-->
					<visible>Skin.HasSetting(disclowlist)</visible>
				</control>
				<control type="image">
					<width>440</width>
					<height>640</height>
					<aspectratio aligny="bottom">stretch</aspectratio>
					<texture background="true">$VAR[PosterVar]</texture>
					<fadetime>IconCrossfadeTime</fadetime>
					<bordertexture border="20">thumbs/thumb_shadow.png</bordertexture>
					<bordersize>20</bordersize>
				</control>
				<control type="image">
					<left>-55</left>
					<top>-40</top>
					<width>502</width>
					<height>700</height>
					<fadetime>IconCrossfadeTime</fadetime>
					<texture background="true" fallback="thumbs/boxes/p.png">thumbs/boxes/$VAR[GlobalCaseVar]</texture>
					<aspectratio scalediffuse="false">stretch</aspectratio>
					<visible>Container.Content(movies) + Skin.HasSetting(togglelowlistcovers) + !Skin.HasSetting(useclearcases)</visible>
				</control>
				<control type="image">
					<left>-48</left>
					<top>-37</top>
					<width>495</width>
					<height>694</height>
					<fadetime>IconCrossfadeTime</fadetime>
					<texture background="true">thumbs/boxes/clearcases/$VAR[GlobalCaseVar]</texture>
					<aspectratio scalediffuse="false">stretch</aspectratio>
					<visible>Container.Content(movies) + Skin.HasSetting(togglelowlistcovers) + Skin.HasSetting(useclearcases)</visible>
				</control>
			</control>
			<control type="group">
				<left>1270</left>
				<top>733</top>
				<width>650</width>
				<height>270</height>
				<animation effect="slide" end="0,-170" time="120" condition="!Skin.HasSetting(nohighlist)">Conditional</animation>
				<include>VisibleFadeEffect</include>
				<control type="grouplist">
				<visible>Container.Content(episodes) + !ListItem.IsCollection</visible>
					<control type="button">
						<label>[COLOR labelheader]$LOCALIZE[20416]:[/COLOR][CR]$INFO[ListItem.Premiered]</label>
						<width>650</width>
						<include>ShowCaseInfoPanelButtonsValues</include>
						<visible>!IsEmpty(ListItem.Premiered)</visible>
					</control>
					<control type="button">
						<label>[COLOR labelheader]$LOCALIZE[2050]:[/COLOR][CR]$INFO[ListItem.Duration,, $LOCALIZE[12391]]</label>
						<width>650</width>
						<include>ShowCaseInfoPanelButtonsValues</include>
						<visible>!IsEmpty(ListItem.Duration)</visible>
					</control>
				</control>
				<control type="grouplist">
					<visible>Container.Content(tvshows) | Container.Content(seasons)</visible>
					<control type="button">
						<label>[COLOR labelheader]$LOCALIZE[31010]:[/COLOR][CR]$INFO[Window(Home).Property(NextAired.NextDate),,: ] $INFO[Window(Home).Property(NextAired.NextNumber),, - ]$INFO[Window(Home).Property(NextAired.NextTitle)]</label>
						<width>650</width>
						<include>ShowCaseInfoPanelButtonsValues</include>
						<visible>!IsEmpty(Window(Home).Property(NextAired.NextDate)) + !Skin.HasSetting(Disable.NextAired)</visible>
					</control>
					<control type="button">
						<label>[COLOR labelheader]$LOCALIZE[126]:[/COLOR][CR]$INFO[Window(Home).Property(NextAired.Status)]</label>
						<width>650</width>
						<include>ShowCaseInfoPanelButtonsValues</include>
						<visible>[Container.Content(tvshows) | Container.Content(seasons)] + [!IsEmpty(Window(Home).Property(NextAired.Status)) + IsEmpty(Window(Home).Property(NextAired.NextDate)) + !Skin.HasSetting(Disable.NextAired)] + [Skin.HasSetting(nohighlist) | !Skin.HasSetting(nohighlist)]</visible>
					</control>
					<control type="button">
						<label>[COLOR labelheader]$LOCALIZE[515]:[/COLOR][CR]$INFO[ListItem.Genre]</label>
						<width>650</width>
						<include>ShowCaseInfoPanelButtonsValues</include>
						<visible>!Skin.HasSetting(nohighlist)</visible>
					</control>
				</control>
				<control type="grouplist">
					<visible>Container.Content(movies)</visible>
					<control type="button">
						<label>[COLOR labelheader]$LOCALIZE[20339]:[/COLOR][CR]$INFO[ListItem.Director]</label>
						<width>650</width>
						<include>ShowCaseInfoPanelButtonsValues</include>
						<visible>!IsEmpty(ListItem.Director)</visible>
					</control>
					<control type="button">
						<label>[COLOR labelheader]$LOCALIZE[2050]:[/COLOR][CR]$INFO[ListItem.Duration,, $LOCALIZE[12391]]</label>
						<width>650</width>
						<include>ShowCaseInfoPanelButtonsValues</include>
						<visible>!IsEmpty(ListItem.Duration)</visible>
					</control>
					<control type="button">
						<label>[COLOR labelheader]$LOCALIZE[515]:[/COLOR][CR]$INFO[ListItem.Genre]</label>
						<width>650</width>
						<include>ShowCaseInfoPanelButtonsValues</include>
						<visible>!IsEmpty(ListItem.Genre)</visible>
					</control>
				</control>
			</control>
			<control type="grouplist">
				<left>1270</left>
				<top>733</top>
				<width>650</width>
				<height>270</height>
				<visible>Skin.HasSetting(nohighlist) + ListItem.IsCollection</visible>
				<control type="button">
					<label>[COLOR labelheader]$LOCALIZE[20339]:[/COLOR][CR]$INFO[Window(home).Property(Set.Movies.Director)]</label>
					<width>650</width>
					<include>ShowCaseInfoPanelButtonsValues</include>
					<visible>!IsEmpty(Window(home).Property(Set.Movies.Director)) + [Container.Content(movies) | Container.Content(sets)]</visible>
				</control>
				<control type="button">
					<label>[COLOR labelheader]$LOCALIZE[515]:[/COLOR][CR]$INFO[Window(home).Property(Set.Movies.Genre)]</label>
					<width>650</width>
					<include>ShowCaseInfoPanelButtonsValues</include>
					<visible>!IsEmpty(Window(home).Property(Set.Movies.Genre)) + [Container.Content(movies) | Container.Content(sets)]</visible>
				</control>
				<control type="button">
					<label>[COLOR labelheader]$LOCALIZE[2050]:[/COLOR][CR]$INFO[Window(home).Property(Set.Movies.Runtime),, $LOCALIZE[12391]]</label>
					<width>650</width>
					<include>ShowCaseInfoPanelButtonsValues</include>
					<visible>!IsEmpty(Window(home).Property(Set.Movies.Runtime)) + [Container.Content(movies) | Container.Content(sets)]</visible>
				</control>
			</control>
			<control type="grouplist">
				<left>1270</left>
				<top>563</top>
				<width>650</width>
				<height>270</height>
				<visible>!Skin.HasSetting(nohighlist) + ListItem.IsCollection</visible>
				<control type="button">
					<label>[COLOR labelheader]$LOCALIZE[31000]:[/COLOR][CR]$INFO[Window(home).Property(Set.Movies.Director)]</label>
					<width>650</width>
					<include>ShowCaseInfoPanelButtonsValues</include>
					<visible>!IsEmpty(Window(home).Property(Set.Movies.Director)) + [Container.Content(movies) | Container.Content(sets)]</visible>
				</control>
				<control type="button">
					<label>[COLOR labelheader]$LOCALIZE[2050]:[/COLOR][CR]$INFO[Window(home).Property(Set.Movies.Runtime),, $LOCALIZE[12391]]</label>
					<width>650</width>
					<include>ShowCaseInfoPanelButtonsValues</include>
					<visible>!IsEmpty(Window(home).Property(Set.Movies.Runtime)) + [Container.Content(movies) | Container.Content(sets)]</visible>
				</control>
				<control type="button">
					<label>[COLOR labelheader]$LOCALIZE[515]:[/COLOR][CR]$INFO[Window(home).Property(Set.Movies.Genre)]</label>
					<width>650</width>
					<include>ShowCaseInfoPanelButtonsValues</include>
					<visible>!IsEmpty(Window(home).Property(Set.Movies.Genre)) + [Container.Content(movies) | Container.Content(sets)]</visible>
				</control>
			</control>
			<control type="grouplist">
				<left>1270</left>
				<top>563</top>
				<width>650</width>
				<height>270</height>
				<visible>!Skin.HasSetting(nohighlist) + Window.IsActive(programs)</visible>
					<control type="button">
						<label>[COLOR labelheader]$LOCALIZE[31043]:[/COLOR][CR]$INFO[ListItem.Writer]</label>
						<width>650</width>
						<include>ShowCaseInfoPanelButtonsValues</include>
						<visible>!IsEmpty(ListItem.Writer)</visible>
					</control>
					<control type="button">
						<label>[COLOR labelheader]$LOCALIZE[515]:[/COLOR][CR]$INFO[ListItem.Genre]</label>
						<width>650</width>
						<include>ShowCaseInfoPanelButtonsValues</include>
						<visible>!IsEmpty(ListItem.Genre)</visible>
					</control>
					<control type="button">
						<label>[COLOR labelheader]$LOCALIZE[572]:[/COLOR][CR]$INFO[ListItem.Studio]</label>
						<width>650</width>
						<include>ShowCaseInfoPanelButtonsValues</include>
						<visible>!IsEmpty(ListItem.Studio)</visible>
					</control>
			</control>
			<control type="grouplist">
				<left>1270</left>
				<top>733</top>
				<width>650</width>
				<height>270</height>
				<visible>Skin.HasSetting(nohighlist) + Window.IsActive(programs)</visible>
					<control type="button">
						<label>[COLOR labelheader]$LOCALIZE[31043]:[/COLOR][CR]$INFO[ListItem.Writer]</label>
						<width>650</width>
						<include>ShowCaseInfoPanelButtonsValues</include>
						<visible>!IsEmpty(ListItem.Writer)</visible>
					</control>
					<control type="button">
						<label>[COLOR labelheader]$LOCALIZE[515]:[/COLOR][CR]$INFO[ListItem.Genre]</label>
						<width>650</width>
						<include>ShowCaseInfoPanelButtonsValues</include>
						<visible>!IsEmpty(ListItem.Genre)</visible>
					</control>
					<control type="button">
						<label>[COLOR labelheader]$LOCALIZE[572]:[/COLOR][CR]$INFO[ListItem.Studio]</label>
						<width>650</width>
						<include>ShowCaseInfoPanelButtonsValues</include>
						<visible>!IsEmpty(ListItem.Studio)</visible>
					</control>
			</control>
			<control type="image">
				<left>1500</left>
				<top>733</top>
				<width>420</width>
				<height>269</height>
				<aspectratio>scale</aspectratio>
				<texture background="true">$INFO[ListItem.Art(thumb)]</texture>
				<fadetime>IconCrossfadeTime</fadetime>
				<bordertexture border="2">thumbs/panel_border3.png</bordertexture>
				<bordersize>2</bordersize>
				<visible>Container.Content(episodes)</visible>
				<animation effect="slide" end="0,-170" time="120" condition="!Skin.HasSetting(nohighlist)">Conditional</animation>
			</control>
			<control type="group">
				<left>1270</left>
				<top>733</top>
				<visible>!Skin.HasSetting(nohighlist) + ![Container.Content(tvshows) | Container.Content(seasons)]</visible>
				<include>VisibleFadeEffect</include>
				<control type="textbox" id="70">
					<label>$VAR[VideoPlotVar]</label>
					<left>15</left>
					<top>105</top>
					<width>615</width>
					<height>155</height>
					<font>font14_textbox</font>
					<pagecontrol>62</pagecontrol>
					<include>ShowCaseInfoPanelButtonsValues</include>
					<autoscroll time="3000" delay="4000" repeat="5000">Skin.HasSetting(Enable.AutoScroll) + !Control.HasFocus(62)</autoscroll>
					<visible>!ListItem.IsCollection</visible>
				</control>
				<control type="textbox" id="71">
					<label>$VAR[VideoPlotVar]</label>
					<left>15</left>
					<top>105</top>
					<width>615</width>
					<height>240</height>
					<font>font14_textbox</font>
					<pagecontrol>63</pagecontrol>
					<include>ShowCaseInfoPanelButtonsValues</include>
					<autoscroll time="3000" delay="4000" repeat="5000">Skin.HasSetting(Enable.AutoScroll) + !Control.HasFocus(62)</autoscroll>
					<visible>ListItem.IsCollection</visible>
				</control>
				<control type="scrollbar" id="62">
					<left>636</left>
					<top>110</top>
					<width>14</width>
					<height>150</height>
					<onup>PageUp(70)</onup>
					<ondown>PageUp(70)</ondown>
					<onleft>50</onleft>
					<onright>SetProperty(MediaMenu,True,home)</onright>
					<onright>SetFocus(9050)</onright>
					<texturesliderbackground>scrollbar/texturesliderbackground3.png</texturesliderbackground>
					<texturesliderbar colordiffuse="55ffffff" border="1">scrollbar/texturesliderbar3.png</texturesliderbar>
					<texturesliderbarfocus border="1">scrollbar/texturesliderbar3.png</texturesliderbarfocus>
					<showonepage>false</showonepage>
					<orientation>vertical</orientation>
					<visible>!ListItem.IsCollection</visible>
				</control>
				<control type="scrollbar" id="63">
					<left>636</left>
					<top>120</top>
					<width>14</width>
					<height>220</height>
					<onup>PageUp(71)</onup>
					<ondown>PageUp(71)</ondown>
					<onleft>50</onleft>
					<onright>SetProperty(MediaMenu,True,home)</onright>
					<onright>SetFocus(9050)</onright>
					<texturesliderbackground>scrollbar/texturesliderbackground3.png</texturesliderbackground>
					<texturesliderbar colordiffuse="55ffffff" border="1">scrollbar/texturesliderbar3.png</texturesliderbar>
					<texturesliderbarfocus border="1">scrollbar/texturesliderbar3.png</texturesliderbarfocus>
					<showonepage>false</showonepage>
					<orientation>vertical</orientation>
					<visible>ListItem.IsCollection</visible>
				</control>
			</control>
			<control type="group">
				<left>1270</left>
				<top>652</top>
				<visible>!Skin.HasSetting(nohighlist) + [Container.Content(tvshows) | Container.Content(seasons)]</visible>
				<include>VisibleFadeEffect</include>
				<control type="textbox" id="70">
					<label>$VAR[VideoPlotVar]</label>
					<left>15</left>
					<top>93</top>
					<width>615</width>
					<height>250</height>
					<font>font14_textbox</font>
					<pagecontrol>62</pagecontrol>
					<include>ShowCaseInfoPanelButtonsValues</include>
					<autoscroll time="3000" delay="4000" repeat="5000">Skin.HasSetting(Enable.AutoScroll) + !Control.HasFocus(62)</autoscroll>
				</control>
				<control type="scrollbar" id="62">
					<left>636</left>
					<top>93</top>
					<width>14</width>
					<height>250</height>
					<onup>PageUp(70)</onup>
					<ondown>PageUp(70)</ondown>
					<onleft>50</onleft>
					<onright>SetProperty(MediaMenu,True,home)</onright>
					<onright>SetFocus(9050)</onright>
					<texturesliderbackground>scrollbar/texturesliderbackground3.png</texturesliderbackground>
					<texturesliderbar colordiffuse="55ffffff" border="1">scrollbar/texturesliderbar3.png</texturesliderbar>
					<texturesliderbarfocus border="1">scrollbar/texturesliderbar3.png</texturesliderbarfocus>
					<showonepage>false</showonepage>
					<orientation>vertical</orientation>
				</control>
			</control>
			<control type="group">
				<left>1270</left>
				<top>822</top>
				<visible>Skin.HasSetting(nohighlist) + [Container.Content(tvshows) | Container.Content(seasons)]</visible>
				<include>VisibleFadeEffect</include>
				<control type="textbox" id="70">
					<label>$VAR[VideoPlotVar]</label>
					<left>15</left>
					<top>8</top>
					<width>615</width>
					<height>160</height>
					<font>font14_textbox</font>
					<pagecontrol>62</pagecontrol>
					<include>ShowCaseInfoPanelButtonsValues</include>
					<autoscroll time="3000" delay="4000" repeat="5000">Skin.HasSetting(Enable.AutoScroll) + !Control.HasFocus(62)</autoscroll>
				</control>
				<control type="scrollbar" id="62">
					<left>636</left>
					<top>0</top>
					<width>14</width>
					<height>177</height>
					<onup>PageUp(70)</onup>
					<ondown>PageUp(70)</ondown>
					<onleft>50</onleft>
					<onright>SetProperty(MediaMenu,True,home)</onright>
					<onright>SetFocus(9050)</onright>
					<texturesliderbackground>scrollbar/texturesliderbackground3.png</texturesliderbackground>
					<texturesliderbar colordiffuse="55ffffff" border="1">scrollbar/texturesliderbar3.png</texturesliderbar>
					<texturesliderbarfocus border="1">scrollbar/texturesliderbar3.png</texturesliderbarfocus>
					<showonepage>false</showonepage>
					<orientation>vertical</orientation>
				</control>
			</control>
			<control type="group">
				<left>1270</left>
				<top>1000</top>
				<width>1840</width>
				<height>90</height>
				<visible>!ListItem.IsCollection</visible>
				<control type="image">
					<left>162.5</left>
					<width>2</width>
					<height>90</height>
					<texture border="1">separator3.png</texture>
				</control>
				<control type="image">
					<left>325</left>
					<width>2</width>
					<height>90</height>
					<texture border="1">separator3.png</texture>
				</control>
				<control type="image">
					<left>487.5</left>
					<width>2</width>
					<height>90</height>
					<texture border="1">separator3.png</texture>
				</control>
				<control type="image">
					<left>13.5</left>
					<colordiffuse>grey2</colordiffuse>
					<include>MediaFlagVars</include>
					<texture>$VAR[PathFlagsResolution]</texture>
					<visible>!IsEmpty(ListItem.VideoResolution)</visible>
					<include>VisibleFadeEffect</include>
				</control>
				<control type="image">
					<left>176.5</left>
					<colordiffuse>grey2</colordiffuse>
					<include>MediaFlagVars</include>
					<texture>$VAR[PathFlagsSource]</texture>
					<visible>!IsEmpty(ListItem.VideoCodec)</visible>
					<include>VisibleFadeEffect</include>
				</control>
				<control type="image">
					<left>339</left>
					<colordiffuse>grey2</colordiffuse>
					<include>MediaFlagVars</include>
					<texture>$VAR[PathFlagsAudio]</texture>
					<visible>!IsEmpty(ListItem.AudioCodec)</visible>
					<include>VisibleFadeEffect</include>
				</control>
				<control type="image">
					<left>506</left>
					<colordiffuse>grey2</colordiffuse>
					<include>MediaFlagVars</include>
					<texture>$VAR[PathFlagsAudioChannels]</texture>
					<visible>!IsEmpty(ListItem.AudioChannels) + !Container.Content(seasons)</visible>
					<include>VisibleFadeEffect</include>
				</control>
				<control type="group">
					<visible>Container.Content(tvshows) | Container.Content(seasons)</visible>
					<include>VisibleFadeEffect</include>
					<control type="group">
						<top>-6</top>
						<width>162.5</width>
						<visible>!IsEmpty(ListItem.Property(TotalSeasons))</visible>
						<control type="label">
							<left>0</left>
							<top>2</top>
							<width>162.5</width>
							<height>60</height>
							<align>center</align>
							<label>$INFO[ListItem.Property(TotalSeasons)]</label>
							<font>font48_bold</font>
							<wrapmultiline>true</wrapmultiline>
							<textcolor>grey2</textcolor>
						</control>
						<control type="label">
							<top>52</top>
							<width>162.5</width>
							<height>30</height>
							<align>center</align>
							<label>[LOWERCASE]$VAR[OneOrMoreSeasonsVar][/LOWERCASE]</label>
							<font>font12</font>
							<textcolor>grey2</textcolor>
						</control>
					</control>
					<control type="group">
						<visible>!IsEmpty(ListItem.Property(TotalEpisodes))</visible>
						<width>162.5</width>
						<left>162.5</left>
						<top>-6</top>
						<control type="label">
							<left>0</left>
							<top>2</top>
							<width>162.5</width>
							<height>60</height>
							<align>center</align>
							<label>$INFO[ListItem.Property(TotalEpisodes)]</label>
							<font>font48_bold</font>
							<wrapmultiline>true</wrapmultiline>
							<textcolor>grey2</textcolor>
						</control>
						<control type="label">
							<top>52</top>
							<width>162.5</width>
							<height>30</height>
							<align>center</align>
							<label>[LOWERCASE]$VAR[OneOrMoreEpisodesVar][/LOWERCASE]</label>
							<font>font12</font>
							<textcolor>grey2</textcolor>
						</control>
					</control>
					<control type="image">
						<left>339</left>
						<colordiffuse>grey2</colordiffuse>
						<include>MediaFlagVars</include>
						<texture>$VAR[PathFlagsStudios]</texture>
					</control>
					<control type="image">
						<left>506</left>
						<colordiffuse>grey2</colordiffuse>
						<include>MediaFlagVars</include>
						<texture fallback="flags/mpaa/NR.png">$VAR[RatingFlagVar]</texture>
						<visible>!IsEmpty(ListItem.Title) + !Container.Content(seasons)</visible>
					</control>
				</control>
				<control type="image">
					<top>-90</top>
					<width>650</width>
					<height>90</height>
					<texture border="1">separator5.png</texture>
					<visible>!Skin.HasSetting(nohighlist) | Container.Content(tvshows) | Container.Content(seasons)</visible>
					<include>VisibleFadeEffect</include>
				</control>
			</control>
			<control type="list" id="501">
				<left>450</left>
				<top>733</top>
				<width>976</width>
				<include condition="!Skin.HasSetting(nohighlist)">LowListHeightHigh</include>
				<include condition="Skin.HasSetting(nohighlist)">LowListHeightLow</include>
				<onleft>SetProperty(MediaMenu,True,home)</onleft>
				<onleft>SetFocus(9050)</onleft>
				<onright condition="Control.IsVisible(60)">60</onright>
				<onright condition="!Control.IsVisible(60) + Control.IsVisible(62)">62</onright>
				<onright condition="!Control.IsVisible(60) + !Control.IsVisible(62)">63</onright>
				<onup>501</onup>
				<ondown>501</ondown>
				<pagecontrol>60</pagecontrol>
				<viewtype label="LowList">list</viewtype>
				<visible>Container.Content(movies) | Container.Content(tvshows) | Container.Content(seasons) | Container.Content(episodes) | SubString(Container.FolderPath,plugin.program.advanced.launcher)</visible>
				<scrolltime tween="quadratic" easing="out">200</scrolltime>
				<animation effect="slide" end="0,-170" time="120" condition="!Skin.HasSetting(nohighlist)">Conditional</animation>
				<itemlayout height="68" width="806" condition="Container.Content(movies)">
					<control type="image">
						<top>8</top>
						<width>806</width>
						<height>60</height>
						<texture border="1">separator2.png</texture>
					</control>
					<control type="label">
						<left>15</left>
						<width>90</width>
						<height>68</height>
						<font>font15</font>
						<textcolor>labelheader</textcolor>
						<selectedcolor>selected</selectedcolor>
						<align>left</align>
						<aligny>center</aligny>
						<label fallback="• • • •">$INFO[ListItem.Year]</label>
						<visible>!IsEmpty(ListItem.Title)</visible>
						<visible>!ListItem.IsCollection</visible>
					</control>
					<control type="label">
						<left>15</left>
						<width>90</width>
						<height>68</height>
						<font>font15</font>
						<textcolor>labelheader</textcolor>
						<selectedcolor>selected</selectedcolor>
						<align>left</align>
						<aligny>center</aligny>
						<label>• • • •</label>
						<animation effect="fade" start="100" end="70" time="300" tween="sine" easing="inout" condition="!Control.HasFocus(501)">Conditional</animation>
						<visible>!IsEmpty(ListItem.Title)</visible>
						<visible>ListItem.IsCollection</visible>
					</control>
					<control type="label">
						<left>110</left>
						<width>620</width>
						<height>68</height>
						<font>font15</font>
						<textcolor>grey2</textcolor>
						<selectedcolor>selected</selectedcolor>
						<label>$INFO[ListItem.Label]</label>
					</control>
					<control type="label">
						<left>110</left>
						<width>620</width>
						<height>68</height>
						<font>font15</font>
						<align>right</align>
						<textcolor>grey2</textcolor>
						<selectedcolor>selected</selectedcolor>
						<aligny>center</aligny>
						<label>$INFO[ListItem.Rating]</label>
						<visible>[!ListItem.IsCollection] + [!Skin.HasSetting(Enable.HideRatings) | StringCompare(Container.SortMethod,$LOCALIZE[563])]</visible>
					</control>
					<control type="image">
						<left>742</left>
						<top>2</top>
						<width>64</width>
						<height>64</height>
						<aspectratio>keep</aspectratio>
						<texture>$VAR[ListItem.Overlay]</texture>
					</control>
				</itemlayout>
				<focusedlayout height="68" width="806" condition="Container.Content(movies)">
					<control type="image">
						<top>8</top>
						<width>806</width>
						<height>60</height>
						<texture border="1">separator2.png</texture>
					</control>
					<control type="image">
						<width>806</width>
						<height>68</height>
						<texture border="4">listselect_fo.png</texture>
						<visible>Control.HasFocus(501)</visible>
						<include>VisibleFadeEffect</include>
					</control>
					<control type="label">
						<left>15</left>
						<width>90</width>
						<height>68</height>
						<font>font15</font>
						<selectedcolor>selected</selectedcolor>
						<align>left</align>
						<aligny>center</aligny>
						<label fallback="• • • •">$INFO[ListItem.Year]</label>
						<animation effect="fade" start="100" end="70" time="300" tween="sine" easing="inout" condition="!Control.HasFocus(501)">Conditional</animation>
						<visible>!IsEmpty(ListItem.Title)</visible>
						<visible>!ListItem.IsCollection</visible>
					</control>
					<control type="label">
						<left>15</left>
						<width>90</width>
						<height>68</height>
						<font>font15</font>
						<selectedcolor>selected</selectedcolor>
						<align>left</align>
						<aligny>center</aligny>
						<label>• • • •</label>
						<animation effect="fade" start="100" end="70" time="300" tween="sine" easing="inout" condition="!Control.HasFocus(501)">Conditional</animation>
						<visible>!IsEmpty(ListItem.Title)</visible>
						<visible>ListItem.IsCollection</visible>
					</control>
					<control type="label">
						<left>110</left>
						<width>620</width>
						<height>68</height>
						<font>font15</font>
						<selectedcolor>selected</selectedcolor>
						<label>$INFO[ListItem.Label]</label>
						<animation effect="fade" start="100" end="70" time="300" tween="sine" easing="inout" condition="!Control.HasFocus(501)">Conditional</animation>
					</control>
					<control type="label">
						<left>110</left>
						<width>620</width>
						<height>68</height>
						<font>font15</font>
						<align>right</align>
						<selectedcolor>selected</selectedcolor>
						<aligny>center</aligny>
						<label>$INFO[ListItem.Rating]</label>
						<visible>[!ListItem.IsCollection] + [!Skin.HasSetting(Enable.HideRatings) | StringCompare(Container.SortMethod,$LOCALIZE[563])]</visible>
						<animation effect="fade" start="100" end="70" time="300" tween="sine" easing="inout" condition="!Control.HasFocus(501)">Conditional</animation>
					</control>
					<control type="image">
						<left>742</left>
						<top>2</top>
						<width>64</width>
						<height>64</height>
						<aspectratio>keep</aspectratio>
						<texture>$VAR[ListItem.Overlay]</texture>
					</control>
				</focusedlayout>
				<itemlayout height="68" width="806" condition="Container.Content(tvshows)">
					<control type="image">
						<top>8</top>
						<width>806</width>
						<height>60</height>
						<texture border="1">separator2.png</texture>
					</control>
					<control type="label">
						<left>15</left>
						<width>90</width>
						<height>68</height>
						<font>font15</font>
						<textcolor>labelheader</textcolor>
						<selectedcolor>selected</selectedcolor>
						<align>left</align>
						<aligny>center</aligny>
						<label fallback="• • • •">$INFO[ListItem.Year]</label>
						<visible>!IsEmpty(ListItem.Title)</visible>
					</control>
					<control type="label">
						<left>110</left>
						<width>565</width>
						<height>68</height>
						<font>font15</font>
						<textcolor>grey2</textcolor>
						<selectedcolor>selected</selectedcolor>
						<label>$INFO[ListItem.Label]</label>
					</control>
					<control type="label">
						<left>110</left>
						<width>620</width>
						<height>68</height>
						<font>font15</font>
						<align>right</align>
						<textcolor>grey2</textcolor>
						<selectedcolor>selected</selectedcolor>
						<aligny>center</aligny>
						<label>$INFO[ListItem.Rating]</label>
						<visible>!Skin.HasSetting(Enable.HideRatings) | StringCompare(Container.SortMethod,$LOCALIZE[563])</visible>
					</control>
					<control type="image">
						<left>742</left>
						<top>2</top>
						<width>64</width>
						<height>64</height>
						<aspectratio>keep</aspectratio>
						<texture>$VAR[ListItem.Overlay]</texture>
					</control>
					<control type="group">
						<description>Unwatched episodes</description>
						<left>742</left>
						<top>-1</top>
						<control type="image">
							<left>0</left>
							<top>3</top>
							<width>64</width>
							<height>64</height>
							<texture>overlays/list/OverlayUnWatched.png</texture>
							<visible>IntegerGreaterThan(ListItem.Property(UnWatchedEpisodes),0) + IsEmpty(ListItem.Overlay)</visible>
						</control>
						<control type="label">
							<left>-18</left>
							<top>0</top>
							<width>100</width>
							<height>68</height>
							<font>font12_title</font>
							<align>center</align>
							<aligny>center</aligny>
							<label>$VAR[ListOverlayEpisodesVar]</label>
							<textcolor>grey3</textcolor>
							<textoffsetx>18</textoffsetx>
							<visible>IntegerGreaterThan(ListItem.Property(UnWatchedEpisodes),0)</visible>
						</control>
					</control>
				</itemlayout>
				<focusedlayout height="68" width="806" condition="Container.Content(tvshows)">
					<control type="image">
						<top>8</top>
						<width>806</width>
						<height>60</height>
						<texture border="1">separator2.png</texture>
					</control>
					<control type="image">
						<width>806</width>
						<height>68</height>
						<texture border="4">listselect_fo.png</texture>
						<visible>Control.HasFocus(501)</visible>
						<include>VisibleFadeEffect</include>
					</control>
					<control type="label">
						<left>15</left>
						<width>90</width>
						<height>68</height>
						<font>font15</font>
						<selectedcolor>selected</selectedcolor>
						<align>left</align>
						<aligny>center</aligny>
						<label fallback="• • • •">$INFO[ListItem.Year]</label>
						<animation effect="fade" start="100" end="70" time="300" tween="sine" easing="inout" condition="!Control.HasFocus(501)">Conditional</animation>
						<visible>!IsEmpty(ListItem.Title)</visible>
					</control>
					<control type="label">
						<left>110</left>
						<width>565</width>
						<height>68</height>
						<font>font15</font>
						<selectedcolor>selected</selectedcolor>
						<label>$INFO[ListItem.Label]</label>
						<animation effect="fade" start="100" end="70" time="300" tween="sine" easing="inout" condition="!Control.HasFocus(501)">Conditional</animation>
					</control>
					<control type="label">
						<left>110</left>
						<width>620</width>
						<height>68</height>
						<font>font15</font>
						<align>right</align>
						<selectedcolor>selected</selectedcolor>
						<aligny>center</aligny>
						<label>$INFO[ListItem.Rating]</label>
						<visible>!Skin.HasSetting(Enable.HideRatings) | StringCompare(Container.SortMethod,$LOCALIZE[563])</visible>
						<animation effect="fade" start="100" end="70" time="300" tween="sine" easing="inout" condition="!Control.HasFocus(501)">Conditional</animation>
					</control>
					<control type="image">
						<left>742</left>
						<top>2</top>
						<width>64</width>
						<height>64</height>
						<aspectratio>keep</aspectratio>
						<texture>$VAR[ListItem.Overlay]</texture>
					</control>
					<control type="group">
						<description>Unwatched episodes</description>
						<left>742</left>
						<top>-1</top>
						<control type="image">
							<left>0</left>
							<top>3</top>
							<width>64</width>
							<height>64</height>
							<texture>overlays/list/OverlayUnWatched.png</texture>
							<visible>IntegerGreaterThan(ListItem.Property(UnWatchedEpisodes),0) + IsEmpty(ListItem.Overlay)</visible>
						</control>
						<control type="label">
							<left>-18</left>
							<top>0</top>
							<width>100</width>
							<height>68</height>
							<font>font12_title</font>
							<align>center</align>
							<aligny>center</aligny>
							<label>$VAR[ListOverlayEpisodesVar]</label>
							<textcolor>white</textcolor>
							<textoffsetx>18</textoffsetx>
							<visible>IntegerGreaterThan(ListItem.Property(UnWatchedEpisodes),0)</visible>
						</control>
					</control>
				</focusedlayout>
				<itemlayout height="68" width="806" condition="Container.Content(seasons)">
					<control type="image">
						<top>8</top>
						<width>806</width>
						<height>60</height>
						<texture border="1">separator2.png</texture>
					</control>
					<control type="label">
						<left>15</left>
						<width>600</width>
						<height>68</height>
						<font>font15</font>
						<textcolor>grey2</textcolor>
						<selectedcolor>selected</selectedcolor>
						<label>$INFO[ListItem.Label]</label>
					</control>
					<control type="label">
						<left>110</left>
						<width>620</width>
						<height>68</height>
						<font>font15</font>
						<align>right</align>
						<textcolor>grey2</textcolor>
						<selectedcolor>selected</selectedcolor>
						<aligny>center</aligny>
						<label>$INFO[ListItem.Property(TotalEpisodes),, $LOCALIZE[20453]]</label>
					</control>
					<control type="image">
						<left>742</left>
						<top>2</top>
						<width>64</width>
						<height>64</height>
						<aspectratio>keep</aspectratio>
						<texture>$VAR[ListItem.Overlay]</texture>
					</control>
					<control type="group">
						<description>Unwatched episodes</description>
						<left>742</left>
						<top>-1</top>
						<control type="image">
							<left>0</left>
							<top>3</top>
							<width>64</width>
							<height>64</height>
							<texture>overlays/list/OverlayUnWatched.png</texture>
							<visible>IntegerGreaterThan(ListItem.Property(UnWatchedEpisodes),0) + IsEmpty(ListItem.Overlay)</visible>
						</control>
						<control type="label">
							<left>-18</left>
							<top>0</top>
							<width>100</width>
							<height>68</height>
							<font>font12_title</font>
							<align>center</align>
							<aligny>center</aligny>
							<label>$VAR[ListOverlayEpisodesVar]</label>
							<textcolor>grey3</textcolor>
							<textoffsetx>18</textoffsetx>
							<visible>IntegerGreaterThan(ListItem.Property(UnWatchedEpisodes),0)</visible>
						</control>
					</control>
				</itemlayout>
				<focusedlayout height="68" width="806" condition="Container.Content(seasons)">
					<control type="image">
						<top>8</top>
						<width>806</width>
						<height>60</height>
						<texture border="1">separator2.png</texture>
					</control>
					<control type="image">
						<width>806</width>
						<height>68</height>
						<texture border="4">listselect_fo.png</texture>
						<visible>Control.HasFocus(501)</visible>
						<include>VisibleFadeEffect</include>
					</control>
					<control type="label">
						<left>15</left>
						<width>600</width>
						<height>68</height>
						<font>font15</font>
						<selectedcolor>selected</selectedcolor>
						<label>$INFO[ListItem.Label]</label>
						<animation effect="fade" start="100" end="70" time="300" tween="sine" easing="inout" condition="!Control.HasFocus(501)">Conditional</animation>
					</control>
					<control type="label">
						<left>110</left>
						<width>620</width>
						<height>68</height>
						<font>font15</font>
						<align>right</align>
						<selectedcolor>selected</selectedcolor>
						<aligny>center</aligny>
						<label>$INFO[ListItem.Property(TotalEpisodes),, $LOCALIZE[20453]]</label>
						<animation effect="fade" start="100" end="70" time="300" tween="sine" easing="inout" condition="!Control.HasFocus(501)">Conditional</animation>
					</control>
					<control type="image">
						<left>742</left>
						<top>2</top>
						<width>64</width>
						<height>64</height>
						<aspectratio>keep</aspectratio>
						<texture>$VAR[ListItem.Overlay]</texture>
					</control>
					<control type="group">
						<description>Unwatched episodes</description>
						<left>742</left>
						<top>-1</top>
						<control type="image">
							<left>0</left>
							<top>3</top>
							<width>64</width>
							<height>64</height>
							<texture>overlays/list/OverlayUnWatched.png</texture>
							<visible>IntegerGreaterThan(ListItem.Property(UnWatchedEpisodes),0) + IsEmpty(ListItem.Overlay)</visible>
						</control>
						<control type="label">
							<left>-18</left>
							<top>0</top>
							<width>100</width>
							<height>68</height>
							<font>font12_title</font>
							<align>center</align>
							<aligny>center</aligny>
							<label>$VAR[ListOverlayEpisodesVar]</label>
							<textcolor>white</textcolor>
							<textoffsetx>18</textoffsetx>
							<visible>IntegerGreaterThan(ListItem.Property(UnWatchedEpisodes),0)</visible>
						</control>
					</control>
				</focusedlayout>
				<itemlayout height="68" width="806" condition="Container.Content(episodes)">
					<control type="image">
						<top>8</top>
						<width>806</width>
						<height>60</height>
						<texture border="1">separator2.png</texture>
					</control>
					<control type="label">
						<width>730</width>
						<height>68</height>
						<font>font15</font>
						<textcolor>grey2</textcolor>
						<selectedcolor>selected</selectedcolor>
						<label>$INFO[ListItem.Label]</label>
						<textoffsetx>15</textoffsetx>
					</control>
					<control type="label">
						<left>110</left>
						<width>620</width>
						<height>68</height>
						<font>font15</font>
						<align>right</align>
						<textcolor>grey2</textcolor>
						<selectedcolor>selected</selectedcolor>
						<aligny>center</aligny>
						<label>$INFO[ListItem.Rating]</label>
						<visible>!Skin.HasSetting(Enable.HideRatings) | StringCompare(Container.SortMethod,$LOCALIZE[563])</visible>
					</control>
					<control type="image">
						<left>742</left>
						<top>2</top>
						<width>64</width>
						<height>64</height>
						<aspectratio>keep</aspectratio>
						<texture>$VAR[ListItem.Overlay]</texture>
					</control>
				</itemlayout>
				<focusedlayout height="68" width="806" condition="Container.Content(episodes)">
					<control type="image">
						<top>8</top>
						<width>806</width>
						<height>60</height>
						<texture border="1">separator2.png</texture>
					</control>
					<control type="image">
						<width>806</width>
						<height>68</height>
						<texture border="4">listselect_fo.png</texture>
						<visible>Control.HasFocus(501)</visible>
						<include>VisibleFadeEffect</include>
					</control>
					<control type="label">
						<width>730</width>
						<height>68</height>
						<font>font15</font>
						<selectedcolor>selected</selectedcolor>
						<label>$INFO[ListItem.Label]</label>
						<textoffsetx>15</textoffsetx>
						<animation effect="fade" start="100" end="70" time="300" tween="sine" easing="inout" condition="!Control.HasFocus(501)">Conditional</animation>
					</control>
					<control type="label">
						<left>110</left>
						<width>620</width>
						<height>68</height>
						<font>font15</font>
						<align>right</align>
						<selectedcolor>selected</selectedcolor>
						<aligny>center</aligny>
						<label>$INFO[ListItem.Rating]</label>
						<visible>!Skin.HasSetting(Enable.HideRatings) | StringCompare(Container.SortMethod,$LOCALIZE[563])</visible>
						<animation effect="fade" start="100" end="70" time="300" tween="sine" easing="inout" condition="!Control.HasFocus(501)">Conditional</animation>
					</control>
					<control type="image">
						<left>742</left>
						<top>2</top>
						<width>64</width>
						<height>64</height>
						<aspectratio>keep</aspectratio>
						<texture>$VAR[ListItem.Overlay]</texture>
					</control>
				</focusedlayout>
			</control>
			<control type="image">
				<left>450</left>
				<top>1040</top>
				<width>806</width>
				<height>40</height>
				<texture flipy="true" border="1">bottom_shadow.png</texture>
			</control>
			<control type="scrollbar" id="60">
				<left>1256</left>
				<top>734</top>
				<width>14</width>
				<include condition="!Skin.HasSetting(nohighlist)">LowListHeightHigh</include>
				<include condition="Skin.HasSetting(nohighlist)">LowListHeightLow</include>
				<height>517</height>
				<onup>60</onup>
				<ondown>60</ondown>
				<onleft>50</onleft>
				<onright condition="!ListItem.IsCollection">62</onright>
				<onright condition="ListItem.IsCollection">63</onright>
				<onright>63</onright>
				<texturesliderbackground>scrollbar/texturesliderbackground3.png</texturesliderbackground>
				<texturesliderbar colordiffuse="55ffffff" border="1">scrollbar/texturesliderbar3.png</texturesliderbar>
				<texturesliderbarfocus border="1">scrollbar/texturesliderbar3.png</texturesliderbarfocus>
				<showonepage>false</showonepage>
				<orientation>vertical</orientation>
				<animation effect="slide" end="0,-170" time="120" condition="!Skin.HasSetting(nohighlist)">Conditional</animation>
			</control>
		</control>
	</include>
	<!-- Music LowList -->
	<include name="MusicLowList">
		<control type="group">
			<visible>Control.IsVisible(501) + !Window.IsActive(addoninformation)</visible>
			<include>ViewAnimation</include>
			<control type="image">
				<top>630</top>
				<width>FullScreenWidth</width>
				<height>450</height>
				<texture border="1,32,1,1">bottombar.png</texture>
			</control>
			<control type="group">
				<left>5</left>
				<top>442</top>
				<control type="image">
					<width>440</width>
					<height>640</height>
					<aspectratio aligny="bottom">keep</aspectratio>
					<texture background="true">$INFO[ListItem.Icon]</texture>
					<fadetime>IconCrossfadeTime</fadetime>
					<bordertexture border="20">thumbs/thumb_shadow.png</bordertexture>
					<bordersize>20</bordersize>
				</control>
			</control>
			<control type="grouplist">
				<left>1270</left>
				<top>652</top>
				<width>650</width>
				<height>360</height>
				<usecontrolcoords>true</usecontrolcoords>
				<control type="button">
					<label>[COLOR labelheader]$LOCALIZE[557]:[/COLOR][CR]$INFO[ListItem.Artist]</label>
					<width>650</width>
					<include>ShowCaseInfoPanelButtonsValues</include>
					<visible>!IsEmpty(ListItem.Artist)</visible>
				</control>
				<control type="button">
					<label>[COLOR labelheader]$LOCALIZE[515]:[/COLOR][CR]$INFO[ListItem.Genre]</label>
					<width>650</width>
					<include>ShowCaseInfoPanelButtonsValues</include>
					<visible>!IsEmpty(ListItem.Genre)</visible>
				</control>
				<control type="button">
					<label>[COLOR labelheader]$LOCALIZE[180]:[/COLOR][CR]$INFO[ListItem.Duration]</label>
					<width>650</width>
					<include>ShowCaseInfoPanelButtonsValues</include>
					<visible>!IsEmpty(ListItem.Duration)</visible>
				</control>
				<control type="button">
					<label>[COLOR labelheader]$LOCALIZE[21894]:[/COLOR][CR]$INFO[ListItem.Property(Artist_Formed)]</label>
					<width>650</width>
					<include>ShowCaseInfoPanelButtonsValues</include>
					<visible>!IsEmpty(ListItem.Property(Artist_Formed)) + IsEmpty(ListItem.Property(Artist_Genre)) + IsEmpty(ListItem.Property(Artist_Born))</visible>
				</control>
				<control type="button">
					<label>[COLOR labelheader]$LOCALIZE[21893]:[/COLOR][CR]$INFO[ListItem.Property(Artist_Born)]</label>
					<width>650</width>
					<include>ShowCaseInfoPanelButtonsValues</include>
					<visible>!IsEmpty(ListItem.Property(Artist_Born)) + IsEmpty(ListItem.Property(Artist_Genre))</visible>
				</control>
				<control type="button">
					<label>[COLOR labelheader]$LOCALIZE[515]:[/COLOR][CR]$INFO[ListItem.Property(Artist_Genre)]</label>
					<width>650</width>
					<include>ShowCaseInfoPanelButtonsValues</include>
					<visible>!IsEmpty(ListItem.Property(Artist_Genre))</visible>
				</control>
				<control type="textbox">
					<label>[COLOR labelheader]$LOCALIZE[569]:[/COLOR][CR]$INFO[ListItem.Comment]</label>
					<left>15</left>
					<top>0</top>
					<width>615</width>
					<height>180</height>
					<font>font14_textbox</font>
					<pagecontrol>62</pagecontrol>
					<include>ShowCaseInfoPanelButtonsValues</include>
					<autoscroll time="3000" delay="4000" repeat="5000">Skin.HasSetting(Enable.AutoScroll) + !Control.HasFocus(62)</autoscroll>
					<visible>!IsEmpty(ListItem.Comment)</visible>
				</control>
			</control>
			<control type="group">
				<left>1270</left>
				<top>834</top>
				<control type="textbox" id="70">
					<label>$VAR[OtherPlotVar]</label>
					<left>15</left>
					<top>0</top>
					<width>615</width>
					<height>245</height>
					<font>font14_textbox</font>
					<pagecontrol>62</pagecontrol>
					<include>ShowCaseInfoPanelButtonsValues</include>
					<autoscroll time="3000" delay="4000" repeat="5000">Skin.HasSetting(Enable.AutoScroll) + !Control.HasFocus(62)</autoscroll>
				</control>
				<control type="scrollbar" id="62">
					<left>636</left>
					<top>0</top>
					<width>14</width>
					<height>245</height>
					<onup>PageUp(70)</onup>
					<ondown>PageUp(70)</ondown>
					<onleft>50</onleft>
					<onright>SetProperty(MediaMenu,True,home)</onright>
					<onright>SetFocus(9050)</onright>
					<texturesliderbackground>scrollbar/texturesliderbackground3.png</texturesliderbackground>
					<texturesliderbar colordiffuse="55ffffff" border="1">scrollbar/texturesliderbar3.png</texturesliderbar>
					<texturesliderbarfocus border="1">scrollbar/texturesliderbar3.png</texturesliderbarfocus>
					<showonepage>false</showonepage>
					<orientation>vertical</orientation>
				</control>
				<control type="image">
					<top>206</top>
					<width>636</width>
					<height>40</height>
					<texture flipy="true" border="1">bottom_shadow.png</texture>
				</control>
			</control>
			<control type="list" id="501">
				<left>450</left>
				<top>652</top>
				<width>976</width>
				<height>427</height>
				<onleft>SetProperty(MediaMenu,True,home)</onleft>
				<onleft>SetFocus(9050)</onleft>
				<onright>60</onright>
				<onup>501</onup>
				<ondown>501</ondown>
				<pagecontrol>60</pagecontrol>
				<viewtype label="LowList">list</viewtype>
				<visible>Container.Content(albums) | Container.Content(artists) | Container.Content(songs) | Window.IsActive(musicfiles)</visible>
				<scrolltime tween="quadratic" easing="out">200</scrolltime>
				<itemlayout height="68" width="806" condition="Container.Content(albums)">
					<control type="image">
						<top>8</top>
						<width>806</width>
						<height>60</height>
						<texture border="1">separator2.png</texture>
					</control>
					<control type="label">
						<left>15</left>
						<width>90</width>
						<height>68</height>
						<font>font15</font>
						<textcolor>labelheader</textcolor>
						<selectedcolor>selected</selectedcolor>
						<align>left</align>
						<aligny>center</aligny>
						<label fallback="• • • •">$INFO[ListItem.Year]</label>
						<visible>!IsEmpty(ListItem.Album)</visible>
					</control>
					<control type="label">
						<left>110</left>
						<width>620</width>
						<height>68</height>
						<font>font15</font>
						<textcolor>grey2</textcolor>
						<selectedcolor>selected</selectedcolor>
						<label>$INFO[ListItem.Label]</label>
					</control>
					<control type="label">
						<left>110</left>
						<width>680</width>
						<height>68</height>
						<font>font15</font>
						<align>right</align>
						<textcolor>grey2</textcolor>
						<selectedcolor>selected</selectedcolor>
						<aligny>center</aligny>
						<label>$INFO[ListItem.Label2]</label>
						<visible>StringCompare(Container.SortMethod,$LOCALIZE[557])</visible>
					</control>
					<control type="image">
						<left>610</left>
						<top>17</top>
						<width>180</width>
						<height>34</height>
						<aspectratio>keep</aspectratio>
						<texture colordiffuse="themecolor" fallback="rating0.png">$INFO[ListItem.StarRating]</texture>
						<colordiffuse>grey2</colordiffuse>
						<visible>!IsEmpty(ListItem.Title)</visible>
					</control>
				</itemlayout>
				<focusedlayout height="68" width="806" condition="Container.Content(albums)">
					<control type="image">
						<top>8</top>
						<width>806</width>
						<height>60</height>
						<texture border="1">separator2.png</texture>
					</control>
					<control type="image">
						<width>806</width>
						<height>68</height>
						<texture border="4">listselect_fo.png</texture>
						<visible>Control.HasFocus(501)</visible>
						<include>VisibleFadeEffect</include>
					</control>
					<control type="label">
						<left>15</left>
						<width>90</width>
						<height>68</height>
						<font>font15</font>
						<selectedcolor>selected</selectedcolor>
						<align>left</align>
						<aligny>center</aligny>
						<label fallback="• • • •">$INFO[ListItem.Year]</label>
						<animation effect="fade" start="100" end="70" time="300" tween="sine" easing="inout" condition="!Control.HasFocus(501)">Conditional</animation>
						<visible>!IsEmpty(ListItem.Album)</visible>
					</control>
					<control type="label">
						<left>110</left>
						<width>550</width>
						<height>68</height>
						<font>font15</font>
						<selectedcolor>selected</selectedcolor>
						<label>$INFO[ListItem.Label]</label>
						<animation effect="fade" start="100" end="70" time="300" tween="sine" easing="inout" condition="!Control.HasFocus(501)">Conditional</animation>
					</control>
					<control type="label">
						<left>110</left>
						<width>680</width>
						<height>68</height>
						<font>font15</font>
						<align>right</align>
						<selectedcolor>selected</selectedcolor>
						<aligny>center</aligny>
						<label>$INFO[ListItem.label2]</label>
						<animation effect="fade" start="100" end="70" time="300" tween="sine" easing="inout" condition="!Control.HasFocus(55)">Conditional</animation>
						<visible>StringCompare(Container.SortMethod,$LOCALIZE[557])</visible>
					</control>
					<control type="image">
						<left>610</left>
						<top>17</top>
						<width>180</width>
						<height>34</height>
						<aspectratio>keep</aspectratio>
						<texture fallback="rating0.png">$INFO[ListItem.StarRating]</texture>
						<visible>!IsEmpty(ListItem.Title)</visible>
						<animation effect="fade" start="100" end="70" time="300" tween="sine" easing="inout" condition="!Control.HasFocus(55)">Conditional</animation>
					</control>
				</focusedlayout>
				<itemlayout height="68" width="806" condition="Container.Content(songs)">
					<control type="image">
						<top>8</top>
						<width>806</width>
						<height>60</height>
						<texture border="1">separator2.png</texture>
					</control>
					<control type="label">
						<left>15</left>
						<width>60</width>
						<height>68</height>
						<font>font15</font>
						<textcolor>labelheader</textcolor>
						<selectedcolor>selected</selectedcolor>
						<align>left</align>
						<aligny>center</aligny>
						<label fallback="• •">$INFO[ListItem.TrackNumber]</label>
						<visible>!IsEmpty(ListItem.Title)</visible>
					</control>
					<control type="label">
						<left>65</left>
						<top>0</top>
						<width>545</width>
						<height>68</height>
						<font>font15</font>
						<textcolor>grey2</textcolor>
						<selectedcolor>selected</selectedcolor>
						<label>$INFO[ListItem.Title]</label>
						<visible>!IsEmpty(ListItem.Title)</visible>
					</control>
					<control type="label">
						<left>65</left>
						<top>0</top>
						<width>545</width>
						<height>68</height>
						<font>font15</font>
						<textcolor>grey2</textcolor>
						<selectedcolor>selected</selectedcolor>
						<label>$INFO[ListItem.Label]</label>
						<visible>IsEmpty(ListItem.Title)</visible>
					</control>
					<control type="image">
						<left>610</left>
						<top>17</top>
						<width>180</width>
						<height>34</height>
						<aspectratio>keep</aspectratio>
						<texture fallback="rating0.png">$INFO[ListItem.StarRating]</texture>
						<colordiffuse>grey2</colordiffuse>
						<visible>!IsEmpty(ListItem.Title)</visible>
					</control>
				</itemlayout>
				<focusedlayout height="68" width="806" condition="Container.Content(songs)">
					<control type="image">
						<top>8</top>
						<width>806</width>
						<height>60</height>
						<texture border="1">separator2.png</texture>
					</control>
					<control type="image">
						<width>806</width>
						<height>68</height>
						<texture border="4">listselect_fo.png</texture>
						<visible>Control.HasFocus(501)</visible>
						<include>VisibleFadeEffect</include>
					</control>
					<control type="label">
						<left>15</left>
						<width>60</width>
						<height>68</height>
						<font>font15</font>
						<selectedcolor>selected</selectedcolor>
						<align>left</align>
						<aligny>center</aligny>
						<label fallback="• •">$INFO[ListItem.TrackNumber]</label>
						<visible>!IsEmpty(ListItem.Title)</visible>
						<animation effect="fade" start="100" end="70" time="300" tween="sine" easing="inout" condition="!Control.HasFocus(501)">Conditional</animation>
					</control>
					<control type="label">
						<left>65</left>
						<top>0</top>
						<width>545</width>
						<height>68</height>
						<font>font15</font>
						<selectedcolor>selected</selectedcolor>
						<label>$INFO[ListItem.Title]</label>
						<animation effect="fade" start="100" end="70" time="300" tween="sine" easing="inout" condition="!Control.HasFocus(501)">Conditional</animation>
						<visible>!IsEmpty(ListItem.Title)</visible>
					</control>
					<control type="label">
						<left>65</left>
						<top>0</top>
						<width>545</width>
						<height>68</height>
						<font>font15</font>
						<selectedcolor>selected</selectedcolor>
						<label>$INFO[ListItem.Label]</label>
						<animation effect="fade" start="100" end="70" time="300" tween="sine" easing="inout" condition="!Control.HasFocus(501)">Conditional</animation>
						<visible>IsEmpty(ListItem.Title)</visible>
					</control>
					<control type="image">
						<left>610</left>
						<top>17</top>
						<width>180</width>
						<height>34</height>
						<aspectratio>keep</aspectratio>
						<texture fallback="rating0.png">$INFO[ListItem.StarRating]</texture>
						<visible>!IsEmpty(ListItem.Title)</visible>
						<animation effect="fade" start="100" end="70" time="300" tween="sine" easing="inout" condition="!Control.HasFocus(55)">Conditional</animation>
					</control>
				</focusedlayout>
				<itemlayout height="68" width="806" condition="![Container.Content(albums) | Container.Content(songs)]">
					<control type="image">
						<top>8</top>
						<width>806</width>
						<height>60</height>
						<texture border="1">separator2.png</texture>
					</control>
					<control type="label">
						<left>15</left>
						<width>775</width>
						<height>68</height>
						<font>font15</font>
						<textcolor>grey2</textcolor>
						<selectedcolor>selected</selectedcolor>
						<label>$INFO[ListItem.Label]</label>
					</control>
					<control type="label">
						<left>110</left>
						<width>680</width>
						<height>68</height>
						<font>font15</font>
						<align>right</align>
						<textcolor>grey2</textcolor>
						<selectedcolor>selected</selectedcolor>
						<aligny>center</aligny>
						<label>$INFO[ListItem.Label2]</label>
					</control>
				</itemlayout>
				<focusedlayout height="68" width="806" condition="![Container.Content(albums) | Container.Content(songs)]">
					<control type="image">
						<top>8</top>
						<width>806</width>
						<height>60</height>
						<texture border="1">separator2.png</texture>
					</control>
					<control type="image">
						<width>806</width>
						<height>68</height>
						<texture border="4">listselect_fo.png</texture>
						<visible>Control.HasFocus(501)</visible>
						<include>VisibleFadeEffect</include>
					</control>
					<control type="label">
						<left>15</left>
						<width>775</width>
						<height>68</height>
						<font>font15</font>
						<selectedcolor>selected</selectedcolor>
						<label>$INFO[ListItem.Label]</label>
						<animation effect="fade" start="100" end="70" time="300" tween="sine" easing="inout" condition="!Control.HasFocus(501)">Conditional</animation>
					</control>
					<control type="label">
						<left>110</left>
						<width>680</width>
						<height>68</height>
						<font>font15</font>
						<align>right</align>
						<selectedcolor>selected</selectedcolor>
						<aligny>center</aligny>
						<label>$INFO[ListItem.label2]</label>
						<animation effect="fade" start="100" end="70" time="300" tween="sine" easing="inout" condition="!Control.HasFocus(501)">Conditional</animation>
					</control>
				</focusedlayout>
			</control>
			<control type="scrollbar" id="60">
				<left>1256</left>
				<top>652</top>
				<width>14</width>
				<height>427</height>
				<onup>60</onup>
				<ondown>60</ondown>
				<onleft>50</onleft>
				<onright>62</onright>
				<texturesliderbackground>scrollbar/texturesliderbackground3.png</texturesliderbackground>
				<texturesliderbar colordiffuse="55ffffff" border="1">scrollbar/texturesliderbar3.png</texturesliderbar>
				<texturesliderbarfocus border="1">scrollbar/texturesliderbar3.png</texturesliderbarfocus>
				<showonepage>false</showonepage>
				<orientation>vertical</orientation>
			</control>
		</control>
	</include>
	<include name="GamesLowList">
		<control type="group">
			<visible>Control.IsVisible(501) + Window.IsActive(programs)</visible>
			<include>ViewAnimation</include>
			<control type="image">
				<top>710</top>
				<width>FullScreenWidth</width>
				<height>651</height>
				<texture border="1,32,1,1">bottombar.png</texture>
				<animation effect="slide" end="0,-170" time="120" condition="!Skin.HasSetting(nohighlistgame)">Conditional</animation>
			</control>
			<control type="group">
				<left>5</left>
				<top>442</top>
				<control type="image">
					<width>440</width>
					<height>640</height>
					<aspectratio aligny="bottom">stretch</aspectratio>
					<texture background="true">$VAR[PosterVar]</texture>
					<fadetime>IconCrossfadeTime</fadetime>
					<bordertexture border="20">thumbs/thumb_shadow.png</bordertexture>
					<bordersize>20</bordersize>
				</control>
			</control>
			<control type="grouplist">
				<left>1270</left>
				<top>563</top>
				<width>650</width>
				<height>270</height>
				<visible>!Skin.HasSetting(nohighlistgame)</visible>
					<control type="button">
						<label>[COLOR labelheader]$LOCALIZE[31043]:[/COLOR][CR]$INFO[ListItem.Writer]</label>
						<width>650</width>
						<include>ShowCaseInfoPanelButtonsValues</include>
						<visible>!IsEmpty(ListItem.Writer)</visible>
					</control>
					<control type="button">
						<label>[COLOR labelheader]$LOCALIZE[515]:[/COLOR][CR]$INFO[ListItem.Genre]</label>
						<width>650</width>
						<include>ShowCaseInfoPanelButtonsValues</include>
						<visible>!IsEmpty(ListItem.Genre)</visible>
					</control>
					<control type="button">
						<label>[COLOR labelheader]$LOCALIZE[572]:[/COLOR][CR]$INFO[ListItem.Studio]</label>
						<width>650</width>
						<include>ShowCaseInfoPanelButtonsValues</include>
						<visible>!IsEmpty(ListItem.Studio)</visible>
					</control>
			</control>
			<control type="grouplist">
				<left>1270</left>
				<top>733</top>
				<width>650</width>
				<height>270</height>
				<visible>Skin.HasSetting(nohighlistgame)</visible>
					<control type="button">
						<label>[COLOR labelheader]$LOCALIZE[31043]:[/COLOR][CR]$INFO[ListItem.Writer]</label>
						<width>650</width>
						<include>ShowCaseInfoPanelButtonsValues</include>
						<visible>!IsEmpty(ListItem.Writer)</visible>
					</control>
					<control type="button">
						<label>[COLOR labelheader]$LOCALIZE[515]:[/COLOR][CR]$INFO[ListItem.Genre]</label>
						<width>650</width>
						<include>ShowCaseInfoPanelButtonsValues</include>
						<visible>!IsEmpty(ListItem.Genre)</visible>
					</control>
					<control type="button">
						<label>[COLOR labelheader]$LOCALIZE[572]:[/COLOR][CR]$INFO[ListItem.Studio]</label>
						<width>650</width>
						<include>ShowCaseInfoPanelButtonsValues</include>
						<visible>!IsEmpty(ListItem.Studio)</visible>
					</control>
			</control>
			<control type="group">
				<left>1270</left>
				<top>733</top>
				<visible>!Skin.HasSetting(nohighlistgame)</visible>
				<include>VisibleFadeEffect</include>
				<control type="textbox" id="70">
					<label>$VAR[VideoPlotVar]</label>
					<left>15</left>
					<top>105</top>
					<width>615</width>
					<height>250</height>
					<font>font14_textbox</font>
					<pagecontrol>62</pagecontrol>
					<include>ShowCaseInfoPanelButtonsValues</include>
					<autoscroll time="3000" delay="4000" repeat="5000">Skin.HasSetting(Enable.AutoScroll) + !Control.HasFocus(62)</autoscroll>
				</control>
				<control type="scrollbar" id="62">
					<left>636</left>
					<top>105</top>
					<width>14</width>
					<height>235</height>
					<onup>PageUp(70)</onup>
					<ondown>PageUp(70)</ondown>
					<onleft>50</onleft>
					<onright>SetProperty(MediaMenu,True,home)</onright>
					<onright>SetFocus(9050)</onright>
					<texturesliderbackground>scrollbar/texturesliderbackground3.png</texturesliderbackground>
					<texturesliderbar colordiffuse="55ffffff" border="1">scrollbar/texturesliderbar3.png</texturesliderbar>
					<texturesliderbarfocus border="1">scrollbar/texturesliderbar3.png</texturesliderbarfocus>
					<showonepage>false</showonepage>
					<orientation>vertical</orientation>
				</control>
			</control>
			<control type="list" id="501">
				<left>450</left>
				<top>733</top>
				<width>976</width>
				<include condition="!Skin.HasSetting(nohighlistgame)">LowListHeightHigh</include>
				<include condition="Skin.HasSetting(nohighlistgame)">LowListHeightLow</include>
				<onleft>SetProperty(MediaMenu,True,home)</onleft>
				<onleft>SetFocus(9050)</onleft>
				<onright condition="Control.IsVisible(60)">60</onright>
				<onright condition="!Control.IsVisible(60)">62</onright>
				<onup>501</onup>
				<ondown>501</ondown>
				<pagecontrol>60</pagecontrol>
				<viewtype label="LowList">list</viewtype>
				<visible>SubString(Container.FolderPath,plugin.program.advanced.launcher)</visible>
				<scrolltime tween="quadratic" easing="out">200</scrolltime>
				<animation effect="slide" end="0,-170" time="120" condition="!Skin.HasSetting(nohighlistgame)">Conditional</animation>
				<itemlayout height="68" width="806">
					<control type="image">
						<top>8</top>
						<width>806</width>
						<height>60</height>
						<texture border="1">separator2.png</texture>
					</control>
					<control type="label">
						<left>15</left>
						<width>90</width>
						<height>68</height>
						<font>font15</font>
						<textcolor>labelheader</textcolor>
						<selectedcolor>selected</selectedcolor>
						<align>left</align>
						<aligny>center</aligny>
						<label fallback="• • • •">$INFO[ListItem.Year]</label>
						<visible>!IsEmpty(ListItem.Title)</visible>
					</control>
					<control type="label">
						<left>110</left>
						<width>620</width>
						<height>68</height>
						<font>font15</font>
						<textcolor>grey2</textcolor>
						<selectedcolor>selected</selectedcolor>
						<label>$INFO[ListItem.Label]</label>
					</control>
				</itemlayout>
				<focusedlayout height="68" width="806">
					<control type="image">
						<top>8</top>
						<width>806</width>
						<height>60</height>
						<texture border="1">separator2.png</texture>
					</control>
					<control type="image">
						<width>806</width>
						<height>68</height>
						<texture border="4">listselect_fo.png</texture>
						<visible>Control.HasFocus(501)</visible>
						<include>VisibleFadeEffect</include>
					</control>
					<control type="label">
						<left>15</left>
						<width>90</width>
						<height>68</height>
						<font>font15</font>
						<selectedcolor>selected</selectedcolor>
						<align>left</align>
						<aligny>center</aligny>
						<label fallback="• • • •">$INFO[ListItem.Year]</label>
						<animation effect="fade" start="100" end="70" time="300" tween="sine" easing="inout" condition="!Control.HasFocus(501)">Conditional</animation>
					</control>
					<control type="label">
						<left>110</left>
						<width>620</width>
						<height>68</height>
						<font>font15</font>
						<selectedcolor>selected</selectedcolor>
						<label>$INFO[ListItem.Label]</label>
						<animation effect="fade" start="100" end="70" time="300" tween="sine" easing="inout" condition="!Control.HasFocus(501)">Conditional</animation>
					</control>
				</focusedlayout>
			</control>
			<control type="image">
				<left>450</left>
				<top>1040</top>
				<width>806</width>
				<height>40</height>
				<texture flipy="true" border="1">bottom_shadow.png</texture>
			</control>
			<control type="scrollbar" id="60">
				<left>1256</left>
				<top>734</top>
				<width>14</width>
				<include condition="!Skin.HasSetting(nohighlistgame)">LowListHeightHigh</include>
				<include condition="Skin.HasSetting(nohighlistgame)">LowListHeightLow</include>
				<height>517</height>
				<onup>60</onup>
				<ondown>60</ondown>
				<onleft>50</onleft>
				<onright>62</onright>
				<texturesliderbackground>scrollbar/texturesliderbackground3.png</texturesliderbackground>
				<texturesliderbar colordiffuse="55ffffff" border="1">scrollbar/texturesliderbar3.png</texturesliderbar>
				<texturesliderbarfocus border="1">scrollbar/texturesliderbar3.png</texturesliderbarfocus>
				<showonepage>false</showonepage>
				<orientation>vertical</orientation>
				<animation effect="slide" end="0,-170" time="120" condition="!Skin.HasSetting(nohighlistgame)">Conditional</animation>
			</control>
		</control>
	</include>
	<include name="LowListHeightHigh">
		<height>517</height>
		<movement>6</movement>
	</include>
	<include name="LowListHeightLow">
		<height>347</height>
		<movement>4</movement>
	</include>
</includes>