<colors>
	<color name="white">FF8a0404</color> THIS HIGHLIGHTS THE TEXT YOU HAVE SELECTED ** RED
	<color name="white2">FF8a0404</color> TEXT WHILE MUSIC IS PLAYING  ** RED
	<color name="grey">AA8a6f45</color> SUBMENU / DATE / POP OUT VIEW MENU ** GOLD
	<color name="grey2">FF8af9053</color> APPERNACE TO PROFILES IN SETTINGS ** GOLD
	<color name="grey3">ff8a6f45</color> MAIN BAR ** GOLD 
	<color name="grey4">FF8a6f45</color> SILVER	
	<color name="black">FF000000</color> SILVER
	<color name="blue">FF8a6f45</color> SILVER
	<color name="selected">FFaf9053</color> INSTALL TEXT
	<color name="invalid">FF8a0404</color> RED
	<color name="themecolor">FF8a6f45</color> POP OUT SIDE SIDE MENU TITLE TEXT /////// time 
	<color name="themecolor_transparent">88d1d0d0</color> MAIN MENU 2
	<color name="ICS_Blue_Text">ffaf9053</color>
	<color name="ICS_Blue_Textures">ffaf9053</color>
	<color name="dialogheader">FFaf9053</color>
	<color name="labelheader">FF8a6f45</color> SILVER (IN SETTINGS APPERENCE UNDER SETTINGS LABEL)
	<color name="shadow">AA000000</color>
</colors>

STILL FULL GUIDE IN WIP / HOPE THIS HELPS OUT.
EDITZ

8a0404 = red
8a6f45 = gold