<?xml version="1.0" encoding="UTF-8"?>
<window id="1153">
	<defaultcontrol always="true">999</defaultcontrol>
	<allowoverlay>yes</allowoverlay>
	<include>screen-fade</include>
	<controls>
		<include>background</include>
		<include>Fake-Overlay</include>
		<control type="image">
			<posx>0</posx>
			<posy>0</posy>
			<width>1280</width>
			<height>720</height>
			<visible>true</visible>
			<texture>skin_settings_background.jpg</texture>
		</control>

		<control type="label"><!-- Settings label line 1 -->
			<left>946</left>
			<top>25</top>
			<width>309</width>
			<height>31</height>
			<label>$LOCALIZE[636] $LOCALIZE[1036]</label>
			<font>font18</font>
		</control>
		<control type="label"><!-- Settings label line 2 -->
			<left>946</left>
			<top>62</top>
			<width>309</width>
			<height>31</height>
			<label>$LOCALIZE[5]</label>
			<font>font18</font>
		</control>
		<control type="group" id="999">
			<control type="button" id="981"><!-- Custom Movie settings button -->
				<font>font12</font>
				<left>940</left>
				<top>112</top>
				<width>305</width>
				<height>56</height>
				<label>$LOCALIZE[342]</label>
				<onfocus>Skin.SetString(customsettingmenu,movie)</onfocus>
				<ondown>982</ondown>
				<onleft>100</onleft>
			</control>
			<control type="button" id="982"><!-- Custom TVShows settings button -->
				<font>font12</font>
				<left>940</left>
				<top>166</top>
				<width>305</width>
				<height>56</height>
				<label>$LOCALIZE[20343]</label>
				<onfocus>Skin.SetString(customsettingmenu,tvshows)</onfocus>
				<onup>981</onup>
				<ondown>983</ondown>
				<onleft>200</onleft>
			</control>
			<control type="button" id="983"><!-- Custom Music settings button -->
				<font>font12</font>
				<left>940</left>
				<top>220</top>
				<width>305</width>
				<height>56</height>
				<label>$LOCALIZE[2]</label>
				<onfocus>Skin.SetString(customsettingmenu,music)</onfocus>
				<onup>982</onup>
				<ondown>984</ondown>
				<onleft>300</onleft>
			</control>
			<control type="button" id="984"><!-- Custom Addons settings button -->
				<font>font12</font>
				<left>940</left>
				<top>274</top>
				<width>305</width>
				<height>56</height>
				<label>$LOCALIZE[24001]</label>
				<onfocus>Skin.SetString(customsettingmenu,addon)</onfocus>
				<onup>983</onup>
				<ondown>985</ondown>
				<onleft>400</onleft>
			</control>
			<control type="button" id="985"><!-- Custom TV settings button -->
				<font>font12</font>
				<left>940</left>
				<top>328</top>
				<width>305</width>
				<height>56</height>
				<label>$LOCALIZE[19020]</label>
				<onfocus>Skin.SetString(customsettingmenu,tv)</onfocus>
				<onup>984</onup>
				<ondown>986</ondown>
				<onleft>500</onleft>
			</control>
			<control type="button" id="986"><!-- Custom Radio settings button -->
				<font>font12</font>
				<left>940</left>
				<top>382</top>
				<width>305</width>
				<height>56</height>
				<label>$LOCALIZE[19021]</label>
				<onfocus>Skin.SetString(customsettingmenu,radio)</onfocus>
				<onup>985</onup>
				<onleft>600</onleft>
			</control>
		</control>

		<control type="scrollbar" id="1223"><!-- Scrollbar -->
			<left>12</left>
			<top>112</top>
			<width>18</width>
			<height>542</height>
			<onright>998</onright>
			<animation condition="!Control.HasFocus(1223) + !Container.Scrolling + !StringCompare(Skin.String(show-scrollbar),$LOCALIZE[31875])" effect="fade" start="100" end="0" time="200" reversible="true">Conditional</animation>
			<visible>!StringCompare(Skin.String(show-scrollbar),$LOCALIZE[31877])</visible>
		</control>
		<control type="group" id="998">

			<control type="group" id="100"><!--Custom Movie Settings-->
				<visible>Skin.String(customsettingmenu,movie)</visible>
				<control type="image"><!-- Movie settings button image -->
					<left>940</left>
					<top>112</top>
					<width>305</width>
					<height>56</height>
					<texture border="8">button-default-focus.png</texture>
					<include>settingbutton-fade</include>
					<visible>!ControlGroup(999).HasFocus()</visible>
				</control>
				<!-- Markers for control area items (Don't show if scrollbar is in use)-->
				<control type="group">
					<visible>StringCompare(Skin.String(show-scrollbar),$LOCALIZE[31877])</visible><!-- Don't show scrollbar -->
					<control type="image">
						<left>480</left>
						<top>88</top>
						<height>30</height>
						<width>30</width>
						<texture>scroll-up.png</texture>
						<visible>Container(101).HasPrevious</visible>
					</control>
					<control type="image">
						<left>480</left>
						<top>646</top>
						<height>30</height>
						<width>30</width>
						<texture>scroll-down.png</texture>
						<visible>Container(101).HasNext</visible>
					</control>
				</control>

				<control type="grouplist" id="101">
					<left>53</left>
					<top>112</top>
					<width>885</width>
					<height>542</height>
					<itemgap>-2</itemgap>
					<onup>101</onup>
					<ondown>101</ondown>
					<onleft>1223</onleft>
					<onright>999</onright>
					<pagecontrol>1223</pagecontrol>
					<control type="button" id="105"><!-- Movie favourite 1 -->
						<include>settings-submenu-common</include>
						<textwidth>480</textwidth>
						<label>$LOCALIZE[1036] 1</label>
						<label2>$INFO[Skin.String(CustomMovies.1.Label)]</label2>
						<onclick>RunScript(script.favourites,changetitle=true&amp;property=CustomMovies.1)</onclick>
					</control>
					<control type="button" id="106"><!-- Movie favourite 1 icon location -->
						<include>settings-submenu-common</include>
						<textwidth>480</textwidth>
						<label>- $LOCALIZE[21371]</label>
						<label2>$INFO[Skin.String(CustomMovies.1.Icon)] </label2>
						<onclick>Skin.SetFile(CustomMovies.1.Icon,.jpg|.png)</onclick>
					</control>
					<control type="button" id="107"><!-- Movie favourite 2 -->
						<include>settings-submenu-common</include>
						<textwidth>480</textwidth>
						<label>$LOCALIZE[1036] 2</label>
						<label2>$INFO[Skin.String(CustomMovies.2.Label)]</label2>
						<onclick>RunScript(script.favourites,changetitle=true&amp;property=CustomMovies.2)</onclick>
					</control>
					<control type="button" id="108"><!-- Movie favourite 2 icon location -->
						<include>settings-submenu-common</include>
						<textwidth>480</textwidth>
						<label>- $LOCALIZE[21371]</label>
						<label2>$INFO[Skin.String(CustomMovies.2.Icon)] </label2>
						<onclick>Skin.SetFile(CustomMovies.2.Icon,.jpg|.png)</onclick>
					</control>
					<control type="button" id="109"><!-- Movie favourite 3 -->
						<include>settings-submenu-common</include>
						<textwidth>480</textwidth>
						<label>$LOCALIZE[1036] 3</label>
						<label2>$INFO[Skin.String(CustomMovies.3.Label)]</label2>
						<onclick>RunScript(script.favourites,changetitle=true&amp;property=CustomMovies.3)</onclick>
					</control>
					<control type="button" id="110"><!-- Movie favourite 3 icon location -->
						<include>settings-submenu-common</include>
						<textwidth>480</textwidth>
						<label>- $LOCALIZE[21371]</label>
						<label2>$INFO[Skin.String(CustomMovies.3.Icon)] </label2>
						<onclick>Skin.SetFile(CustomMovies.3.Icon,.jpg|.png)</onclick>
					</control>
					<control type="button" id="111"><!-- Movie favourite 4 -->
						<include>settings-submenu-common</include>
						<textwidth>480</textwidth>
						<label>$LOCALIZE[1036] 4</label>
						<label2>$INFO[Skin.String(CustomMovies.4.Label)]</label2>
						<onclick>RunScript(script.favourites,changetitle=true&amp;property=CustomMovies.4)</onclick>
					</control>
					<control type="button" id="112"><!-- Movie favourite 4 icon location -->
						<include>settings-submenu-common</include>
						<textwidth>480</textwidth>
						<label>- $LOCALIZE[21371]</label>
						<label2>$INFO[Skin.String(CustomMovies.4.Icon)] </label2>
						<onclick>Skin.SetFile(CustomMovies.4.Icon,.jpg|.png)</onclick>
					</control>
					<control type="button" id="113"><!-- Movie favourite 5 -->
						<include>settings-submenu-common</include>
						<textwidth>480</textwidth>
						<label>$LOCALIZE[1036] 5</label>
						<label2>$INFO[Skin.String(CustomMovies.5.Label)]</label2>
						<onclick>RunScript(script.favourites,changetitle=true&amp;property=CustomMovies.5)</onclick>
					</control>
					<control type="button" id="114"><!-- Movie favourite 5 icon location -->
						<include>settings-submenu-common</include>
						<textwidth>480</textwidth>
						<label>- $LOCALIZE[21371]</label>
						<label2>$INFO[Skin.String(CustomMovies.5.Icon)] </label2>
						<onclick>Skin.SetFile(CustomMovies.5.Icon,.jpg|.png)</onclick>
					</control>
				</control>
			</control>

			<control type="group" id="200"><!--Custom TVShows Settings-->
				<visible>Skin.String(customsettingmenu,tvshows)</visible>
				<control type="image"><!-- TVShows settings button image -->
					<left>940</left>
					<top>166</top>
					<width>305</width>
					<height>56</height>
					<texture border="8">button-default-focus.png</texture>
					<include>settingbutton-fade</include>
					<visible>!ControlGroup(999).HasFocus()</visible>
				</control>
				<!-- Markers for control area items (Don't show if scrollbar is in use)-->
				<control type="group">
					<visible>StringCompare(Skin.String(show-scrollbar),$LOCALIZE[31877])</visible><!-- Don't show scrollbar -->
					<control type="image">
						<left>480</left>
						<top>88</top>
						<height>30</height>
						<width>30</width>
						<texture>scroll-up.png</texture>
						<visible>Container(201).HasPrevious</visible>
					</control>
					<control type="image">
						<left>480</left>
						<top>646</top>
						<height>30</height>
						<width>30</width>
						<texture>scroll-down.png</texture>
						<visible>Container(201).HasNext</visible>
					</control>
				</control>

				<control type="grouplist" id="201">
					<left>53</left>
					<top>112</top>
					<width>885</width>
					<height>542</height>
					<itemgap>-2</itemgap>
					<onup>201</onup>
					<ondown>201</ondown>
					<onleft>1223</onleft>
					<onright>999</onright>
					<pagecontrol>1223</pagecontrol>
					<control type="button" id="208"><!-- TVShow favourite 1 -->
						<include>settings-submenu-common</include>
						<textwidth>480</textwidth>
						<label>$LOCALIZE[1036] 1</label>
						<label2>$INFO[Skin.String(CustomTVShow.1.Label)]</label2>
						<onclick>RunScript(script.favourites,changetitle=true&amp;property=CustomTVShow.1)</onclick>
					</control>
					<control type="button" id="209"><!-- TVShow favourite 1 icon location -->
						<include>settings-submenu-common</include>
						<textwidth>480</textwidth>
						<label>- $LOCALIZE[21371]</label>
						<label2>$INFO[Skin.String(CustomTVShow.1.Icon)] </label2>
						<onclick>Skin.SetFile(CustomTVShow.1.Icon,.jpg|.png)</onclick>
					</control>
					<control type="button" id="210"><!-- TVShow favourite 2 -->
						<include>settings-submenu-common</include>
						<textwidth>480</textwidth>
						<label>$LOCALIZE[1036] 2</label>
						<label2>$INFO[Skin.String(CustomTVShow.2.Label)]</label2>
						<onclick>RunScript(script.favourites,changetitle=true&amp;property=CustomTVShow.2)</onclick>
					</control>
					<control type="button" id="211"><!-- TVShow favourite 2 icon location -->
						<include>settings-submenu-common</include>
						<textwidth>480</textwidth>
						<label>- $LOCALIZE[21371]</label>
						<label2>$INFO[Skin.String(CustomTVShow.2.Icon)] </label2>
						<onclick>Skin.SetFile(CustomTVShow.2.Icon,.jpg|.png)</onclick>
					</control>
					<control type="button" id="212"><!-- TVShow favourite 3 -->
						<include>settings-submenu-common</include>
						<textwidth>480</textwidth>
						<label>$LOCALIZE[1036] 3</label>
						<label2>$INFO[Skin.String(CustomTVShow.3.Label)]</label2>
						<onclick>RunScript(script.favourites,changetitle=true&amp;property=CustomTVShow.3)</onclick>
					</control>
					<control type="button" id="213"><!-- TVShow favourite 3 icon location -->
						<include>settings-submenu-common</include>
						<textwidth>480</textwidth>
						<label>- $LOCALIZE[21371]</label>
						<label2>$INFO[Skin.String(CustomTVShow.3.Icon)] </label2>
						<onclick>Skin.SetFile(CustomTVShow.3.Icon,.jpg|.png)</onclick>
					</control>
					<control type="button" id="214"><!-- TVShow favourite 4 -->
						<include>settings-submenu-common</include>
						<textwidth>480</textwidth>
						<label>$LOCALIZE[1036] 4</label>
						<label2>$INFO[Skin.String(CustomTVShow.4.Label)]</label2>
						<onclick>RunScript(script.favourites,changetitle=true&amp;property=CustomTVShow.4)</onclick>
					</control>
					<control type="button" id="215"><!-- TVShow favourite 4 icon location -->
						<include>settings-submenu-common</include>
						<textwidth>480</textwidth>
						<label>- $LOCALIZE[21371]</label>
						<label2>$INFO[Skin.String(CustomTVShow.4.Icon)] </label2>
						<onclick>Skin.SetFile(CustomTVShow.4.Icon,.jpg|.png)</onclick>
					</control>
					<control type="button" id="216"><!-- TVShow favourite 5 -->
						<include>settings-submenu-common</include>
						<textwidth>480</textwidth>
						<label>$LOCALIZE[1036] 5</label>
						<label2>$INFO[Skin.String(CustomTVShow.5.Label)]</label2>
						<onclick>RunScript(script.favourites,changetitle=true&amp;property=CustomTVShow.5)</onclick>
					</control>
					<control type="button" id="217"><!-- TVShow favourite 5 icon location -->
						<include>settings-submenu-common</include>
						<textwidth>480</textwidth>
						<label>- $LOCALIZE[21371]</label>
						<label2>$INFO[Skin.String(CustomTVShow.5.Icon)] </label2>
						<onclick>Skin.SetFile(CustomTVShow.5.Icon,.jpg|.png)</onclick>
					</control>
				</control>
			</control>

			<control type="group" id="300"><!--Custom Music settings-->
				<visible>Skin.String(customsettingmenu,music)</visible>
				<control type="image"><!-- Music settings button image -->
					<left>940</left>
					<top>220</top>
					<width>305</width>
					<height>56</height>
					<texture border="8">button-default-focus.png</texture>
					<include>settingbutton-fade</include>
					<visible>!ControlGroup(999).HasFocus()</visible>
				</control>
				<!-- Markers for control area items (Don't show if scrollbar is in use)-->
				<control type="group">
					<visible>StringCompare(Skin.String(show-scrollbar),$LOCALIZE[31877])</visible><!-- Don't show scrollbar -->
					<control type="image">
						<left>480</left>
						<top>88</top>
						<height>30</height>
						<width>30</width>
						<texture>scroll-up.png</texture>
						<visible>Container(301).HasPrevious</visible>
					</control>
					<control type="image">
						<left>480</left>
						<top>646</top>
						<height>30</height>
						<width>30</width>
						<texture>scroll-down.png</texture>
						<visible>Container(301).HasNext</visible>
					</control>
				</control>

				<control type="grouplist" id="301">
					<left>53</left>
					<top>112</top>
					<width>885</width>
					<height>542</height>
					<itemgap>-2</itemgap>
					<onup>301</onup>
					<ondown>301</ondown>
					<onleft>1223</onleft>
					<onright>999</onright>
					<pagecontrol>1223</pagecontrol>

					<control type="button" id="305"><!-- Music favourite 1 -->
						<include>settings-submenu-common</include>
						<textwidth>480</textwidth>
						<label>$LOCALIZE[1036] 1</label>
						<label2>$INFO[Skin.String(CustomMusic.1.Label)]</label2>
						<onclick>RunScript(script.favourites,changetitle=true&amp;property=CustomMusic.1)</onclick>
					</control>
					<control type="button" id="306"><!-- Music favourite 1 icon location -->
						<include>settings-submenu-common</include>
						<textwidth>480</textwidth>
						<label>- $LOCALIZE[21371]</label>
						<label2>$INFO[Skin.String(CustomMusic.1.Icon)] </label2>
						<onclick>Skin.SetFile(CustomMusic.1.Icon,.jpg|.png)</onclick>
					</control>
					<control type="button" id="307"><!-- Music favourite 2 -->
						<include>settings-submenu-common</include>
						<textwidth>480</textwidth>
						<label>$LOCALIZE[1036] 2</label>
						<label2>$INFO[Skin.String(CustomMusic.2.Label)]</label2>
						<onclick>RunScript(script.favourites,changetitle=true&amp;property=CustomMusic.2)</onclick>
					</control>
					<control type="button" id="308"><!-- Music favourite 2 icon location -->
						<include>settings-submenu-common</include>
						<textwidth>480</textwidth>
						<label>- $LOCALIZE[21371]</label>
						<label2>$INFO[Skin.String(CustomMusic.2.Icon)] </label2>
						<onclick>Skin.SetFile(CustomMusic.2.Icon,.jpg|.png)</onclick>
					</control>
					<control type="button" id="309"><!-- Music favourite 3 -->
						<include>settings-submenu-common</include>
						<textwidth>480</textwidth>
						<label>$LOCALIZE[1036] 3</label>
						<label2>$INFO[Skin.String(CustomMusic.3.Label)]</label2>
						<onclick>RunScript(script.favourites,changetitle=true&amp;property=CustomMusic.3)</onclick>
					</control>
					<control type="button" id="310"><!-- Music favourite 3 icon location -->
						<include>settings-submenu-common</include>
						<textwidth>480</textwidth>
						<label>- $LOCALIZE[21371]</label>
						<label2>$INFO[Skin.String(CustomMusic.3.Icon)] </label2>
						<onclick>Skin.SetFile(CustomMusic.3.Icon,.jpg|.png)</onclick>
					</control>
					<control type="button" id="311"><!-- Music favourite 4 -->
						<include>settings-submenu-common</include>
						<textwidth>480</textwidth>
						<label>$LOCALIZE[1036] 4</label>
						<label2>$INFO[Skin.String(CustomMusic.4.Label)]</label2>
						<onclick>RunScript(script.favourites,changetitle=true&amp;property=CustomMusic.4)</onclick>
					</control>
					<control type="button" id="312"><!-- Music favourite 4 icon location -->
						<include>settings-submenu-common</include>
						<textwidth>480</textwidth>
						<label>- $LOCALIZE[21371]</label>
						<label2>$INFO[Skin.String(CustomMusic.4.Icon)] </label2>
						<onclick>Skin.SetFile(CustomMusic.4.Icon,.jpg|.png)</onclick>
					</control>
					<control type="button" id="313"><!-- Music favourite 5 -->
						<include>settings-submenu-common</include>
						<textwidth>480</textwidth>
						<label>$LOCALIZE[1036] 5</label>
						<label2>$INFO[Skin.String(CustomMusic.5.Label)]</label2>
						<onclick>RunScript(script.favourites,changetitle=true&amp;property=CustomMusic.5)</onclick>
					</control>
					<control type="button" id="314"><!-- Music favourite 5 icon location -->
						<include>settings-submenu-common</include>
						<textwidth>480</textwidth>
						<label>- $LOCALIZE[21371]</label>
						<label2>$INFO[Skin.String(CustomMusic.5.Icon)] </label2>
						<onclick>Skin.SetFile(CustomMusic.5.Icon,.jpg|.png)</onclick>
					</control>
				</control>
			</control>

			<control type="group" id="400"><!--Custom Addon Settings-->
				<visible>Skin.String(customsettingmenu,addon)</visible>
				<control type="image"><!-- Addon settings button image -->
					<left>940</left>
					<top>274</top>
					<width>305</width>
					<height>56</height>
					<texture border="8">button-default-focus.png</texture>
					<include>settingbutton-fade</include>
					<visible>!ControlGroup(999).HasFocus()</visible>
				</control>
				<!-- Markers for control area items (Don't show if scrollbar is in use)-->
				<control type="group">
					<visible>StringCompare(Skin.String(show-scrollbar),$LOCALIZE[31877])</visible><!-- Don't show scrollbar -->
					<control type="image">
						<left>480</left>
						<top>88</top>
						<height>30</height>
						<width>30</width>
						<texture>scroll-up.png</texture>
						<visible>Container(401).HasPrevious</visible>
					</control>
					<control type="image">
						<left>480</left>
						<top>646</top>
						<height>30</height>
						<width>30</width>
						<texture>scroll-down.png</texture>
						<visible>Container(401).HasNext</visible>
					</control>
				</control>

				<control type="grouplist" id="401">
					<left>53</left>
					<top>112</top>
					<width>885</width>
					<height>542</height>
					<itemgap>-2</itemgap>
					<onup>401</onup>
					<ondown>401</ondown>
					<onleft>1223</onleft>
					<onright>999</onright>
					<pagecontrol>1223</pagecontrol>
					<control type="button" id="405"><!-- Addon favourite 1 -->
						<include>settings-submenu-common</include>
						<textwidth>480</textwidth>
						<label>$LOCALIZE[1036] 1</label>
						<label2>$INFO[Skin.String(CustomAddon.1.Label)]</label2>
						<onclick>RunScript(script.favourites,changetitle=true&amp;property=CustomAddon.1)</onclick>
					</control>
					<control type="button" id="406"><!-- Addon favourite 1 icon location -->
						<include>settings-submenu-common</include>
						<textwidth>480</textwidth>
						<label>- $LOCALIZE[21371]</label>
						<label2>$INFO[Skin.String(CustomAddon.1.Icon)] </label2>
						<onclick>Skin.SetFile(CustomAddon.1.Icon,.jpg|.png)</onclick>
					</control>
					<control type="button" id="407"><!-- Addon favourite 2 -->
						<include>settings-submenu-common</include>
						<textwidth>480</textwidth>
						<label>$LOCALIZE[1036] 2</label>
						<label2>$INFO[Skin.String(CustomAddon.2.Label)]</label2>
						<onclick>RunScript(script.favourites,changetitle=true&amp;property=CustomAddon.2)</onclick>
					</control>
					<control type="button" id="408"><!-- Addon favourite 2 icon location -->
						<include>settings-submenu-common</include>
						<textwidth>480</textwidth>
						<label>- $LOCALIZE[21371]</label>
						<label2>$INFO[Skin.String(CustomAddon.2.Icon)] </label2>
						<onclick>Skin.SetFile(CustomAddon.2.Icon,.jpg|.png)</onclick>
					</control>
					<control type="button" id="409"><!-- Addon favourite 3 -->
						<include>settings-submenu-common</include>
						<textwidth>480</textwidth>
						<label>$LOCALIZE[1036] 3</label>
						<label2>$INFO[Skin.String(CustomAddon.3.Label)]</label2>
						<onclick>RunScript(script.favourites,changetitle=true&amp;property=CustomAddon.3)</onclick>
					</control>
					<control type="button" id="410"><!-- Addon favourite 3 icon location -->
						<include>settings-submenu-common</include>
						<textwidth>480</textwidth>
						<label>- $LOCALIZE[21371]</label>
						<label2>$INFO[Skin.String(CustomAddon.3.Icon)] </label2>
						<onclick>Skin.SetFile(CustomAddon.3.Icon,.jpg|.png)</onclick>
					</control>
					<control type="button" id="411"><!-- Addon favourite 4 -->
						<include>settings-submenu-common</include>
						<textwidth>480</textwidth>
						<label>$LOCALIZE[1036] 4</label>
						<label2>$INFO[Skin.String(CustomAddon.4.Label)]</label2>
						<onclick>RunScript(script.favourites,changetitle=true&amp;property=CustomAddon.4)</onclick>
					</control>
					<control type="button" id="412"><!-- Addon favourite 4 icon location -->
						<include>settings-submenu-common</include>
						<textwidth>480</textwidth>
						<label>- $LOCALIZE[21371]</label>
						<label2>$INFO[Skin.String(CustomAddon.4.Icon)] </label2>
						<onclick>Skin.SetFile(CustomAddon.4.Icon,.jpg|.png)</onclick>
					</control>
					<control type="button" id="413"><!-- Addon favourite 5 -->
						<include>settings-submenu-common</include>
						<textwidth>480</textwidth>
						<label>$LOCALIZE[1036] 5</label>
						<label2>$INFO[Skin.String(CustomAddon.5.Label)]</label2>
						<onclick>RunScript(script.favourites,changetitle=true&amp;property=CustomAddon.5)</onclick>
					</control>
					<control type="button" id="414"><!-- Addon favourite 5 icon location -->
						<include>settings-submenu-common</include>
						<textwidth>480</textwidth>
						<label>- $LOCALIZE[21371]</label>
						<label2>$INFO[Skin.String(CustomAddon.5.Icon)] </label2>
						<onclick>Skin.SetFile(CustomAddon.5.Icon,.jpg|.png)</onclick>
					</control>
				</control>
			</control>
			<control type="group" id="500"><!--Custom TV Settings-->
				<visible>Skin.String(customsettingmenu,tv)</visible>
				<control type="image"><!-- TV settings button image -->
					<left>940</left>
					<top>328</top>
					<width>305</width>
					<height>56</height>
					<texture border="8">button-default-focus.png</texture>
					<include>settingbutton-fade</include>
					<visible>!ControlGroup(999).HasFocus()</visible>
				</control>
				<!-- Markers for control area items (Don't show if scrollbar is in use)-->
				<control type="group">
					<visible>StringCompare(Skin.String(show-scrollbar),$LOCALIZE[31877])</visible><!-- Don't show scrollbar -->
					<control type="image">
						<left>480</left>
						<top>88</top>
						<height>30</height>
						<width>30</width>
						<texture>scroll-up.png</texture>
						<visible>Container(501).HasPrevious</visible>
					</control>
					<control type="image">
						<left>480</left>
						<top>646</top>
						<height>30</height>
						<width>30</width>
						<texture>scroll-down.png</texture>
						<visible>Container(501).HasNext</visible>
					</control>
				</control>

				<control type="grouplist" id="501">
					<left>53</left>
					<top>112</top>
					<width>885</width>
					<height>542</height>
					<itemgap>-2</itemgap>
					<onup>501</onup>
					<ondown>501</ondown>
					<onleft>1223</onleft>
					<onright>999</onright>
					<pagecontrol>1223</pagecontrol>
					<control type="button" id="505"><!-- TV favourite 1 -->
						<include>settings-submenu-common</include>
						<textwidth>480</textwidth>
						<label>$LOCALIZE[1036] 1</label>
						<label2>$INFO[Skin.String(CustomTV.1.Label)]</label2>
						<onclick>RunScript(script.favourites,changetitle=true&amp;property=CustomTV.1)</onclick>
					</control>
					<control type="button" id="506"><!-- TV favourite 1 icon location -->
						<include>settings-submenu-common</include>
						<textwidth>480</textwidth>
						<label>- $LOCALIZE[21371]</label>
						<label2>$INFO[Skin.String(CustomTV.1.Icon)] </label2>
						<onclick>Skin.SetFile(CustomTV.1.Icon,.jpg|.png)</onclick>
					</control>
					<control type="button" id="507"><!-- TV favourite 2 -->
						<include>settings-submenu-common</include>
						<textwidth>480</textwidth>
						<label>$LOCALIZE[1036] 2</label>
						<label2>$INFO[Skin.String(CustomTV.2.Label)]</label2>
						<onclick>RunScript(script.favourites,changetitle=true&amp;property=CustomTV.2)</onclick>
					</control>
					<control type="button" id="508"><!-- TV favourite 2 icon location -->
						<include>settings-submenu-common</include>
						<textwidth>480</textwidth>
						<label>- $LOCALIZE[21371]</label>
						<label2>$INFO[Skin.String(CustomTV.2.Icon)] </label2>
						<onclick>Skin.SetFile(CustomTV.2.Icon,.jpg|.png)</onclick>
					</control>
					<control type="button" id="509"><!-- TV favourite 3 -->
						<include>settings-submenu-common</include>
						<textwidth>480</textwidth>
						<label>$LOCALIZE[1036] 3</label>
						<label2>$INFO[Skin.String(CustomTV.3.Label)]</label2>
						<onclick>RunScript(script.favourites,changetitle=true&amp;property=CustomTV.3)</onclick>
					</control>
					<control type="button" id="510"><!-- TV favourite 3 icon location -->
						<include>settings-submenu-common</include>
						<textwidth>480</textwidth>
						<label>- $LOCALIZE[21371]</label>
						<label2>$INFO[Skin.String(CustomTV.3.Icon)] </label2>
						<onclick>Skin.SetFile(CustomTV.3.Icon,.jpg|.png)</onclick>
					</control>
					<control type="button" id="511"><!-- TV favourite 4 -->
						<include>settings-submenu-common</include>
						<textwidth>480</textwidth>
						<label>$LOCALIZE[1036] 4</label>
						<label2>$INFO[Skin.String(CustomTV.4.Label)]</label2>
						<onclick>RunScript(script.favourites,changetitle=true&amp;property=CustomTV.4)</onclick>
					</control>
					<control type="button" id="512"><!-- TV favourite 4 icon location -->
						<include>settings-submenu-common</include>
						<textwidth>480</textwidth>
						<label>- $LOCALIZE[21371]</label>
						<label2>$INFO[Skin.String(CustomTV.4.Icon)] </label2>
						<onclick>Skin.SetFile(CustomTV.4.Icon,.jpg|.png)</onclick>
					</control>
					<control type="button" id="513"><!-- TV favourite 5 -->
						<include>settings-submenu-common</include>
						<textwidth>480</textwidth>
						<label>$LOCALIZE[1036] 5</label>
						<label2>$INFO[Skin.String(CustomTV.5.Label)]</label2>
						<onclick>RunScript(script.favourites,changetitle=true&amp;property=CustomTV.5)</onclick>
					</control>
					<control type="button" id="514"><!-- TV favourite 5 icon location -->
						<include>settings-submenu-common</include>
						<textwidth>480</textwidth>
						<label>- $LOCALIZE[21371]</label>
						<label2>$INFO[Skin.String(CustomTV.5.Icon)] </label2>
						<onclick>Skin.SetFile(CustomTV.5.Icon,.jpg|.png)</onclick>
					</control>
				</control>
			</control>
			<control type="group" id="600"><!--Custom Radio Settings-->
				<visible>Skin.String(customsettingmenu,radio)</visible>
				<control type="image"><!-- Radio settings button image -->
					<left>940</left>
					<top>382</top>
					<width>305</width>
					<height>56</height>
					<texture border="8">button-default-focus.png</texture>
					<include>settingbutton-fade</include>
					<visible>!ControlGroup(999).HasFocus()</visible>
				</control>
				<!-- Markers for control area items (Don't show if scrollbar is in use)-->
				<control type="group">
					<visible>StringCompare(Skin.String(show-scrollbar),$LOCALIZE[31877])</visible><!-- Don't show scrollbar -->
					<control type="image">
						<left>480</left>
						<top>88</top>
						<height>30</height>
						<width>30</width>
						<texture>scroll-up.png</texture>
						<visible>Container(601).HasPrevious</visible>
					</control>
					<control type="image">
						<left>480</left>
						<top>646</top>
						<height>30</height>
						<width>30</width>
						<texture>scroll-down.png</texture>
						<visible>Container(601).HasNext</visible>
					</control>
				</control>

				<control type="grouplist" id="601">
					<left>53</left>
					<top>112</top>
					<width>885</width>
					<height>542</height>
					<itemgap>-2</itemgap>
					<onup>601</onup>
					<ondown>601</ondown>
					<onleft>1223</onleft>
					<onright>999</onright>
					<pagecontrol>1223</pagecontrol>
					<control type="button" id="605"><!-- Radio favourite 1 -->
						<include>settings-submenu-common</include>
						<textwidth>480</textwidth>
						<label>$LOCALIZE[1036] 1</label>
						<label2>$INFO[Skin.String(CustomRadio.1.Label)]</label2>
						<onclick>RunScript(script.favourites,changetitle=true&amp;property=CustomRadio.1)</onclick>
					</control>
					<control type="button" id="606"><!-- Radio favourite 1 icon location -->
						<include>settings-submenu-common</include>
						<textwidth>480</textwidth>
						<label>- $LOCALIZE[21371]</label>
						<label2>$INFO[Skin.String(CustomRadio.1.Icon)] </label2>
						<onclick>Skin.SetFile(CustomRadio.1.Icon,.jpg|.png)</onclick>
					</control>
					<control type="button" id="607"><!-- Radio favourite 2 -->
						<include>settings-submenu-common</include>
						<textwidth>480</textwidth>
						<label>$LOCALIZE[1036] 2</label>
						<label2>$INFO[Skin.String(CustomRadio.2.Label)]</label2>
						<onclick>RunScript(script.favourites,changetitle=true&amp;property=CustomRadio.2)</onclick>
					</control>
					<control type="button" id="608"><!-- Radio favourite 2 icon location -->
						<include>settings-submenu-common</include>
						<textwidth>480</textwidth>
						<label>- $LOCALIZE[21371]</label>
						<label2>$INFO[Skin.String(CustomRadio.2.Icon)] </label2>
						<onclick>Skin.SetFile(CustomRadio.2.Icon,.jpg|.png)</onclick>
					</control>
					<control type="button" id="609"><!-- Radio favourite 3 -->
						<include>settings-submenu-common</include>
						<textwidth>480</textwidth>
						<label>$LOCALIZE[1036] 3</label>
						<label2>$INFO[Skin.String(CustomRadio.3.Label)]</label2>
						<onclick>RunScript(script.favourites,changetitle=true&amp;property=CustomRadio.3)</onclick>
					</control>
					<control type="button" id="610"><!-- Radio favourite 3 icon location -->
						<include>settings-submenu-common</include>
						<textwidth>480</textwidth>
						<label>- $LOCALIZE[21371]</label>
						<label2>$INFO[Skin.String(CustomRadio.3.Icon)] </label2>
						<onclick>Skin.SetFile(CustomRadio.3.Icon,.jpg|.png)</onclick>
					</control>
					<control type="button" id="611"><!-- Radio favourite 4 -->
						<include>settings-submenu-common</include>
						<textwidth>480</textwidth>
						<label>$LOCALIZE[1036] 4</label>
						<label2>$INFO[Skin.String(CustomRadio.4.Label)]</label2>
						<onclick>RunScript(script.favourites,changetitle=true&amp;property=CustomRadio.4)</onclick>
					</control>
					<control type="button" id="612"><!-- Radio favourite 4 icon location -->
						<include>settings-submenu-common</include>
						<textwidth>480</textwidth>
						<label>- $LOCALIZE[21371]</label>
						<label2>$INFO[Skin.String(CustomRadio.4.Icon)] </label2>
						<onclick>Skin.SetFile(CustomRadio.4.Icon,.jpg|.png)</onclick>
					</control>
					<control type="button" id="613"><!-- Radio favourite 5 -->
						<include>settings-submenu-common</include>
						<textwidth>480</textwidth>
						<label>$LOCALIZE[1036] 5</label>
						<label2>$INFO[Skin.String(CustomRadio.5.Label)]</label2>
						<onclick>RunScript(script.favourites,changetitle=true&amp;property=CustomRadio.5)</onclick>
					</control>
					<control type="button" id="614"><!-- Radio favourite 5 icon location -->
						<include>settings-submenu-common</include>
						<textwidth>480</textwidth>
						<label>- $LOCALIZE[21371]</label>
						<label2>$INFO[Skin.String(CustomRadio.5.Icon)] </label2>
						<onclick>Skin.SetFile(CustomRadio.5.Icon,.jpg|.png)</onclick>
					</control>
				</control>
			</control>
		</control>
	</controls>
</window>
