<?xml version="1.0" encoding="UTF-8"?>
<window id="1155">
	<defaultcontrol>999</defaultcontrol>
	<allowoverlay>yes</allowoverlay>
	<include>screen-fade</include>
	<controls>
		<include>background</include>
		<include>Fake-Overlay</include>

		<control type="label"><!-- Settings Label -->
			<left>946</left>
			<top>50</top>
			<width>310</width>
			<height>32</height>
			<label>$LOCALIZE[24001]</label>
			<font>font18</font>
		</control>
		<control type="group">
			<top>108</top>
			<visible>Control.IsVisible(999) + [IntegerGreaterThan(Container(999).NumItems,0) + !system.getbool(filelists.showparentdiritems)] | [IntegerGreaterThan(Container(50).NumItems,-1) + system.getbool(filelists.showparentdiritems)]</visible>
			<control type="group">
				<control type="image"><!-- Slider -->
					<left>716</left>
					<top>398</top>
					<width>514</width>
					<height>56</height>
					<texture border="8">button-default-focus.png</texture>
					<aspectratio>stretch</aspectratio>
				</control>
				<animation condition="Container(999).Position(0)" effect="slide" start="0,0" end="0,-392"
					time="0" easing="inout" reversible="true">Conditional</animation>
				<animation condition="Container(999).Position(1)" effect="slide" start="0,0" end="0,-336"
					time="0" easing="inout" reversible="true">Conditional</animation>
				<animation condition="Container(999).Position(2)" effect="slide" start="0,0" end="0,-280"
					time="0" easing="inout" reversible="true">Conditional</animation>
				<animation condition="Container(999).Position(3)" effect="slide" start="0,0" end="0,-224"
					time="0" easing="inout" reversible="true">Conditional</animation>
				<animation condition="Container(999).Position(4)" effect="slide" start="0,0" end="0,-168"
					time="0" easing="inout" reversible="true">Conditional</animation>
				<animation condition="Container(999).Position(5)" effect="slide" start="0,0" end="0,-112"
					time="0" easing="inout" reversible="true">Conditional</animation>
			</control>
		</control>
		<control type="list" id="999">
			<viewtype label="31941">List</viewtype>
			<left>678</left>
			<top>116</top>
			<width>540</width>
			<height>550</height>
			<focusposition>4</focusposition>
			<movement>6</movement>
			<onup>999</onup>
			<ondown>999</ondown>
			<scrolltime>200</scrolltime>
			<preloaditems>2</preloaditems>
			<pagecontrol>23</pagecontrol>
			<itemlayout width="560" height="56">
				<control type="label">
					<left>53</left>
					<top>5</top>
					<width>486</width>
					<height>26</height>
					<font>font12</font>
					<textoffsety>4</textoffsety>
					<aligny>top</aligny>
					<label>$INFO[ListItem.Label]</label>
				</control>
			</itemlayout>
			<focusedlayout width="560" height="56">
				<control type="label">
					<left>53</left>
					<top>5</top>
					<width>486</width>
					<height>26</height>
					<font>font12</font>
					<textoffsety>4</textoffsety>
					<aligny>top</aligny>
					<label>$INFO[ListItem.Label]</label>
				</control>
			</focusedlayout>
			<content>
				<item><!-- Return to Home -->
					<icon>DefaultFolderBack.png</icon>
					<label>..</label>
					<onclick>ReplaceWindow(Home)</onclick>
					<visible>system.getbool(filelists.showparentdiritems)</visible>
				</item>
				<item><!-- Video Addons -->
					<icon>DefaultAddon.png</icon>
					<label>$LOCALIZE[1037]</label>
					<onclick>ActivateWindow(Videos,Addons)</onclick>
				</item>
				<item><!-- Music Addons -->
					<icon>DefaultAddon.png</icon>
					<label>$LOCALIZE[1038]</label>
					<onclick>$VAR[MusicAddonEntry]</onclick>
				</item>
				<item><!-- Picture Addons -->
					<icon>DefaultAddon.png</icon>
					<label>$LOCALIZE[1039]</label>
					<onclick>ActivateWindow(Pictures,Addons)</onclick>
				</item>
				<item><!-- Program Addons -->
					<icon>DefaultAddon.png</icon>
					<label>$LOCALIZE[1043]</label>
					<onclick>ActivateWindow(Programs,Addons)</onclick>
				</item>
				<item><!-- Get More Addons -->
					<icon>DefaultAddon.png</icon>
					<label>$LOCALIZE[21452]</label>
					<onclick>ActivateWindow(AddonBrowser,,return)</onclick>
				</item>
			</content>
		</control>
		<control type="group">
			<control type="group">
				<control type="image"><!-- list item icon -->
					<left>122</left>
					<top>150</top>
					<width>384</width>
					<height>384</height>
					<texture background="true" diffuse="mask-squ.png">$INFO[Container(999).Listitem.ActualIcon]</texture>
					<aspectratio scalediffuse="false">keep</aspectratio>
				</control>
			</control>
		</control>
	</controls>
</window>
