<?xml version="1.0" encoding="utf-8"?>
<window>
	<include>screen-fade</include>
	<coordinates>
		<left>348</left>
		<top>2</top>
	</coordinates>
	<controls>
		<control type="image"><!-- Dialog background image -->
			<left>0</left>
			<top>0</top>
			<width>584</width>
			<height>84</height>
			<texture border="8">button-menu-background.png</texture>
		</control>
		<control type="image" id="400">
			<left>12</left>
			<top>10</top>
			<width>64</width>
			<height>64</height>
			<aspectratio>keep</aspectratio>
			<texture>kai-warning.png</texture>
		</control>
		<control type="image" id="404">
			<left>12</left>
			<top>10</top>
			<width>64</width>
			<height>64</height>
			<aspectratio>keep</aspectratio>
			<texture>kai-warning.png</texture>
			<visible>false</visible>
		</control>
		<control type="image" id="405">
			<left>12</left>
			<top>10</top>
			<width>64</width>
			<height>64</height>
			<aspectratio>keep</aspectratio>
			<texture>kai-error.png</texture>
			<visible>false</visible>
		</control>
		<control type="label" id="401"><!-- Caption -->
			<left>80</left>
			<top>10</top>
			<width>490</width>
			<height>32</height>
			<font>font12</font>
			<align>center</align>
			<include condition="Skin.HasSetting(text-autoscroll)">scrolltext</include>
		</control>
		<control type="label" id="402"><!-- Description -->
			<left>80</left>
			<top>46</top>
			<width>490</width>
			<height>24</height>
			<font>font10</font>
			<align>center</align>
			<include condition="Skin.HasSetting(text-autoscroll)">scrolltext</include>
		</control>
	</controls>
</window>