<?xml version="1.0" encoding="UTF-8"?>
<window>
	<defaultcontrol>5</defaultcontrol>
	<include>screen-fade</include>
	<controls>
		<include>background</include>
		<control type="list" id="5">
			<left>530</left>
			<top>112</top>
			<width>708</width>
			<height>500</height>
			<onright>23</onright>
			<onup>5</onup>
			<ondown>5</ondown>
			<scrolltime>200</scrolltime>
			<pagecontrol>23</pagecontrol>
			<itemlayout height="46">
				<control type="label">
					<left>16</left>
					<top>-4</top>
					<width>256</width>
					<height>46</height>
					<font>font11</font>
					<label>$INFO[ListItem.Label]</label>
				</control>
				<control type="label">
					<left>278</left>
					<top>-4</top>
					<width>414</width>
					<height>46</height>
					<font>font11</font>
					<label>$INFO[ListItem.Label2]</label>
				</control>
			</itemlayout>
			<focusedlayout height="46">
				<control type="image">
					<left>0</left>
					<top>0</top>
					<width>708</width>
					<height>46</height>
					<texture border="8">button-default-focus.png</texture>
				</control>
				<control type="label">
					<left>16</left>
					<top>-4</top>
					<width>256</width>
					<height>46</height>
					<font>font11</font>
					<label>$INFO[ListItem.Label]</label>
				</control>
				<control type="label">
					<left>278</left>
					<top>-4</top>
					<width>414</width>
					<height>46</height>
					<font>font11</font>
					<label>$INFO[ListItem.Label2]</label>
				</control>
			</focusedlayout>
		</control>
        <control type="image">
			<left>44</left>
			<top>206</top>
			<width>477</width>
			<height>337</height>
			<texture background="true">$INFO[ListItem.Icon]</texture>
			<aspectratio>keep</aspectratio>
			<bordertexture border="6">picturepanel.png</bordertexture>
			<bordersize>6</bordersize>
			<visible>!IsEmpty(ListItem.Thumb)</visible>
        </control>
		<control type="scrollbar" id="23">
			<left>1250</left>
			<top>112</top>
			<width>18</width>
			<height>500</height>
			<onleft>5</onleft>
			<animation condition="!Control.HasFocus(23) + !Container.Scrolling + !StringCompare(Skin.String(show-scrollbar),$LOCALIZE[31875])" effect="fade" start="100" end="0" time="200" reversible="true">Conditional</animation>
			<visible>!StringCompare(Skin.String(show-scrollbar),$LOCALIZE[31877])</visible>
		</control>
	</controls>
</window>