<?xml version="1.0" encoding="UTF-8"?>
<window type="dialog" id="123">
	<defaultcontrol always="true">5</defaultcontrol>
	<coordinates>
		<left>0</left>
		<top>0</top>
	</coordinates>
	<include>screen-fade</include>
	<controls>
		<include>background</include>
		<control type="label" id="1"><!-- heading label -->
			<left>946</left>
			<top>31</top>
			<width>318</width>
			<height>62</height>
			<font>font18</font>
			<label>$LOCALIZE[35000] $LOCALIZE[10004]</label>
			<wrapmultiline>true</wrapmultiline>
		</control>
		<control type="grouplist" id="5">
			<left>35</left>
			<top>112</top>
			<width>796</width>
			<height>545</height>
			<itemgap>-1</itemgap>
			<pagecontrol>60</pagecontrol>
			<onleft>9000</onleft>
			<onright>60</onright>
			<onup>9000</onup>
			<ondown>9000</ondown>
		</control>
		<control type="button" id="7"><!-- Default Button -->
			<left>0</left>
			<top>0</top>
			<height>50</height>
		</control>
		<control type="radiobutton" id="8"><!-- Default RadioButton -->
			<left>0</left>
			<top>0</top>
			<height>50</height>
			<radioposx>756</radioposx>
		</control>
		<control type="spincontrolex" id="9"><!-- Default SpinControlex -->
			<left>0</left>
			<top>0</top>
			<height>50</height>
			<reverse>yes</reverse>
		</control>
		<control type="sliderex" id="13"><!-- >Default Sliderex -->
			<height>50</height>
		</control>
		<control type="scrollbar" id="60">
			<left>10</left>
			<top>112</top>
			<width>20</width>
			<height>545</height>
			<onleft>5</onleft>
			<onright>2</onright>
			<animation condition="!Control.HasFocus(60) + !Container.Scrolling + !StringCompare(Skin.String(show-scrollbar),$LOCALIZE[31875])" effect="fade" start="100" end="0" time="200" reversible="true">Conditional</animation>
			<visible>!StringCompare(Skin.String(show-scrollbar),$LOCALIZE[31877])</visible>
		</control>
		<control type="group" id="9000">
			<left>132</left>
			<top>656</top>
			<control type="button" id="28"><!-- OK Button -->
				<left>0</left>
				<top>0</top>
				<width>247</width>
				<height>50</height>
				<align>center</align>
				<label>$LOCALIZE[186]</label>
				<onleft>50</onleft>
				<onright>29</onright>
				<onup>5</onup>
			</control>
			<control type="button" id="29"><!-- Cancel button -->
				<left>380</left>
				<top>0</top>
				<width>247</width>
				<height>50</height>
				<align>center</align>
				<label>$LOCALIZE[222]</label>
				<onleft>28</onleft>
				<onright>50</onright>
				<onup>5</onup>
			</control>
			<control type="button" id="50"><!-- Defaults button -->
				<left>761</left>
				<top>0</top>
				<width>247</width>
				<height>50</height>
				<align>center</align>
				<label>$LOCALIZE[409]</label>
				<onleft>29</onleft>
				<onright>28</onright>
				<onup>5</onup>
			</control>
		</control>
	</controls>
</window>
