<?xml version="1.0" encoding="UTF-8"?>
<window>
	<defaultcontrol>10</defaultcontrol>
	<coordinates>
		<system>1</system>
		<left>0</left>
		<top>0</top>
	</coordinates>
	<include>screen-fade</include>
	<controls>
		<include>fadebackground</include>
		<control type="group">
			<visible>!Window.IsVisible(selectdialog)</visible>
			<control type="image"><!-- Dialog background image -->
				<left>292</left>
				<top>256</top>
				<width>690</width>
				<height>220</height>
				<texture border="8">button-menu-background.png</texture>
			</control>
			<control type="label" id="1"><!-- Dialog heading -->
				<left>318</left>
				<top>272</top>
				<width>637</width>
				<height>25</height>
				<align>center</align>
			</control>
			<control type="textbox" id="9"><!-- Dialog info prompt -->
				<left>318</left>
				<top>302</top>
				<width>637</width>
				<height>86</height>
				<align>center</align>
				<font>font11</font>
				<autoscroll time="2000" delay="8000" repeat="5000">Skin.HasSetting(text-autoscroll)</autoscroll>
			</control>
			<control type="progress">
				<left>318</left>
				<top>392</top>
				<width>637</width>
				<height>16</height>
				<info>System.Progressbar</info>
			</control>
			<control type="button" id="10"><!-- Cancel -->
				<left>556</left>
				<top>412</top>
				<width>160</width>
				<height>50</height>
				<label>$LOCALIZE[222]</label>
				<font>font12</font>
				<align>center</align>
			</control>
		</control>
	</controls>
</window>