<?xml version="1.0" encoding="UTF-8"?>
<window>
	<defaultcontrol always="true">10</defaultcontrol>
	<coordinates>
		<system>1</system>
		<posx>0</posx>
		<posy>0</posy>
	</coordinates>
	<include>screen-fade</include>
	<controls>
		<include>fadebackground</include>
		<control type="image"><!-- Dialog background image -->
			<posx>275</posx>
			<posy>30</posy>
			<width>730</width>
			<height>660</height>
			<texture border="8">button-menu-background.png</texture>
		</control>
		<control type="label"><!-- Dialog heading -->
			<posx>315</posx>
			<posy>50</posy>
			<width>650</width>
			<height>30</height>
			<label>$LOCALIZE[19053]</label>
			<align>center</align>
		</control>
		<control type="label">
			<posx>315</posx>
			<posy>100</posy>
			<width>650</width>
			<height>30</height>
			<label>$INFO[ListItem.Title]</label>
			<align>center</align>
		</control>
			<control type="group">
				<posx>315</posx>
				<posy>170</posy>
				<control type="label"><!-- Start date heading -->
					<posx>170</posx>
					<posy>0</posy>
					<width>160</width>
					<height>25</height>
					<align>right</align>
					<font>font12</font>
					<label>$LOCALIZE[552]:</label>
				</control>
				<control type="label">
					<posx>180</posx>
					<posy>0</posy>
					<width>470</width>
					<height>25</height>
					<font>font12</font>
					<label>$INFO[ListItem.StartDate]</label>
				</control>
				<control type="label"><!-- Start time heading -->
					<posx>170</posx>
					<posy>35</posy>
					<width>160</width>
					<height>25</height>
					<align>right</align>
					<font>font12</font>
					<label>$LOCALIZE[142]</label>
				</control>
				<control type="label">
					<posx>180</posx>
					<posy>35</posy>
					<width>470</width>
					<height>25</height>
					<font>font12</font>
					<label>$INFO[ListItem.StartTime]</label>
				</control>
				<control type="label"><!-- Channel name heading -->
					<posx>170</posx>
					<posy>70</posy>
					<width>160</width>
					<height>25</height>
					<align>right</align>
					<font>font12</font>
					<label>$LOCALIZE[19148]:</label>
				</control>
				<control type="fadelabel">
					<posx>180</posx>
					<posy>70</posy>
					<width>470</width>
					<height>25</height>
					<font>font12</font>
					<label>$INFO[ListItem.ChannelName]</label>
				</control>
				<control type="label"><!-- Duration heading -->
					<posx>170</posx>
					<posy>105</posy>
					<width>160</width>
					<height>25</height>
					<align>right</align>
					<font>font12</font>
					<label>$LOCALIZE[180]:</label>
				</control>
				<control type="label">
					<posx>180</posx>
					<posy>105</posy>
					<width>470</width>
					<height>25</height>
					<label>$INFO[ListItem.Duration]</label>
					<font>font12</font>
					<include condition="Skin.HasSetting(text-autoscroll)">scrolltext</include>
				</control>
				<control type="label"><!-- Genre heading -->
					<posx>170</posx>
					<posy>140</posy>
					<width>160</width>
					<height>25</height>
					<align>right</align>
					<font>font12</font>
					<label>$LOCALIZE[135]:</label>
				</control>
				<control type="label">
					<posx>180</posx>
					<posy>140</posy>
					<width>470</width>
					<height>25</height>
					<label fallback="161">$INFO[ListItem.Genre]</label>
					<font>font12</font>
					<include condition="Skin.HasSetting(text-autoscroll)">scrolltext</include>
				</control>
				<control type="label">
					<posx>40</posx>
					<posy>185</posy>
					<width>650</width>
					<height>25</height>
					<label>$INFO[ListItem.PlotOutline]</label>
					<align>center</align>
					<font>font12</font>
					<include condition="Skin.HasSetting(text-autoscroll)">scrolltext</include>
					<visible>!IsEmpty(ListItem.PlotOutline)</visible>
				</control>
			</control>
			<control type="spincontrol" id="60"><!-- Next page -->
				<posx>895</posx>
				<posy>405</posy>
				<subtype>page</subtype>
				<font>-</font>
				<onleft>60</onleft>
				<onright>60</onright>
				<ondown>9000</ondown>
				<onup>9000</onup>
				<textcolor>-</textcolor>
				<showonepage>true</showonepage>
			</control>
			<control type="textbox" id="400">
				<posx>315</posx>
				<posy>430</posy>
				<width>650</width>
				<height>180</height>
				<font>font12</font>
				<align>justify</align>
				<pagecontrol>60</pagecontrol>
				<label fallback="161">$INFO[ListItem.Plot]</label>
			</control>
			<control type="grouplist" id="9000">
				<posx>315</posx>
				<posy>620</posy>
				<width>640</width>
				<height>40</height>
				<itemgap>5</itemgap>
				<align>center</align>
				<orientation>horizontal</orientation>
				<onleft>9000</onleft>
				<onright>9000</onright>
				<onup>60</onup>
				<ondown>60</ondown>
				<control type="button" id ="10"><!-- OK -->
					<posx>0</posx>
					<posy>0</posy>
					<width>250</width>
					<height>40</height>
					<label>$LOCALIZE[186]</label>
					<font>font12</font>
					<align>center</align>
				</control>
			</control>
	</controls>
</window>