<?xml version="1.0" encoding="utf-8"?>
<window>
	<visible>Player.Seeking | Player.DisplayAfterSeek | Player.Paused | Player.Forwarding | Player.Rewinding </visible>
	<animation effect="fade" end="0" time="200">WindowClose</animation>
	<!--<animation effect="fade" end="0" time="200" condition="[Window.IsVisible(sliderdialog) | Window.IsVisible(osdvideosettings) | Window.IsVisible(osdaudiosettings) | Window.IsVisible(subtitlesearch) | Window.IsVisible(videobookmarks)]">Conditional</animation>-->
	<coordinates>
		<left>0</left>
		<top>0</top>
	</coordinates>
	<controls>
		<control type="group">
			<visible>![Window.IsVisible(fullscreeninfo) | Window.IsVisible(sliderdialog) | Window.IsVisible(osdvideosettings) | Window.IsVisible(osdaudiosettings) | Window.IsVisible(videobookmarks)]</visible>
			<control type="image"><!-- Seekbar Dialog background image -->
				<left>0</left>
				<top>646</top>
				<height>80</height>
				<width>1280</width>
				<texture>background.png</texture>
				<colordiffuse>osd-background</colordiffuse>
				<visible>[Window.IsActive(fullscreenvideo)] + ![Window.IsActive(musicosd)]</visible>
			</control>
			<include>player-mediaicon</include>
		</control>

		<!-- Player action labels -->
		<control type="group">
			<visible>[Window.IsVisible(fullscreenvideo) | Window.IsVisible(visualisation)]</visible>
			<control type="grouplist">
				<left>400</left>
				<top>300</top>
				<width>464</width>
				<height>64</height>
				<align>center</align>
				<aligny>center</aligny>
				<orientation>horizontal</orientation>
				<control type="image">
					<width>64</width>
					<height>64</height>
					<texture>$VAR[PlayStateImage]</texture>
				</control>
			</control>
		</control>-->

		<control type="group">
			<visible>[Window.IsVisible(fullscreenvideo)] + ![Window.IsVisible(sliderdialog) | Window.IsVisible(osdvideosettings) | Window.IsVisible(osdaudiosettings) | Window.IsVisible(subtitlesearch) | Window.IsVisible(videobookmarks)]</visible>
			<!-- Player info labels -->
			<control type="label">
				<left>8</left>
				<top>644</top>
				<width>220</width>
				<height>26</height>
				<font>font10</font>
				<label>[COLOR=disabled-text]($INFO[System.Time])[/COLOR] $INFO[VideoPlayer.Time]</label>
				<align>right</align>
			</control>
			<control type="label">
				<left>1048</left>
				<top>644</top>
				<width>230</width>
				<height>26</height>
				<font>font10</font>
				<label>-$INFO[VideoPlayer.TimeRemaining] [COLOR=disabled-text]($INFO[Player.FinishTime])[/COLOR]</label>
			</control>

			<control type="group">
				<visible>!Window.IsVisible(fullscreeninfo)</visible>
				<!-- Progress bar -->
				<control type="progress">
					<left>238</left>
					<top>652</top>
					<width>800</width>
					<height>16</height>
					<info>Player.ProgressCache</info>
					<colordiffuse>FF777777</colordiffuse>
				</control>
				<control type="progress">
					<left>238</left>
					<top>652</top>
					<width>800</width>
					<height>16</height>
					<info>Player.Progress</info>
					<colordiffuse>ProgressBarColor</colordiffuse>
				</control>
				
				<control type="slider" id="401"><!-- Seek Slider -->
					<left>238</left>
					<top>650</top>
					<width>800</width>
					<height>20</height>
					<action>seek</action>
				</control>
			</control>
		</control>
		<!-- Start Progress Control for all Windows Except VideoFullScreen , KaraokeVisualisation, MusicVisualisation, MyMusicPlaylist, PVRGuide and PlayerControls-->
		<control type="group">
			<visible>![Window.IsActive(fullscreenvideo) | Window.IsActive(karaoke) | Window.IsActive(visualisation) | Window.IsActive(musicplaylist) | Window.IsActive(tvguide) | Window.IsActive(playercontrols)]</visible>
			<control type="image"><!-- Dialog background image -->
				<left>463</left>
				<top>22</top>
				<width>354</width>
				<height>87</height>
				<texture border="8">button-menu-background.png</texture>
			</control>
			<control type="label">
				<left>432</left>
				<top>45</top>
				<width>177</width>
				<height>20</height>
				<font>font12</font>
				<align>right</align>
				<label>$INFO[Player.Time]</label>
				<visible>!Player.Seeking</visible>
			</control>
			<control type="label">
				<left>432</left>
				<top>45</top>
				<width>177</width>
				<height>20</height>
				<font>font12</font>
				<align>right</align>
				<label>$INFO[Player.SeekTime]</label>
				<visible>Player.Seeking</visible>
			</control>
			<control type="label">
				<left>619</left>
				<top>45</top>
				<width>177</width>
				<height>20</height>
				<label>$INFO[Player.Duration,/ ]</label>
				<font>font12</font>
			</control>
			<control type="progress">
				<left>481</left>
				<top>86</top>
				<width>300</width>
				<height>8</height>
				<info>Player.ProgressCache</info>
				<colordiffuse>FF777777</colordiffuse>
			</control>
			<control type="progress">
				<left>481</left>
				<top>86</top>
				<width>300</width>
				<height>8</height>
				<info>Player.Progress</info>
				<colordiffuse>ProgressBarColor</colordiffuse>
			</control>
		</control>
	</controls>
</window>