<?xml version="1.0" encoding="UTF-8"?>
<window>
	<defaultcontrol always="true">20</defaultcontrol>
	<allowoverlay>no</allowoverlay>
	<controls>
		<include>backgroundvideo</include>
		<control type="label"><!-- Dialog heading -->
			<posx>946</posx>
			<posy>20</posy>
			<width>309</width>
			<height>74</height>
			<label>$LOCALIZE[19199] -[CR]$LOCALIZE[19023]</label>
			<font>font20</font>
			<wrapmultiline>true</wrapmultiline>
			<visible>IsEmpty(Window.Property(IsRadio))</visible>
		</control>
		<control type="label"><!-- Dialog heading -->
			<posx>946</posx>
			<posy>20</posy>
			<width>309</width>
			<height>74</height>
			<label>$LOCALIZE[19199] -[CR]$LOCALIZE[19024]</label>
			<font>font20</font>
			<wrapmultiline>true</wrapmultiline>
			<visible>!IsEmpty(Window.Property(IsRadio))</visible>
		</control>

		<control type="group">
			<posx>10</posx>
			<posy>112</posy>
			<control type="scrollbar" id="60">
				<posx>2</posx>
				<posy>0</posy>
				<width>20</width>
				<height>532</height>
				<onleft>60</onleft>
				<onright>20</onright>
				<animation condition="!Control.HasFocus(60) + !Container.Scrolling + !StringCompare(Skin.String(show-scrollbar),$LOCALIZE[31875])" effect="fade" start="100" end="0" time="200" reversible="true">Conditional</animation>
				<visible>!StringCompare(Skin.String(show-scrollbar),$LOCALIZE[31877])</visible>
			</control>
			<control type="list" id="20">
				<posx>36</posx>
				<posy>0</posy>
				<width>550</width>
				<height>532</height>
				<onup>20</onup>
				<ondown>9000</ondown>
				<onleft>60</onleft>
				<onright>9002</onright>
				<pagecontrol>60</pagecontrol>
				<scrolltime>200</scrolltime>
				<animation effect="fade" start="100" end="60" time="50" condition="ControlGroup(9002).HasFocus">Conditional</animation>
				<itemlayout height="76" width="544">
					<control type="image">
						<posx>10</posx>
						<posy>10</posy>
						<width>28</width>
						<height>28</height>
						<texture>$INFO[ListItem.Property(Icon)]</texture>
						<visible>ListItem.Property(ActiveChannel)</visible>
					</control>
					<control type="label">
						<posx>45</posx>
						<posy>8</posy>
						<width>454</width>
						<height>24</height>
						<font>font12</font>
						<selectedcolor>listselected-text</selectedcolor>
						<label>$INFO[ListItem.Property(Number),(,) - ]$INFO[ListItem.Property(Name)]</label>
						<visible>ListItem.Property(ActiveChannel)</visible>
					</control>
					<control type="label">
						<posx>45</posx>
						<posy>8</posy>
						<width>454</width>
						<height>24</height>
						<font>font12</font>
						<selectedcolor>listselected-text</selectedcolor>
						<label>$INFO[ListItem.Property(Number),(,) - ]$INFO[ListItem.Property(Name)]</label>
						<visible>!ListItem.Property(ActiveChannel)</visible>
					</control>
					<control type="image">
						<posx>510</posx>
						<posy>10</posy>
						<width>20</width>
						<height>20</height>
						<texture>OverlayWatched.png</texture>
						<visible>ListItem.Property(Changed)</visible>
					</control>
				</itemlayout>
				<focusedlayout height="76" width="544">
					<control type="image">
						<posx>0</posx>
						<posy>0</posy>
						<width>544</width>
						<height>76</height>
						<texture border="8">button-default-focus.png</texture>
					</control>
					<control type="image">
						<posx>10</posx>
						<posy>10</posy>
						<width>28</width>
						<height>28</height>
						<texture>$INFO[ListItem.Property(Icon)]</texture>
					</control>
					<control type="label">
						<posx>45</posx>
						<posy>8</posy>
						<width>454</width>
						<height>24</height>
						<font>font12</font>
						<selectedcolor>listselected-text</selectedcolor>
						<label>$INFO[ListItem.Property(Number),(,) - ]$INFO[ListItem.Property(Name)]</label>
						<visible>ListItem.Property(ActiveChannel)</visible>
					</control>
					<control type="label">
						<posx>45</posx>
						<posy>8</posy>
						<width>454</width>
						<height>24</height>
						<font>font12</font>
						<selectedcolor>listselected-text</selectedcolor>
						<label>$INFO[ListItem.Property(Number),(,) - ]$INFO[ListItem.Property(Name)]</label>
						<visible>!ListItem.Property(ActiveChannel)</visible>
					</control>
					<control type="image">
						<posx>510</posx>
						<posy>10</posy>
						<width>20</width>
						<height>20</height>
						<texture>OverlayWatched.png</texture>
						<visible>ListItem.Property(Changed)</visible>
					</control>
					<control type="label">
						<posx>18</posx>
						<posy>40</posy>
						<width>500</width>
						<height>24</height>
						<font>font11</font>
						<selectedcolor>listselected-text</selectedcolor>
						<label>$LOCALIZE[19210]: $INFO[ListItem.Property(ClientName)]</label>
					</control>
				</focusedlayout>
			</control>
		</control>
		<control type="group" id="9002">
			<control type="group">
				<posx>640</posx>
				<posy>112</posy>
				<control type="label"><!-- Channel option header -->
					<posx>0</posx>
					<posy>0</posy>
					<width>580</width>
					<height>24</height>
					<label>[I]$LOCALIZE[31702][/I]</label>
				</control>
				<control type="radiobutton" id ="7"><!-- Channel activated -->
					<posx>0</posx>
					<posy>28</posy>
					<width>580</width>
					<height>50</height>
					<font>font11</font>
					<focusedcolor>button-text</focusedcolor>
					<label>$LOCALIZE[19074]</label>
					<radioposx>540</radioposx>
					<onleft>20</onleft>
					<onright>7</onright>
					<onup>7</onup>
					<ondown>8</ondown>
				</control>
				<control type="edit" id ="8"><!-- Channel name -->
					<posx>0</posx>
					<posy>78</posy>
					<width>580</width>
					<height>50</height>
					<font>font11</font>
					<focusedcolor>button-text</focusedcolor>
					<label>$LOCALIZE[19201] </label>
					<textwidth>538</textwidth>
					<onright>8</onright>
					<onleft>20</onleft>
					<onup>7</onup>
					<ondown>9</ondown>
				</control>
				<control type="button" id ="9"><!-- Channel logo -->
					<posx>0</posx>
					<posy>128</posy>
					<width>580</width>
					<height>50</height>
					<font>font11</font>
					<label>$LOCALIZE[19202]</label>
					<onleft>20</onleft>
					<onright>9</onright>
					<onup>8</onup>
					<ondown>12</ondown>
				</control>
				<control type="image" id ="10"><!-- Current channel icon -->
					<posx>535</posx>
					<posy>139</posy>
					<width>28</width>
					<height>28</height>
					<aspectratio>keep</aspectratio>
					<texture>$INFO[ListItem.Property(Icon)]</texture>
				</control>
				<control type="radiobutton" id ="12"><!-- EPG activated -->
					<posx>0</posx>
					<posy>178</posy>
					<width>580</width>
					<height>50</height>
					<font>font11</font>
					<focusedcolor>button-text</focusedcolor>
					<label>$LOCALIZE[19206]</label>
					<radioposx>540</radioposx>
					<onleft>20</onleft>
					<onright>12</onright>
					<onup>9</onup>
					<ondown>13</ondown>
				</control>
				<control type="spincontrolex" id ="13"><!-- EPG Source -->
					<posx>0</posx>
					<posy>228</posy>
					<width>580</width>
					<height>50</height>
					<font>font11</font>
					<label>$LOCALIZE[19200]</label>
					<onright>13</onright>
					<onleft>20</onleft>
					<onup>12</onup>
					<ondown>14</ondown>
				</control>
				<control type="radiobutton" id ="14"><!-- Parental locked -->
					<posx>0</posx>
					<posy>278</posy>
					<width>580</width>
					<height>50</height>
					<font>font11</font>
					<focusedcolor>button-text</focusedcolor>
					<label>$LOCALIZE[19267]</label>
					<radioposx>540</radioposx>
					<onleft>20</onleft>
					<onright>14</onright>
					<onup>13</onup>
					<ondown>30</ondown>
				</control>
			</control>
			<control type="group">
				<posx>640</posx>
				<posy>450</posy>
				<control type="label"><!-- Advanced channel options Header -->
					<posx>0</posx>
					<posy>0</posy>
					<width>480</width>
					<height>24</height>
					<label>[I]$LOCALIZE[31706][/I]</label>
				</control>
				<control type="button" id ="30"><!-- Group manager -->
					<posx>0</posx>
					<posy>28</posy>
					<width>290</width>
					<height>50</height>
					<font>font11</font>
					<align>center</align>
					<label>$LOCALIZE[19205]</label>
					<onleft>20</onleft>
					<onright>34</onright>
					<onup>14</onup>
					<ondown>33</ondown>
				</control>
				<control type="button" id ="34"><!-- TV/Radio -->
					<posx>295</posx>
					<posy>28</posy>
					<width>285</width>
					<height>50</height>
					<font>font11</font>
					<visible>IsEmpty(Window.Property(IsRadio))</visible>
					<align>center</align>
					<label>$LOCALIZE[19024]</label>
					<onleft>30</onleft>
					<onright>34</onright>
					<onup>14</onup>
					<ondown>33</ondown>
				</control>
				<control type="button" id ="34"><!-- TV/Radio -->
					<posx>295</posx>
					<posy>28</posy>
					<width>285</width>
					<height>50</height>
					<font>font11</font>
					<visible>!IsEmpty(Window.Property(IsRadio))</visible>
					<align>center</align>
					<label>$LOCALIZE[19023]</label>
					<onleft>30</onleft>
					<onright>34</onright>
					<onup>14</onup>
					<ondown>33</ondown>
				</control>
				<control type="button" id ="33"><!-- New channel -->
					<posx>125</posx>
					<posy>78</posy>
					<width>285</width>
					<height>50</height>
					<font>font11</font>
					<align>center</align>
					<label>$LOCALIZE[19204]</label>
					<onleft>20</onleft>
					<onright>33</onright>
					<onup>30</onup>
					<ondown>31</ondown>
				</control>
				<control type="button" id ="31"><!-- Edit channel -->
					<posx>0</posx>
					<posy>128</posy>
					<width>285</width>
					<height>50</height>
					<font>font11</font>
					<align>center</align>
					<label>$LOCALIZE[19203]</label>
					<onleft>20</onleft>
					<onright>32</onright>
					<onup>33</onup>
					<ondown>9000</ondown>
				</control>
				<control type="button" id ="32"><!-- Delete channel -->
					<posx>295</posx>
					<posy>128</posy>
					<width>285</width>
					<height>50</height>
					<font>font11</font>
					<align>center</align>
					<label>$LOCALIZE[19211]</label>
					<onleft>31</onleft>
					<onright>32</onright>
					<onup>33</onup>
					<ondown>9000</ondown>
				</control>
			</control>
		</control>
		<control type="group" id="9000">
			<posx>180</posx>
			<posy>660</posy>
			<control type="button" id ="4"><!-- OK -->
				<posx>0</posx>
				<posy>0</posy>
				<width>300</width>
				<height>50</height>
				<label>$LOCALIZE[186]</label>
				<font>font12</font>
				<align>center</align>
				<onleft>6</onleft>
				<onright>5</onright>
				<onup>31</onup>
				<ondown>9000</ondown>
			</control>
			<control type="button" id ="5"><!-- Apply changes -->
				<posx>310</posx>
				<posy>0</posy>
				<width>300</width>
				<height>50</height>
				<label>$LOCALIZE[14070]</label>
				<font>font12</font>
				<align>center</align>
				<onleft>4</onleft>
				<onright>6</onright>
				<onup>31</onup>
				<ondown>9000</ondown>
			</control>
			<control type="button" id ="6"><!-- Cancel -->
				<posx>620</posx>
				<posy>0</posy>
				<width>300</width>
				<height>50</height>
				<label>$LOCALIZE[222]</label>
				<font>font12</font>
				<align>center</align>
				<onleft>5</onleft>
				<onright>4</onright>
				<onup>31</onup>
				<ondown>9000</ondown>
			</control>
		</control>
	</controls>
</window>
