<?xml version="1.0" encoding="utf-8"?>
<window>
	<controls>
		<control type="group">
			<visible>![Window.IsVisible(seekbar) | Window.IsVisible(karaokeselector) | Window.IsVisible(karaokelargeselector) | Window.IsVisible(infodialog) | Window.IsVisible(busydialog) | Window.IsVisible(sliderdialog) | Window.IsVisible(extendedprogressdialog)]</visible>
			<left>902</left>
			<top>6</top>
			<control type="image"><!-- Dialog background -->
				<left>0</left>
				<top>0</top>
				<width>354</width>
				<height>162</height>
				<texture border="8">button-menu-background.png</texture>
			</control>
			<control type="group">
				<control type="image"><!-- Speaker image -->
					<left>0</left>
					<top>20</top>
					<width>113</width>
					<height>80</height>
					<aspectratio>keep</aspectratio>
					<texture>volume-thingy-mute.png</texture>
				</control>
				<control type="label">
					<left>123</left>
					<top>20</top>
					<width>212</width>
					<height>80</height>
					<align>center</align>
					<font>font22</font>
					<label>[B]$LOCALIZE[31651][/B]</label>
				</control>
			</control>
		</control>
	</controls>
</window>