<?xml version="1.0" encoding="UTF-8"?>
<window>
	<defaultcontrol always="true">29</defaultcontrol>
	<include>screen-fade</include>
	<controls>
		<control type="group">
			<visible>!Window.IsVisible(filebrowser)</visible>
			<include>background</include>
			<control type="group">
				<control type="label"><!-- Header -->
					<left>946</left>
					<top>32</top>
					<width>320</width>
					<height>30</height>
					<font>font18</font>
					<label>$LOCALIZE[19143]</label>
					<align>center</align>
					<aligny>bottom</aligny>
				</control>
				<control type="image">
					<left>10</left>
					<top>135</top>
					<width>1260</width>
					<height>4</height>
					<texture>separator.png</texture>
				</control>
				<control type="group"><!-- Channels list -->
					<left>10</left>
					<top>85</top>
					<control type="label" id="21"><!-- Name -->
						<left>0</left>
						<top>0</top>
						<width>360</width>
						<height>70</height>
						<font>font12</font>
						<align>center</align>
					</control>
					<control type="list" id="11">
						<left>5</left>
						<top>80</top>
						<width>370</width>
						<height>460</height>
						<onup>11</onup>
						<ondown>9000</ondown>
						<onleft>73</onleft>
						<onright>71</onright>
						<pagecontrol>71</pagecontrol>
						<scrolltime>200</scrolltime>
						<itemlayout height="46">
							<control type="image">
								<left>10</left>
								<top>9</top>
								<width>28</width>
								<height>28</height>
								<aspectratio>keep</aspectratio>
								<texture>$INFO[ListItem.Icon]</texture>
							</control>
							<control type="label">
								<left>44</left>
								<top>5</top>
								<width>320</width>
								<height>30</height>
								<font>font11</font>
								<selectedcolor>listselected-text</selectedcolor>
								<label>$INFO[ListItem.ChannelNumber,(,) - ]$INFO[ListItem.ChannelName]</label>
							</control>
						</itemlayout>
						<focusedlayout height="46">
							<control type="image">
								<left>0</left>
								<top>0</top>
								<width>370</width>
								<height>46</height>
								<texture border="8">button-default-focus.png</texture>
								<visible>Control.HasFocus(11)</visible>
							</control>
							<control type="image">
								<left>9</left>
								<top>9</top>
								<width>28</width>
								<height>28</height>
								<aspectratio>keep</aspectratio>
								<texture>$INFO[ListItem.Icon]</texture>
							</control>
							<control type="label">
								<left>44</left>
								<top>5</top>
								<width>320</width>
								<height>30</height>
								<font>font11</font>
								<selectedcolor>listselected-text</selectedcolor>
								<label>$INFO[ListItem.ChannelNumber,(,) - ]$INFO[ListItem.ChannelName]</label>
							</control>
						</focusedlayout>
					</control>
					<control type="scrollbar" id="71">
						<left>384</left>
						<top>80</top>
						<width>20</width>
						<height>460</height>
						<onleft>11</onleft>
						<onright>12</onright>
						<ondown>71</ondown>
						<onup>71</onup>
						<animation condition="!Control.HasFocus(71) + !Container.Scrolling + !StringCompare(Skin.String(show-scrollbar),$LOCALIZE[31875])" effect="fade" start="100" end="0" time="200" reversible="true">Conditional</animation>
						<visible>!StringCompare(Skin.String(show-scrollbar),$LOCALIZE[31877])</visible>
					</control>
				</control>
				<control type="group"><!-- Grouped Channels list -->
					<left>420</left>
					<top>85</top>
					<control type="label" id="22"><!-- Name -->
						<left>0</left>
						<top>0</top>
						<width>360</width>
						<height>70</height>
						<font>font12</font>
						<align>center</align>
					</control>
					<control type="list" id="12">
						<left>5</left>
						<top>80</top>
						<width>370</width>
						<height>460</height>
						<onup>12</onup>
						<ondown>9000</ondown>
						<onleft>71</onleft>
						<onright>72</onright>
						<pagecontrol>72</pagecontrol>
						<scrolltime>200</scrolltime>
						<itemlayout height="46">
							<control type="image">
								<left>9</left>
								<top>9</top>
								<width>28</width>
								<height>28</height>
								<aspectratio>keep</aspectratio>
								<texture>$INFO[ListItem.Icon]</texture>
							</control>
							<control type="label">
								<left>44</left>
								<posy>5</posy>
								<width>320</width>
								<height>30</height>
								<font>font11</font>
								<selectedcolor>listselected-text</selectedcolor>
								<label>$INFO[ListItem.ChannelNumber,(,) - ]$INFO[ListItem.ChannelName]</label>
							</control>
						</itemlayout>
						<focusedlayout height="46">
							<control type="image">
								<left>0</left>
								<top>0</top>
								<width>370</width>
								<height>46</height>
								<texture border="8">button-default-focus.png</texture>
								<visible>Control.HasFocus(12)</visible>
							</control>
							<control type="image">
								<left>9</left>
								<top>9</top>
								<width>28</width>
								<height>28</height>
								<aspectratio>keep</aspectratio>
								<texture>$INFO[ListItem.Icon]</texture>
							</control>
							<control type="label">
								<left>44</left>
								<top>5</top>
								<width>320</width>
								<height>30</height>
								<font>font11</font>
								<selectedcolor>listselected-text</selectedcolor>
								<label>$INFO[ListItem.ChannelNumber,(,) - ]$INFO[ListItem.ChannelName]</label>
							</control>
						</focusedlayout>
					</control>
					<control type="scrollbar" id="72">
						<left>384</left>
						<top>80</top>
						<width>20</width>
						<height>460</height>
						<onleft>12</onleft>
						<onright>13</onright>
						<ondown>72</ondown>
						<onup>72</onup>
						<animation condition="!Control.HasFocus(72) + !Container.Scrolling + !StringCompare(Skin.String(show-scrollbar),$LOCALIZE[31875])" effect="fade" start="100" end="0" time="200" reversible="true">Conditional</animation>
						<visible>!StringCompare(Skin.String(show-scrollbar),$LOCALIZE[31877])</visible>
					</control>
				</control>
				<control type="group"><!-- Group list -->
					<left>880</left>
					<top>85</top>
					<control type="label"><!-- Name -->
						<left>0</left>
						<top>0</top>
						<width>350</width>
						<height>70</height>
						<label>$LOCALIZE[31700]</label>
						<align>center</align>
					</control>
					<control type="list" id="13">
						<left>5</left>
						<top>80</top>
						<width>350</width>
						<height>460</height>
						<onup>13</onup>
						<ondown>9000</ondown>
						<onleft>72</onleft>
						<onright>73</onright>
						<pagecontrol>73</pagecontrol>
						<scrolltime>200</scrolltime>
						<itemlayout height="46">
							<control type="label">
								<left>175</left>
								<top>5</top>
								<width>330</width>
								<height>30</height>
								<font>font11</font>
								<align>center</align>
								<selectedcolor>listselected-text</selectedcolor>
								<label>$INFO[ListItem.Label]</label>
							</control>
						</itemlayout>
						<focusedlayout height="46">
							<control type="image">
								<left>0</left>
								<top>0</top>
								<width>350</width>
								<height>46</height>
								<texture border="8">button-default-focus.png</texture>
								<visible>Control.HasFocus(13)</visible>
							</control>
							<control type="label">
								<left>175</left>
								<top>5</top>
								<width>330</width>
								<height>30</height>
								<font>font11</font>
								<align>center</align>
								<selectedcolor>listselected-text</selectedcolor>
								<label>$INFO[ListItem.Label]</label>
							</control>
						</focusedlayout>
					</control>
					<control type="scrollbar" id="73">
						<left>1246</left>
						<top>80</top>
						<width>20</width>
						<height>460</height>
						<onleft>13</onleft>
						<onright>9000</onright>
						<ondown>73</ondown>
						<onup>73</onup>
						<animation condition="!Control.HasFocus(73) + !Container.Scrolling + !StringCompare(Skin.String(show-scrollbar),$LOCALIZE[31875])" effect="fade" start="100" end="0" time="200" reversible="true">Conditional</animation>
						<visible>!StringCompare(Skin.String(show-scrollbar),$LOCALIZE[31877])</visible>
					</control>
				</control>
				<control type="grouplist" id="9000">
					<left>0</left>
					<top>650</top>
					<width>1280</width>
					<height>50</height>
					<align>center</align>
					<orientation>horizontal</orientation>
					<onleft>9000</onleft>
					<onright>9000</onright>
					<onup>13</onup>
					<control type="button" id="26"><!-- Add Group -->
						<width>250</width>
						<height>50</height>
						<label>$LOCALIZE[15019] $LOCALIZE[19141]</label>
						<font>font12</font>
						<align>center</align>
					</control>
					<control type="button" id="27"><!-- Rename Group -->
						<width>250</width>
						<height>50</height>
						<label>$LOCALIZE[118] $LOCALIZE[19141]</label>
						<font>font12</font>
						<align>center</align>
					</control>
					<control type="button" id="28"><!-- Delete Group -->
						<width>250</width>
						<height>50</height>
						<label>$LOCALIZE[117] $LOCALIZE[19141]</label>
						<font>font12</font>
						<align>center</align>
					</control>
					<control type="button" id="29"><!-- OK -->
						<width>250</width>
						<height>50</height>
						<label>$LOCALIZE[186]</label>
						<font>font12</font>
						<align>center</align>
					</control>
				</control>
			</control>
		</control>

		<control type="label" id="20"><!-- Fake Label used to pass on name label -->
			<visible>false</visible>
		</control>
	</controls>
</window>