<?xml version="1.0" encoding="UTF-8"?>
<includes>
	<include name="HomeSubMenuVideos">
		<control type="button" id="90102">
			<include>ButtonHomeSubCommonValues</include>
			<label>342</label>
			<onclick>ActivateWindow(Videos,MovieTitles,return)</onclick>
			<visible>Library.HasContent(Movies) + Skin.HasSetting(HomeMenuNoMovieButton)</visible>
		</control>
		<control type="button" id="90103">
			<include>ButtonHomeSubCommonValues</include>
			<label>20343</label>
			<onclick>ActivateWindow(Videos,TvShowTitles,return)</onclick>
			<visible>Library.HasContent(TVShows) + Skin.HasSetting(HomeMenuNoTVShowButton)</visible>
		</control>
		<control type="button" id="90104">
			<include>ButtonHomeSubCommonValues</include>
			<label>20389</label>
			<onclick>ActivateWindow(Videos,MusicVideoTitles,return)</onclick>
			<visible>Library.HasContent(MusicVideos)</visible>
		</control>
		<control type="button" id="90105">
			<include>ButtonHomeSubCommonValues</include>
			<label>744</label>
			<onclick>ActivateWindow(Videos,Files,return)</onclick>
		</control>
		<control type="button" id="90106">
			<include>ButtonHomeSubCommonValues</include>
			<label>14022</label>
			<onclick>ActivateWindow(Videos,Root)</onclick>
			<visible>Library.HasContent(Video)</visible>
		</control>
		<control type="button" id="90107">
			<include>ButtonHomeSubCommonValues</include>
			<label>24001</label>
			<onclick>ActivateWindow(Videos,Addons,return)</onclick>
		</control>
	</include>
	
	<include name="HomeSubMenuMovies">
		<control type="button" id="90162">
			<include>ButtonHomeSubCommonValues</include>
			<label>Added</label>
			<onclick>ActivateWindow(Videos,RecentlyAddedMovies,return)</onclick>
		</control>
		<control type="button" id="90163">
			<include>ButtonHomeSubCommonValues</include>
			<label>20434</label>
			<onclick>ActivateWindow(Videos,MovieSets,return)</onclick>
			<visible>Library.HasContent(MovieSets)</visible>
		</control>
		<control type="button" id="90164">
			<include>ButtonHomeSubCommonValues</include>
			<label>369</label>
			<onclick>ActivateWindow(Videos,MovieTitles,return)</onclick>
		</control>
		<control type="button" id="90165">
			<include>ButtonHomeSubCommonValues</include>
			<label>135</label>
			<onclick>ActivateWindow(Videos,MovieGenres,return)</onclick>
		</control>
		<control type="button" id="90166">
			<include>ButtonHomeSubCommonValues</include>
			<label>652</label>
			<onclick>ActivateWindow(Videos,MovieYears,return)</onclick>
		</control>
		<control type="button" id="90167">
			<include>ButtonHomeSubCommonValues</include>
			<label>344</label>
			<onclick>ActivateWindow(Videos,MovieActors,return)</onclick>
		</control>
	</include>
	
	<include name="HomeSubMenuTVShows">
		<control type="button" id="90172">
			<include>ButtonHomeSubCommonValues</include>
			<label>Added</label>
			<onclick>ActivateWindow(Videos,RecentlyAddedEpisodes,return)</onclick>
		</control>
		<control type="button" id="100777">
			<include>ButtonHomeSubCommonValues</include>
			<label>Air Date</label>
			<onclick>ActivateWindow(videofiles,special://skin/extras/playlists/video/airdate.xsp,return)</onclick>
		</control>
		<control type="button" id="90173">
			<include>ButtonHomeSubCommonValues</include>
			<label>369</label>
			<onclick>ActivateWindow(Videos,TVShowTitles,return)</onclick>
		</control>
		<control type="button" id="90174">
			<include>ButtonHomeSubCommonValues</include>
			<label>135</label>
			<onclick>ActivateWindow(Videos,TVShowGenres,return)</onclick>
		</control>
		<control type="button" id="90175">
			<include>ButtonHomeSubCommonValues</include>
			<label>652</label>
			<onclick>ActivateWindow(Videos,TVShowYears,return)</onclick>
		</control>
		<control type="button" id="90176">
			<include>ButtonHomeSubCommonValues</include>
			<label>344</label>
			<onclick>ActivateWindow(Videos,TVShowActors,return)</onclick>
		</control>
	</include>
	
	<include name="HomeSubMenuSimply">
		<control type="button" id="90622">
			<include>ButtonHomeSubCommonValues</include>
			<label>[COLOR blue]M[/COLOR]ovies</label>
			<onclick>ActivateWindow(videofiles,plugin://script.icechannel/?indexer=movies&section=main&title=Movies&mode=indexer,return)</onclick>
			<onclick>Container.Update(plugin://script.icechannel/?indexer=movies&mode=indexer&section=main&title=Movies)</onclick>
			<visible>!Skin.HasSetting(SimplyMain_bttn)</visible>
		</control>
		<control type="button" id="90623">
			<include>ButtonHomeSubCommonValues</include>
			<label>[COLOR blue]M[/COLOR]ovies Search</label>
			<onclick>ActivateWindow(videofiles,plugin://script.icechannel/?indexer=movies&mode=search,return)</onclick>
			<onclick condition="!Skin.HasSetting(xunityM_search)">Container.Update(plugin://script.icechannel/?indexer=movies&mode=search,replace)</onclick>
			<onclick>Skin.ToggleSetting(xunityM_search)</onclick>
			<visible>!Skin.HasSetting(SimplySearchMovie_bttn)</visible>
		</control>
		<control type="button" id="90624">
			<include>ButtonHomeSubCommonValues</include>
			<label>[COLOR blue]T[/COLOR]V Shows</label>
			<onclick>ActivateWindow(videofiles,plugin://script.icechannel/?indexer=tv_shows&section=main&title=TV%20Shows&mode=indexer,return)</onclick>
			<visible>!Skin.HasSetting(SimplyMoviesGenre_bttn)</visible>
		</control>
		<control type="button" id="90625">
			<include>ButtonHomeSubCommonValues</include>
			<label>[COLOR blue]T[/COLOR]V Show Search</label>
			<onclick>ActivateWindow(videofiles,plugin://script.icechannel/?indexer=tv_shows&mode=search,return)</onclick>
			<onclick condition="!Skin.HasSetting(xunityT_search)">Container.Update(plugin://script.icechannel/?indexer=tv_shows&mode=search,replace)</onclick>
			<onclick>Skin.ToggleSetting(xunityT_search)</onclick>
			<visible>!Skin.HasSetting(SimplySearchTV_bttn)</visible>
		</control>
		<control type="button" id="90626">
			<include>ButtonHomeSubCommonValues</include>
			<label>[COLOR blue]L[/COLOR]ists & [COLOR blue]F[/COLOR]avs</label>
			<onclick>ActivateWindow(videofiles,plugin://script.icechannel?section=main&mode=indexer&indexer=lists&title=iView,return)</onclick>
			<visible>!Skin.HasSetting(SimplyFavs_bttn)</visible>
		</control>
		<control type="button" id="90627">
			<include>ButtonHomeSubCommonValues</include>
			<label>[COLOR blue]B[/COLOR]ookmarks</label>
			<onclick>ActivateWindow(videofiles,plugin://script.icechannel?indexer_id=Bookmarks&section=main&mode=section&indexer=lists&title=Bookmarks,return)</onclick>
			<visible>!Skin.HasSetting(xunity.book)</visible>
		</control>
		<control type="button" id="90630">
			<include>ButtonHomeSubCommonValues</include>
			<label>[COLOR blue]L[/COLOR]ive TV</label>
			<onclick>ActivateWindow(videofiles,plugin://script.icechannel/?indexer=live_tv&mode=indexer&section=main&title=Live%20TV,return)</onclick>
			<visible>!Skin.HasSetting(xunity.livetv)</visible>
		</control>
		<control type="button" id="90631">
			<include>ButtonHomeSubCommonValues</include>
			<label>[COLOR blue]i[/COLOR]Watch</label>
			<onclick>ActivateWindow(videofiles,plugin://script.icechannel?section=main&mode=indexer&indexer=lists&title=iWatch,return)</onclick>
			<visible>!Skin.HasSetting(xunity.iwatch)</visible>
		</control>
		<control type="button" id="90632">
			<include>ButtonHomeSubCommonValues</include>
			<label>[COLOR blue]T[/COLOR]ools</label>
			<onclick>ActivateWindow(videofiles,plugin://script.icechannel/?indexer=tools&mode=tools&section=tools&title=Tools,return)</onclick>
			<visible>!Skin.HasSetting(xunity.tools)</visible>
		</control>
		<control type="button" id="90628">
			<include>ButtonHomeSubCommonValues</include>
			<label>41916</label>
			<onclick>ActivateWindow(videofiles,plugin://script.icechannel/?mode=settings,return)</onclick>
			<visible>!Skin.HasSetting(SimplyTvGenre_bttn)</visible>
		</control>
	</include>
	
	<include name="HomeSubMenuProgramaspps">
		<control type="button" id="190941">
			<include>ButtonHomeSubCommonValues</include>
			<label>[COLOR blue]X[/COLOR]unity Backup/Rest</label>
			<onclick>ActivateWindow(videofiles,plugin://script.xunitybackup/,return)</onclick>
		</control>
		<control type="button" id="190942">
			<include>ButtonHomeSubCommonValues</include>
			<label>[COLOR blue]X[/COLOR]unity Maintenance</label>
			<onclick>ActivateWindow(videofiles,plugin://plugin.video.hubmaintenance/,return)</onclick>
		</control>
		<control type="button" id="190943">
			<include>ButtonHomeSubCommonValues</include>
			<label>[COLOR blue]I[/COLOR]STREAM Installer</label>
			<onclick>ActivateWindow(videofiles,plugin://plugin.video.xunity/,return)</onclick>
		</control>
	</include>
	
	<include name="HomeSubMenuAndroid">
		<control type="button" id="90722">
			<include>ButtonHomeSubCommonValues</include>
			<label>Google Play</label>
			<onclick>StartAndroidActivity(com.android.vending)</onclick>
			<visible>true</visible>
		</control>
		<control type="button" id="90724">
			<include>ButtonHomeSubCommonValues</include>
			<label>Netflix</label>
			<onclick>StartAndroidActivity(com.netflix.mediaclient)</onclick>
			<visible>true</visible>
		</control>
		<control type="button" id="90725">
			<include>ButtonHomeSubCommonValues</include>
			<label>Show Box</label>
			<onclick>StartAndroidActivity(com.tdo.showbox)</onclick>
			<visible>true</visible>
		</control>
		<control type="button" id="90726">
			<include>ButtonHomeSubCommonValues</include>
			<label>Skype</label>
			<onclick>StartAndroidActivity(com.skype.raider)</onclick>
			<visible>true</visible>
		</control>
		<control type="button" id="90732">
			<include>ButtonHomeSubCommonValues</include>
			<label>Hulu</label>
			<onclick>StartAndroidActivity(com.hulu.plus)</onclick>
			<visible>true</visible>
		</control>		
		<control type="button" id="90730">
			<include>ButtonHomeSubCommonValues</include>
			<label>Settings</label>
			<onclick>StartAndroidActivity(com.mbx.settingsmbox)</onclick>
			<visible>true</visible>
		</control>
	</include>
	
	<include name="HomeSubMenuMusic">
		<control type="button" id="90112">
			<include>ButtonHomeSubCommonValues</include>
			<label>133</label>
			<onclick>ActivateWindow(MusicLibrary,Artists,return)</onclick>
			<visible>Library.HasContent(Music)</visible>
		</control>
		<control type="button" id="90113">
			<include>ButtonHomeSubCommonValues</include>
			<label>132</label>
			<onclick>ActivateWindow(MusicLibrary,Albums,return)</onclick>
			<visible>Library.HasContent(Music)</visible>
		</control>
		<control type="button" id="90114">
			<include>ButtonHomeSubCommonValues</include>
			<label>134</label>
			<onclick>ActivateWindow(MusicLibrary,Songs,return)</onclick>
			<visible>Library.HasContent(Music)</visible>
		</control>
		<control type="button" id="90115">
			<include>ButtonHomeSubCommonValues</include>
			<label>744</label>
			<onclick>ActivateWindow(MusicFiles)</onclick>
		</control>
		<control type="button" id="90116">
			<include>ButtonHomeSubCommonValues</include>
			<label>14022</label>
			<onclick>ActivateWindow(MusicLibrary,root)</onclick>
			<visible>Library.HasContent(Music)</visible>
		</control>
		<control type="button" id="90117">
			<include>ButtonHomeSubCommonValues</include>
			<label>24001</label>
			<onclick>ActivateWindow(MusicLibrary,Addons,return)</onclick>
			<visible>Library.HasContent(Music)</visible>
		</control>
		<control type="button" id="90118">
			<include>ButtonHomeSubCommonValues</include>
			<label>24001</label>
			<onclick>ActivateWindow(MusicFiles,Addons,return)</onclick>
			<visible>!Library.HasContent(Music)</visible>
		</control>
	</include>
	
	<include name="HomeSubMenuSystem">
		<control type="button" id="90122">
			<include>ButtonHomeSubCommonValues</include>
			<label>5</label>
			<onclick>ActivateWindow(Settings)</onclick>
		</control>
		<control type="button" id="90123">
			<include>ButtonHomeSubCommonValues</include>
			<label>7</label>
			<onclick>ActivateWindow(FileManager)</onclick>
		</control>
		<control type="button" id="90124">
			<include>ButtonHomeSubCommonValues</include>
			<label>13200</label>
			<onclick>ActivateWindow(Profiles)</onclick>
		</control>
		<control type="button" id="90125">
			<include>ButtonHomeSubCommonValues</include>
			<label>130</label>
			<onclick>ActivateWindow(SystemInfo)</onclick>
		</control>
	</include>
	
	<include name="HomeSubMenuPlayDisc">
		<control type="button" id="90132">
			<include>ButtonHomeSubCommonValues</include>
			<label>13391</label>
			<onclick>SetFocus(9000)</onclick>
			<onclick>EjectTray()</onclick>
		</control>
	</include>
	
	<include name="HomeSubMenuPictures">
		<control type="button" id="90148">
			<include>ButtonHomeSubCommonValues</include>
			<label>24001</label>
			<onclick>ActivateWindow(Pictures,Addons,return)</onclick>
		</control>
	</include>
	
	<include name="HomeSubMenuTV">
		<control type="button" id="90143">
			<include>ButtonHomeSubCommonValues</include>
			<label>19019</label>
			<onclick>ActivateWindow(TVChannels)</onclick>
		</control>
		<control type="button" id="90144">
			<include>ButtonHomeSubCommonValues</include>
			<label>19069</label>
			<onclick>ActivateWindow(TVGuide)</onclick>
		</control>
		<control type="button" id="90145">
			<include>ButtonHomeSubCommonValues</include>
			<label>19163</label>
			<onclick>ActivateWindow(TVRecordings)</onclick>
		</control>
		<control type="button" id="90146">
			<include>ButtonHomeSubCommonValues</include>
			<label>19040</label>
			<onclick>ActivateWindow(TVTimers)</onclick>
		</control>
		<control type="button" id="90147">
			<include>ButtonHomeSubCommonValues</include>
			<label>137</label>
			<onclick>ActivateWindow(TVSearch)</onclick>
		</control>
	</include>
	
	<include name="HomeSubMenuRadio">
		<control type="button" id="90243">
			<include>ButtonHomeSubCommonValues</include>
			<label>19019</label>
			<onclick>ActivateWindow(RadioChannels)</onclick>
		</control>
		<control type="button" id="90244">
			<include>ButtonHomeSubCommonValues</include>
			<label>19069</label>
			<onclick>ActivateWindow(RadioGuide)</onclick>
		</control>
		<control type="button" id="90245">
			<include>ButtonHomeSubCommonValues</include>
			<label>19163</label>
			<onclick>ActivateWindow(RadioRecordings)</onclick>
		</control>
		<control type="button" id="90246">
			<include>ButtonHomeSubCommonValues</include>
			<label>19040</label>
			<onclick>ActivateWindow(RadioTimers)</onclick>
		</control>
		<control type="button" id="90247">
			<include>ButtonHomeSubCommonValues</include>
			<label>137</label>
			<onclick>ActivateWindow(RadioSearch)</onclick>
		</control>
	</include>
</includes>
