<?xml version="1.0" encoding="UTF-8"?>
<includes>
	<variable name="BackgroundImage">
		<value condition="Skin.HasSetting(background-fanart) + !IsEmpty(ListItem.Property(Fanart_Image))">$INFO[ListItem.Property(Fanart_Image)]</value>
		<value condition="!IsEmpty(Skin.String(background-custom))">$INFO[Skin.String(background-custom)]</value>
		<value>background.png</value>
	</variable>
	<variable name="VideoBackgndImage">
		<value condition="Skin.HasSetting(background-fanart) + !IsEmpty(ListItem.Art(fanart))">$INFO[ListItem.Art(fanart)]</value>
		<value condition="Skin.HasSetting(background-fanart) + !IsEmpty(ListItem.Property(Fanart_Image))">$INFO[ListItem.Property(Fanart_Image)]</value>
		<value condition="Skin.HasSetting(background-fanart) + !IsEmpty(Fanart.Image)">$INFO[Fanart.Image]</value>
		<value condition="!IsEmpty(Skin.String(background-custom))">$INFO[Skin.String(background-custom)]</value>
		<value>background.png</value>
	</variable>
	<variable name="VideoRating">
		<value condition="substring(ListItem.Mpaa,Rated G) | substring(ListItem.Mpaa,Rated: G)">special://skin/extras/images/rating/mpaa_general.png</value>
		<value condition="[substring(ListItem.Mpaa,Rated PG) | substring(ListItem.Mpaa,Rated: PG)] + !substring(ListItem.Mpaa,Rated PG-13) + !substring(ListItem.Mpaa,Rated: PG-13)">special://skin/extras/images/rating/mpaa_pg.png</value>
		<value condition="substring(ListItem.Mpaa,Rated PG-13) | substring(ListItem.Mpaa,Rated: PG-13)">special://skin/extras/images/rating/mpaa_pg13.png</value>
		<value condition="substring(ListItem.Mpaa,Rated R) | substring(ListItem.Mpaa,Rated: R)">special://skin/extras/images/rating/mpaa_restricted.png</value>
		<value condition="substring(ListItem.Mpaa,Rated NC-17) | substring(ListItem.Mpaa,Rated: NC-17)">special://skin/extras/images/rating/mpaa_nc17.png</value>
		<value condition="StringCompare(ListItem.Mpaa,UK:U)">special://skin/extras/images/rating/bbfc_u.png</value>
		<value condition="StringCompare(ListItem.Mpaa,UK:UC)">special://skin/extras/images/rating/bbfc_uc.png</value>
		<value condition="StringCompare(ListItem.Mpaa,UK:PG)">special://skin/extras/images/rating/bbfc_pg.png</value>
		<value condition="StringCompare(ListItem.Mpaa,UK:12)">special://skin/extras/images/rating/bbfc_12.png</value>
		<value condition="StringCompare(ListItem.Mpaa,UK:12A)">special://skin/extras/images/rating/bbfc_12A.png</value>
		<value condition="StringCompare(ListItem.Mpaa,UK:15)">special://skin/extras/images/rating/bbfc_15.png</value>
		<value condition="StringCompare(ListItem.Mpaa,UK:18)">special://skin/extras/images/rating/bbfc_18.png</value>
		<value condition="StringCompare(ListItem.Mpaa,UK:R18)">special://skin/extras/images/rating/bbfc_R18.png</value>
		<value condition="substring(ListItem.Mpaa,FSK0) | substring(ListItem.Mpaa,FSK 0) | substring(ListItem.Mpaa,FSK o.A.)">special://skin/extras/images/rating/FSK-0.png</value>
		<value condition="substring(ListItem.Mpaa,FSK6) | substring(ListItem.Mpaa,FSK 6)">special://skin/extras/images/rating/FSK-6.png</value>
		<value condition="substring(ListItem.Mpaa,FSK12) | substring(ListItem.Mpaa,FSK 12)">special://skin/extras/images/rating/FSK-12.png</value>
		<value condition="substring(ListItem.Mpaa,FSK16) | substring(ListItem.Mpaa,FSK 16)">special://skin/extras/images/rating/FSK-16.png</value>
		<value condition="substring(ListItem.Mpaa,FSK18) | substring(ListItem.Mpaa,FSK 18)">special://skin/extras/images/rating/FSK-18.png</value>
		<value condition="StringCompare(Listitem.Mpaa,Australia:G)">special://skin/extras/images/rating/australia_g.png</value>
		<value condition="substring(Listitem.Mpaa,Australia:MA)">special://skin/extras/images/rating/australia_ma.png</value>
		<value condition="StringCompare(Listitem.Mpaa,Australia:M)">special://skin/extras/images/rating/australia_m.png</value>
		<value condition="StringCompare(Listitem.Mpaa,Australia:PG)">special://skin/extras/images/rating/australia_pg.png</value>
		<value condition="StringCompare(Listitem.Mpaa,Australia:R)">special://skin/extras/images/rating/australia_r.png</value>
		<value condition="StringCompare(Listitem.Mpaa,Australia:X)">special://skin/extras/images/rating/australia_x.png</value>
		<value condition="SubString(ListItem.Property(Mpaa),Brazil:Livre) | SubString(ListItem.Property(Mpaa),Livre)">special://skin/extras/images/Brazil_Livre.png</value>
		<value condition="SubString(ListItem.Property(Mpaa),Brazil:10) | SubString(ListItem.Property(Mpaa),10 anos)">special://skin/extras/images/Brazil_10.png</value>
		<value condition="SubString(ListItem.Property(Mpaa),Brazil:12) | SubString(ListItem.Property(Mpaa),12 anos)">special://skin/extras/images/Brazil_12.png</value>
		<value condition="SubString(ListItem.Property(Mpaa),Brazil:14) | SubString(ListItem.Property(Mpaa),14 anos)">special://skin/extras/images/Brazil_14.png</value>
		<value condition="SubString(ListItem.Property(Mpaa),Brazil:16) | SubString(ListItem.Property(Mpaa),16 anos)">special://skin/extras/images/Brazil_16.png</value>
		<value condition="SubString(ListItem.Property(Mpaa),Brazil:18) | SubString(ListItem.Property(Mpaa),18 anos)">special://skin/extras/images/Brazil_18.png</value>
		<value condition="SubString(ListItem.Property(Mpaa),HU-KN)">special://skin/extras/images/rating/HU_KN.png</value>
		<value condition="SubString(ListItem.Property(Mpaa),HU-12)">special://skin/extras/images/rating/HU_12.png</value>
		<value condition="SubString(ListItem.Property(Mpaa),HU-16)">special://skin/extras/images/rating/HU_16.png</value>
		<value condition="SubString(ListItem.Property(Mpaa),HU-18)">special://skin/extras/images/rating/HU_18.png</value>
		<value condition="substring(ListItem.Mpaa,TV-Y) + ![substring(ListItem.Mpaa,TV-Y7) | substring(ListItem.Mpaa,TV-Y7-FV)]">special://skin/extras/images/rating/TV-Y.png</value>
		<value condition="substring(ListItem.Mpaa,TV-Y7) | substring(ListItem.Mpaa,TV-Y7-FV)">special://skin/extras/images/rating/TV-Y7.png</value>
		<value condition="substring(ListItem.Mpaa,TV-G)">special://skin/extras/images/rating/TV-G.png</value>
		<value condition="substring(ListItem.Mpaa,TV-PG)">special://skin/extras/images/rating/TV-PG.png</value>
		<value condition="substring(ListItem.Mpaa,TV-14)">special://skin/extras/images/rating/TV-14.png</value>
		<value condition="substring(ListItem.Mpaa,TV-MA)">special://skin/extras/images/rating/TV-MA.png</value>
	</variable>
	<variable name="GlobalSearchRating">
		<value condition="substring(Container(100).ListItem.Property(Mpaa),Rated G) | substring(Container(100).ListItem.Property(Mpaa),Rated: G)">special://skin/extras/images/rating/mpaa_general.png</value>
		<value condition="[substring(Container(100).ListItem.Property(Mpaa),Rated PG) | substring(Container(100).ListItem.Property(Mpaa),Rated: PG)] + !substring(Container(100).ListItem.Property(Mpaa),Rated PG-13) + !substring(Container(100).ListItem.Property(Mpaa),Rated: PG-13)">special://skin/extras/images/rating/mpaa_pg.png</value>
		<value condition="substring(Container(100).ListItem.Property(Mpaa),Rated PG-13) | substring(Container(100).ListItem.Property(Mpaa),Rated: PG-13)">special://skin/extras/images/rating/mpaa_pg13.png</value>
		<value condition="substring(Container(100).ListItem.Property(Mpaa),Rated R) | substring(Container(100).ListItem.Property(Mpaa),Rated: R)">special://skin/extras/images/rating/mpaa_restricted.png</value>
		<value condition="substring(Container(100).ListItem.Property(Mpaa),Rated NC-17) | substring(Container(100).ListItem.Property(Mpaa),Rated: NC-17)">special://skin/extras/images/rating/mpaa_nc17.png</value>
		<value condition="StringCompare(Container(100).ListItem.Property(Mpaa),UK:U)">special://skin/extras/images/rating/bbfc_u.png</value>
		<value condition="StringCompare(Container(100).ListItem.Property(Mpaa),UK:UC)">special://skin/extras/images/rating/bbfc_uc.png</value>
		<value condition="StringCompare(Container(100).ListItem.Property(Mpaa),UK:PG)">special://skin/extras/images/rating/bbfc_pg.png</value>
		<value condition="StringCompare(Container(100).ListItem.Property(Mpaa),UK:12)">special://skin/extras/images/rating/bbfc_12.png</value>
		<value condition="StringCompare(Container(100).ListItem.Property(Mpaa),UK:12A)">special://skin/extras/images/rating/bbfc_12.png</value>
		<value condition="StringCompare(Container(100).ListItem.Property(Mpaa),UK:15)">special://skin/extras/images/rating/bbfc_15.png</value>
		<value condition="StringCompare(Container(100).ListItem.Property(Mpaa),UK:18)">special://skin/extras/images/rating/bbfc_18.png</value>
		<value condition="StringCompare(Container(100).ListItem.Property(Mpaa),UK:R18)">special://skin/extras/images/rating/bbfc_R18.png</value>
		<value condition="substring(Container(100).ListItem.Property(Mpaa),FSK0) | substring(Container(100).ListItem.Property(Mpaa),FSK 0) | substring(ListItem.Mpaa,FSK o.A.)">special://skin/extras/images/rating/FSK-0.png</value>
		<value condition="substring(Container(100).ListItem.Property(Mpaa),FSK6) | substring(Container(100).ListItem.Property(Mpaa),FSK 6)">special://skin/extras/images/rating/FSK-6.png</value>
		<value condition="substring(Container(100).ListItem.Property(Mpaa),FSK12) | substring(Container(100).ListItem.Property(Mpaa),FSK 12)">special://skin/extras/images/rating/FSK-12.png</value>
		<value condition="substring(Container(100).ListItem.Property(Mpaa),FSK16) | substring(Container(100).ListItem.Property(Mpaa),FSK 16)">special://skin/extras/images/rating/FSK-16.png</value>
		<value condition="substring(Container(100).ListItem.Property(Mpaa),FSK18) | substring(Container(100).ListItem.Property(Mpaa),FSK 18)">special://skin/extras/images/rating/FSK-18.png</value>
		<value condition="StringCompare(Container(100).ListItem.Property(Mpaa),Australia:G)">special://skin/extras/images/rating/australia_g.png</value>
		<value condition="substring(Container(100).ListItem.Property(Mpaa),Australia:MA)">special://skin/extras/images/rating/australia_ma.png</value>
		<value condition="StringCompare(Container(100).ListItem.Property(Mpaa),Australia:M)">special://skin/extras/images/rating/australia_m.png</value>
		<value condition="StringCompare(Container(100).ListItem.Property(Mpaa),Australia:PG)">special://skin/extras/images/rating/australia_pg.png</value>
		<value condition="StringCompare(Container(100).ListItem.Property(Mpaa),Australia:R)">special://skin/extras/images/rating/australia_r.png</value>
		<value condition="StringCompare(Container(100).ListItem.Property(Mpaa),Australia:X)">special://skin/extras/images/rating/australia_x.png</value>
		<value condition="SubString(Container(100).ListItem.Property(Mpaa),Brazil:Livre) | SubString(ListItem.Property(Mpaa),Livre)">special://skin/extras/images/rating/Brazil_Livre.png</value>
		<value condition="SubString(Container(100).ListItem.Property(Mpaa),Brazil:10) | SubString(Container(100).ListItem.Property(Mpaa),10 anos)">special://skin/extras/images/rating/Brazil_10.png</value>
		<value condition="SubString(Container(100).ListItem.Property(Mpaa),Brazil:12) | SubString(Container(100).ListItem.Property(Mpaa),12 anos)">special://skin/extras/images/rating/Brazil_12.png</value>
		<value condition="SubString(Container(100).ListItem.Property(Mpaa),Brazil:14) | SubString(Container(100).ListItem.Property(Mpaa),14 anos)">special://skin/extras/images/rating/Brazil_14.png</value>
		<value condition="SubString(Container(100).ListItem.Property(Mpaa),Brazil:16) | SubString(Container(100).ListItem.Property(Mpaa),16 anos)">special://skin/extras/images/rating/Brazil_16.png</value>
		<value condition="SubString(Container(100).ListItem.Property(Mpaa),Brazil:18) | SubString(Container(100).ListItem.Property(Mpaa),18 anos)">special://skin/extras/images/rating/Brazil_18.png</value>
		<value condition="SubString(Container(100).ListItem.Property(Mpaa),HU-KN)">special://skin/extras/images/rating/HU_KN.png</value>
		<value condition="SubString(Container(100).ListItem.Property(Mpaa),HU-12)">special://skin/extras/images/rating/HU_12.png</value>
		<value condition="SubString(Container(100).ListItem.Property(Mpaa),HU-16)">special://skin/extras/images/rating/HU_16.png</value>
		<value condition="SubString(Container(100).ListItem.Property(Mpaa),HU-18)">special://skin/extras/images/rating/HU_18.png</value>
		<value condition="substring(Container(100).ListItem.Property(Mpaa),TV-Y) + ![substring(Container(100).ListItem.Property(Mpaa),TV-Y7) | substring(ListItem.Mpaa,TV-Y7-FV)]">special://skin/extras/images/rating/TV-Y.png</value>
		<value condition="substring(Container(100).ListItem.Property(Mpaa),TV-Y7) | substring(Container(100).ListItem.Property(Mpaa),TV-Y7-FV)">special://skin/extras/images/rating/TV-Y7.png</value>
		<value condition="substring(Container(100).ListItem.Property(Mpaa),TV-G)">special://skin/extras/images/rating/TV-G.png</value>
		<value condition="substring(Container(100).ListItem.Property(Mpaa),TV-PG)">special://skin/extras/images/rating/TV-PG.png</value>
		<value condition="substring(Container(100).ListItem.Property(Mpaa),TV-14)">special://skin/extras/images/rating/TV-14.png</value>
		<value condition="substring(Container(100).ListItem.Property(Mpaa),TV-MA)">special://skin/extras/images/rating/TV-MA.png</value>
	</variable>
	<variable name="MediaRating">
		<value condition="substring(ListItem.StarRating,5)">rating5.png</value>
		<value condition="substring(ListItem.StarRating,4)">rating4.png</value>
		<value condition="substring(ListItem.StarRating,3)">rating3.png</value>
		<value condition="substring(ListItem.StarRating,2)">rating2.png</value>
		<value condition="substring(ListItem.StarRating,1)">rating1.png</value>
		<value>rating0.png</value>
	</variable>
	<variable name="MediaRatingCentered">
		<value condition="substring(ListItem.StarRating,5)">rating5-center.png</value>
		<value condition="substring(ListItem.StarRating,4)">rating4-center.png</value>
		<value condition="substring(ListItem.StarRating,3)">rating3-center.png</value>
		<value condition="substring(ListItem.StarRating,2)">rating2-center.png</value>
		<value condition="substring(ListItem.StarRating,1)">rating1-center.png</value>
		<value>rating0.png</value>
	</variable>
	<variable name="VideoInfoIcons">
		<value condition="Container.Content(movies)">plugin://service.library.data.provider?type=recommendedmovies&amp;reload=$INFO[Window.Property(recommendedmovies)]</value>
		<value condition="Container.Content(tvshows) | Container.Content(seasons) | Container.Content(episodes)">plugin://service.library.data.provider?type=recommendedepisodes&amp;reload=$INFO[Window.Property(recommendedepisodes)]</value>
	</variable>
	<variable name="Overlay">
		<value condition="ListItem.IsResumable">overlaypartialywatched.png</value>
		<value>$INFO[ListItem.Overlay]</value>
	</variable>
	<variable name="PVROverlay">
		<value condition="ListItem.IsRecording">overlayisrecording.png</value>
		<value condition="ListItem.HasTimer + !ListItem.IsRecording">overlayhastimer.png</value>
	</variable>
	<variable name="ExtrasOverlay">
		<value condition="Container.Content(movies)">$INFO[ListItem.DBID,special://profile/addon_data/script.videoextras/movies/,.png]</value>
		<value condition="Container.Content(tvshows)">$INFO[ListItem.DBID,special://profile/addon_data/script.videoextras/tvshows/,.png]</value>
		<value condition="Container.Content(musicvideos)">$INFO[ListItem.DBID,special://profile/addon_data/script.videoextras/musicvideos/,.png]</value>
	</variable>
	<variable name="VideoDuration">
		<value condition="!substring(ListItem.Duration,min)">$INFO[ListItem.Duration,, $LOCALIZE[12391]]</value>
		<value condition="substring(ListItem.Duration,min)">$INFO[ListItem.Duration]</value>
	</variable>
	<variable name="PlayStateImage">
		<value condition="Player.Paused + !Player.Seeking + !Player.DisplayAfterSeek">osd-btn-pause.png</value>
		<value condition="Player.Forwarding">osd-btn-fastfwd.png</value>
		<value condition="Player.Rewinding">osd-btn-rewind.png</value>
		<value condition="!Player.Seeking + [Player.Rewinding2x | Player.Rewinding4x | Player.Rewinding8x | Player.Rewinding16x | Player.Rewinding32x]">osd-btn-rewind.png</value>
		<value condition="!Player.Seeking + [Player.Forwarding2x | Player.Forwarding4x | Player.Forwarding8x | Player.Forwarding16x | Player.Forwarding32x]">osd-btn-fastfwd.png</value>
	</variable>
	<variable name="PlayStateTxt">
		<value condition="[Player.Paused + Player.Caching] + !Player.Seeking + !Player.DisplayAfterSeek">$LOCALIZE[15107] $INFO[Player.CacheLevel]%</value>
		<value condition="Player.Seeking">$INFO[Player.SeekOffset]</value>
		<value condition="!Player.Seeking + [Player.Rewinding2x | Player.Forwarding2x]">x2</value>
		<value condition="!Player.Seeking + [Player.Rewinding4x | Player.Forwarding4x]">x4</value>
		<value condition="!Player.Seeking + [Player.Rewinding8x | Player.Forwarding8x]">x8</value>
		<value condition="!Player.Seeking + [Player.Rewinding16x | Player.Forwarding16x]">x16</value>
		<value condition="!Player.Seeking + [Player.Rewinding32x | Player.Forwarding32x]">x32</value>
		<value condition="!Player.Seeking + Player.DisplayAfterSeek + !substring(Player.SeekOffset,-)">$INFO[Player.SeekOffset]</value>
		<value condition="!Player.Seeking + Player.DisplayAfterSeek + substring(Player.SeekOffset,-)">$INFO[Player.SeekOffset]</value>
	</variable>
	<variable name="MovieLibEntry">
		<value condition="!Library.HasContent(Movies)">ActivateWindow(Videos,Files,return)</value>
		<value condition="StringCompare(Skin.String(libraryentry-movie),$LOCALIZE[369])">ActivateWindow(Videos,MovieTitles,return)</value>
		<value condition="StringCompare(Skin.String(libraryentry-movie),$LOCALIZE[20108])">ActivateWindow(Videos,Movies,return)</value>
		<value condition="StringCompare(Skin.String(libraryentry-movie),$LOCALIZE[20386])">ActivateWindow(Videos,RecentlyAddedMovies,return)</value>
		<value condition="StringCompare(Skin.String(libraryentry-movie),$LOCALIZE[135])">ActivateWindow(Videos,MovieGenres,return)</value>
		<value condition="StringCompare(Skin.String(libraryentry-movie),$LOCALIZE[652])">ActivateWindow(Videos,MovieYears,return)</value>
		<value condition="StringCompare(Skin.String(libraryentry-movie),$LOCALIZE[344])">ActivateWindow(Videos,MovieActors,return)</value>
		<value condition="StringCompare(Skin.String(libraryentry-movie),$LOCALIZE[20348])">ActivateWindow(Videos,MovieDirectors,return)</value>
		<value condition="StringCompare(Skin.String(libraryentry-movie),$LOCALIZE[20388])">ActivateWindow(Videos,MovieStudios,return)</value>
		<value condition="StringCompare(Skin.String(libraryentry-movie),$LOCALIZE[20434])">ActivateWindow(Videos,MovieSets,return)</value>
		<value condition="StringCompare(Skin.String(libraryentry-movie),$LOCALIZE[20451])">ActivateWindow(Videos,MovieCountries,return)</value>
		<value condition="StringCompare(Skin.String(libraryentry-movie),$LOCALIZE[20459])">ActivateWindow(Videos,MovieTags,return)</value>
		<value condition="StringCompare(Skin.String(libraryentry-movie),$LOCALIZE[744])">ActivateWindow(Videos,Files,return)</value>
		<value>ActivateWindow(Videos,MovieTitles,return)</value>
	</variable>
	<variable name="TVLibEntry">
		<value condition="!Library.HasContent(TVShows)">ActivateWindow(Videos,Files,return)</value>
		<value condition="StringCompare(Skin.String(libraryentry-tvshow),$LOCALIZE[369])">ActivateWindow(Videos,TvShowTitles,return)</value>
		<value condition="StringCompare(Skin.String(libraryentry-tvshow),$LOCALIZE[20108])">ActivateWindow(Videos,TvShows,return)</value>
		<value condition="StringCompare(Skin.String(libraryentry-tvshow),$LOCALIZE[20387])">ActivateWindow(Videos,RecentlyAddedEpisodes,return)</value>
		<value condition="StringCompare(Skin.String(libraryentry-tvshow),$LOCALIZE[135])">ActivateWindow(Videos,TvShowGenres,return)</value>
		<value condition="StringCompare(Skin.String(libraryentry-tvshow),$LOCALIZE[652])">ActivateWindow(Videos,TvShowYears,return)</value>
		<value condition="StringCompare(Skin.String(libraryentry-tvshow),$LOCALIZE[344])">ActivateWindow(Videos,TvShowActors,return)</value>
		<value condition="StringCompare(Skin.String(libraryentry-tvshow),$LOCALIZE[20388])">ActivateWindow(Videos,TvShowStudios,return)</value>
		<value condition="StringCompare(Skin.String(libraryentry-tvshow),$LOCALIZE[744])">ActivateWindow(Videos,Files,return)</value>
		<value>ActivateWindow(Videos,TvShowTitles,return)</value>
	</variable>
	<variable name="TVEntry">
		<value condition="StringCompare(Skin.String(libraryentry-tv),$LOCALIZE[31703])">PlayPvrTV</value>
		<value condition="StringCompare(Skin.String(libraryentry-tv),$LOCALIZE[19023])">ActivateWindow(tvchannels,return)</value>
		<value condition="StringCompare(Skin.String(libraryentry-tv),$LOCALIZE[19024])">ActivateWindow(tvguide,return)</value>
		<value condition="StringCompare(Skin.String(libraryentry-tv),$LOCALIZE[19069])">ActivateWindow(tvrecordings,return)</value>
		<value condition="StringCompare(Skin.String(libraryentry-tv),$LOCALIZE[19163])">ActivateWindow(tvtimers,return)</value>
		<value condition="StringCompare(Skin.String(libraryentry-tv),$LOCALIZE[19040])">ActivateWindow(tvsearch,return)</value>
		<value>ActivateWindow(tvguide,return)</value>
	</variable>
	<variable name="RadioEntry">
		<value condition="StringCompare(Skin.String(libraryentry-tv),$LOCALIZE[31703])">PlayPvrRadio</value>
		<value condition="StringCompare(Skin.String(libraryentry-radio),$LOCALIZE[19024])">ActivateWindow(radiochannels,return)</value>
		<value condition="StringCompare(Skin.String(libraryentry-radio),$LOCALIZE[22020])">ActivateWindow(radioguide,return)</value>
		<value condition="StringCompare(Skin.String(libraryentry-radio),$LOCALIZE[19163])">ActivateWindow(radiorecordings,return)</value>
		<value condition="StringCompare(Skin.String(libraryentry-radio),$LOCALIZE[19040])">ActivateWindow(radiotimers,return)</value>
		<value condition="StringCompare(Skin.String(libraryentry-radio),$LOCALIZE[19040])">ActivateWindow(radiosearch,return)</value>
		<value>ActivateWindow(radioguide,return)</value>
	</variable>
	<variable name="MusicLibEntry">
		<value condition="!Library.HasContent(Music)">ActivateWindow(MusicFiles,,return)</value>
		<value condition="StringCompare(Skin.String(libraryentry-music),$LOCALIZE[20108])">ActivateWindow(MusicLibrary,root,return)</value>
		<value condition="StringCompare(Skin.String(libraryentry-music),$LOCALIZE[132])">ActivateWindow(MusicLibrary,Albums,return)</value>
		<value condition="StringCompare(Skin.String(libraryentry-music),$LOCALIZE[135])">ActivateWindow(MusicLibrary,Genres,return)</value>
		<value condition="StringCompare(Skin.String(libraryentry-music),$LOCALIZE[133])">ActivateWindow(MusicLibrary,Artists,return)</value>
		<value condition="StringCompare(Skin.String(libraryentry-music),$LOCALIZE[134])">ActivateWindow(MusicLibrary,Songs,return)</value>
		<value condition="StringCompare(Skin.String(libraryentry-music),$LOCALIZE[10504])">ActivateWindow(MusicLibrary,Top100Songs,return)</value>
		<value condition="StringCompare(Skin.String(libraryentry-music),$LOCALIZE[10505])">ActivateWindow(MusicLibrary,Top100Albums,return)</value>
		<value condition="StringCompare(Skin.String(libraryentry-music),$LOCALIZE[359])">ActivateWindow(MusicLibrary,RecentlyAddedAlbums,return)</value>
		<value condition="StringCompare(Skin.String(libraryentry-music),$LOCALIZE[517])">ActivateWindow(MusicLibrary,RecentlyPlayedAlbums,return)</value>
		<value condition="StringCompare(Skin.String(libraryentry-music),$LOCALIZE[521])">ActivateWindow(MusicLibrary,Compilations,return)</value>
		<value condition="StringCompare(Skin.String(libraryentry-music),$LOCALIZE[652])">ActivateWindow(MusicLibrary,Years,return)</value>
		<value condition="StringCompare(Skin.String(libraryentry-music),$LOCALIZE[1050])">ActivateWindow(MusicLibrary,Singles,return)</value>
		<value condition="StringCompare(Skin.String(libraryentry-music),$LOCALIZE[744])">ActivateWindow(MusicFiles,,return)</value>
		<value>ActivateWindow(MusicLibrary,Albums,return)</value>
	</variable>
	<variable name="MusicVideoLibEntry">
		<value condition="!Library.HasContent(MusicVideos)">ActivateWindow(Videos,Files,return)</value>
		<value condition="StringCompare(Skin.String(libraryentry-musicvideo),$LOCALIZE[369])">ActivateWindow(Videos,MusicVideoTitles,return)</value>
		<value condition="StringCompare(Skin.String(libraryentry-musicvideo),$LOCALIZE[20108])">ActivateWindow(Videos,MusicVideos,return)</value>
		<value condition="StringCompare(Skin.String(libraryentry-musicvideo),$LOCALIZE[20390])">ActivateWindow(Videos,RecentlyAddedMusicVideos,return)</value>
		<value condition="StringCompare(Skin.String(libraryentry-musicvideo),$LOCALIZE[135])">ActivateWindow(Videos,MusicVideoGenres,return)</value>
		<value condition="StringCompare(Skin.String(libraryentry-musicvideo),$LOCALIZE[652])">ActivateWindow(Videos,MusicVideoYears,return)</value>
		<value condition="StringCompare(Skin.String(libraryentry-musicvideo),$LOCALIZE[133])">ActivateWindow(Videos,MusicVideoArtists,return)</value>
		<value condition="StringCompare(Skin.String(libraryentry-musicvideo),$LOCALIZE[20348])">ActivateWindow(Videos,MusicVideoDirectors,return)</value>
		<value condition="StringCompare(Skin.String(libraryentry-musicvideo),$LOCALIZE[20388])">ActivateWindow(Videos,MusicVideoStudios,return)</value>
		<value condition="StringCompare(Skin.String(libraryentry-musicvideo),$LOCALIZE[744])">ActivateWindow(Videos,Files,return)</value>
		<value>ActivateWindow(Videos,MusicVideoTitles,return)</value>
	</variable>
	<variable name="MusicAddonEntry">
		<value condition="Library.HasContent(Music)">ActivateWindow(MusicLibrary,Addons,return)</value>
		<value>ActivateWindow(MusicFiles,Addons,return)</value>
	</variable>
	<variable name="VideoHeadings">
		<value condition="Container.Content(movies)">$LOCALIZE[20342]</value>
		<value condition="Container.Content(tvshows)">$LOCALIZE[31027]</value>
		<value condition="Container.Content(actors)">$LOCALIZE[344]</value>
		<value condition="Container.Content(genres)">$LOCALIZE[135]</value>
		<value condition="Container.Content(years)">$LOCALIZE[652]</value>
		<value condition="Container.Content(studios)">$LOCALIZE[20388]</value>
		<value condition="Container.Content(directors)">$LOCALIZE[20348]</value>
		<value condition="Container.Content(musicvideos)">$LOCALIZE[20389]</value>
		<value condition="Container.Content(playlists)">$LOCALIZE[136]</value>
		<value condition="Container.Content(addons)">$LOCALIZE[31696]</value>
		<value condition="Container.Content(files)">$LOCALIZE[744]</value>
		<value condition="!IsEmpty(Container.FolderName) + !IsEmpty(ListItem.Label)">$INFO[Container.FolderName]</value>
		<value>$LOCALIZE[3]</value>
	</variable>
	<variable name="MusicHeadings">
		<value condition="Container.Content(artists)">$LOCALIZE[133]</value>
		<value condition="Container.Content(albums)">$LOCALIZE[132]</value>
		<value condition="Container.Content(genres)">$LOCALIZE[135]</value>
		<value condition="Container.Content(years)">$LOCALIZE[652]</value>
		<value condition="Container.Content(studios)">$LOCALIZE[20388]</value>
		<value condition="Container.Content(directors)">$LOCALIZE[20348]</value>
		<value condition="Container.Content(musicvideos)">$LOCALIZE[20389]</value>
		<value condition="Container.Content(playlists)">$LOCALIZE[136]</value>
		<value condition="Container.Content(addons)">$LOCALIZE[31697]</value>
		<value condition="Container.Content(files)">$LOCALIZE[744]</value>
		<value condition="!IsEmpty(Container.FolderName) + !IsEmpty(ListItem.Label)">$INFO[Container.FolderName]</value>
		<value>$LOCALIZE[31030]</value>
	</variable>
	<variable name="PVRHeading">
		<value condition="Control.IsVisible(10)">$LOCALIZE[22020]</value><!-- Timeline -->
		<value condition="Control.IsVisible(11)">$LOCALIZE[19030]</value><!-- Now -->
		<value condition="Control.IsVisible(12)">$LOCALIZE[19031]</value><!-- Next -->
		<value condition="Control.IsVisible(13) + !IsEmpty(Window.Property(IsRadio))">$LOCALIZE[19024]</value><!-- TV Channels -->
		<value condition="Control.IsVisible(13) + IsEmpty(Window.Property(IsRadio))">$LOCALIZE[19023]</value><!-- Radio Channels -->
		<value condition="Window.IsVisible(MyPVRSearch.xml)">$LOCALIZE[137]</value><!-- Search -->
		<value condition="Window.IsVisible(MyPVRTimers.xml)">$LOCALIZE[19040]</value><!-- Timer -->
		<value condition="Window.IsVisible(MyPVRRecordings.xml)">$LOCALIZE[20007]</value><!-- Recordings -->
		<value>$INFO[Container.FolderName]</value>
	</variable>
	<variable name="IconBanner">
		<value condition="!IsEmpty(ListItem.Art(banner))">$INFO[ListItem.Art(banner)]</value>
		<value condition="!IsEmpty(ListItem.Art(clearlogo))">$INFO[ListItem.Art(clearlogo)]</value>
		<value condition="!IsEmpty(ListItem.Art(clearart))">$INFO[ListItem.Art(clearart)]</value>
		<value condition="!IsEmpty(ListItem.Icon)">$INFO[ListItem.Icon]</value>
	</variable>
	<variable name="IconPoster">
		<value condition="!IsEmpty(ListItem.Art(poster))">$INFO[ListItem.Art(poster)]</value>
		<value>$INFO[ListItem.Icon]</value>
	</variable>
	<variable name="Icon(-5)Poster">
		<value condition="!IsEmpty(ListItem(-5).Art(poster))">$INFO[ListItem(-5).Art(poster)]</value>
		<value>$INFO[ListItem(-5).Icon]</value>
	</variable>
	<variable name="Icon(-4)Poster">
		<value condition="!IsEmpty(ListItem(-4).Art(poster))">$INFO[ListItem(-4).Art(poster)]</value>
		<value>$INFO[ListItem(-4).Icon]</value>
	</variable>
	<variable name="Icon(-3)Poster">
		<value condition="!IsEmpty(ListItem(-3).Art(poster))">$INFO[ListItem(-3).Art(poster)]</value>
		<value>$INFO[ListItem(-3).Icon]</value>
	</variable>
	<variable name="Icon(-2)Poster">
		<value condition="!IsEmpty(ListItem(-2).Art(poster))">$INFO[ListItem(-2).Art(poster)]</value>
		<value>$INFO[ListItem(-2).Icon]</value>
	</variable>
	<variable name="Icon(-1)Poster">
		<value condition="!IsEmpty(ListItem(-1).Art(poster))">$INFO[ListItem(-1).Art(poster)]</value>
		<value>$INFO[ListItem(-1).Icon]</value>
	</variable>
	<variable name="Icon(0)Poster">
		<value condition="!IsEmpty(ListItem(0).Art(poster))">$INFO[ListItem(0).Art(poster)]</value>
		<value>$INFO[ListItem(0).Icon]</value>
	</variable>
	<variable name="Icon(1)Poster">
		<value condition="!IsEmpty(ListItem(1).Art(poster))">$INFO[ListItem(1).Art(poster)]</value>
		<value>$INFO[ListItem(1).Icon]</value>
	</variable>
	<variable name="Icon(2)Poster">
		<value condition="!IsEmpty(ListItem(2).Art(poster))">$INFO[ListItem(2).Art(poster)]</value>
		<value>$INFO[ListItem(2).Icon]</value>
	</variable>
	<variable name="Icon(3)Poster">
		<value condition="!IsEmpty(ListItem(3).Art(poster))">$INFO[ListItem(3).Art(poster)]</value>
		<value>$INFO[ListItem(3).Icon]</value>
	</variable>
	<variable name="Icon(4)Poster">
		<value condition="!IsEmpty(ListItem(4).Art(poster))">$INFO[ListItem(4).Art(poster)]</value>
		<value>$INFO[ListItem(4).Icon]</value>
	</variable>
	<variable name="Icon(5)Poster">
		<value condition="!IsEmpty(ListItem(5).Art(poster))">$INFO[ListItem(5).Art(poster)]</value>
		<value>$INFO[ListItem(5).Icon]</value>
	</variable>
	<variable name="Icon(8)Poster">
		<value condition="Container.Position(0) + !IsEmpty(Container.ListItemNoWrap(8).Art(poster))">$INFO[Container.ListItemNoWrap(8).Art(poster)]</value>
		<value condition="Container.Position(1) + !IsEmpty(Container.ListItemNoWrap(7).Art(poster))">$INFO[Container.ListItemNoWrap(7).Art(poster)]</value>
		<value condition="Container.Position(2) + !IsEmpty(Container.ListItemNoWrap(6).Art(poster))">$INFO[Container.ListItemNoWrap(6).Art(poster)]</value>
		<value condition="Container.Position(3) + !IsEmpty(Container.ListItemNoWrap(5).Art(poster))">$INFO[Container.ListItemNoWrap(5).Art(poster)]</value>
		<value condition="Container.Position(4) + !IsEmpty(Container.ListItemNoWrap(4).Art(poster))">$INFO[Container.ListItemNoWrap(4).Art(poster)]</value>
		<value condition="Container.Position(5) + !IsEmpty(Container.ListItemNoWrap(3).Art(poster))">$INFO[Container.ListItemNoWrap(3).Art(poster)]</value>
		<value condition="Container.Position(6) + !IsEmpty(Container.ListItemNoWrap(2).Art(poster))">$INFO[Container.ListItemNoWrap(2).Art(poster)]</value>
		<value condition="Container.Position(7) + !IsEmpty(Container.ListItemNoWrap(1).Art(poster))">$INFO[Container.ListItemNoWrap(1).Art(poster)]</value>
		<value>DefaultVideo.png</value>
	</variable>
	<variable name="Icon(9)Poster">
		<value condition="Container.Position(0) + !IsEmpty(Container.ListItemNoWrap(9).Art(poster))">$INFO[Container.ListItemNoWrap(9).Art(poster)]</value>
		<value condition="Container.Position(1) + !IsEmpty(Container.ListItemNoWrap(8).Art(poster))">$INFO[Container.ListItemNoWrap(8).Art(poster)]</value>
		<value condition="Container.Position(2) + !IsEmpty(Container.ListItemNoWrap(7).Art(poster))">$INFO[Container.ListItemNoWrap(7).Art(poster)]</value>
		<value condition="Container.Position(3) + !IsEmpty(Container.ListItemNoWrap(6).Art(poster))">$INFO[Container.ListItemNoWrap(6).Art(poster)]</value>
		<value condition="Container.Position(4) + !IsEmpty(Container.ListItemNoWrap(5).Art(poster))">$INFO[Container.ListItemNoWrap(5).Art(poster)]</value>
		<value condition="Container.Position(5) + !IsEmpty(Container.ListItemNoWrap(4).Art(poster))">$INFO[Container.ListItemNoWrap(4).Art(poster)]</value>
		<value condition="Container.Position(6) + !IsEmpty(Container.ListItemNoWrap(3).Art(poster))">$INFO[Container.ListItemNoWrap(3).Art(poster)]</value>
		<value condition="Container.Position(7) + !IsEmpty(Container.ListItemNoWrap(2).Art(poster))">$INFO[Container.ListItemNoWrap(2).Art(poster)]</value>
		<value>DefaultVideo.png</value>
	</variable>
	<variable name="Icon(10)Poster">
		<value condition="Container.Position(0) + !IsEmpty(Container.ListItemNoWrap(10).Art(poster))">$INFO[Container.ListItemNoWrap(10).Art(poster)]</value>
		<value condition="Container.Position(1) + !IsEmpty(Container.ListItemNoWrap(9).Art(poster))">$INFO[Container.ListItemNoWrap(9).Art(poster)]</value>
		<value condition="Container.Position(2) + !IsEmpty(Container.ListItemNoWrap(8).Art(poster))">$INFO[Container.ListItemNoWrap(8).Art(poster)]</value>
		<value condition="Container.Position(3) + !IsEmpty(Container.ListItemNoWrap(7).Art(poster))">$INFO[Container.ListItemNoWrap(7).Art(poster)]</value>
		<value condition="Container.Position(4) + !IsEmpty(Container.ListItemNoWrap(6).Art(poster))">$INFO[Container.ListItemNoWrap(6).Art(poster)]</value>
		<value condition="Container.Position(5) + !IsEmpty(Container.ListItemNoWrap(5).Art(poster))">$INFO[Container.ListItemNoWrap(5).Art(poster)]</value>
		<value condition="Container.Position(6) + !IsEmpty(Container.ListItemNoWrap(4).Art(poster))">$INFO[Container.ListItemNoWrap(4).Art(poster)]</value>
		<value condition="Container.Position(7) + !IsEmpty(Container.ListItemNoWrap(3).Art(poster))">$INFO[Container.ListItemNoWrap(3).Art(poster)]</value>
		<value>DefaultVideo.png</value>
	</variable>
	<variable name="Icon(11)Poster">
		<value condition="Container.Position(0) + !IsEmpty(Container.ListItemNoWrap(11).Art(poster))">$INFO[Container.ListItemNoWrap(11).Art(poster)]</value>
		<value condition="Container.Position(1) + !IsEmpty(Container.ListItemNoWrap(10).Art(poster))">$INFO[Container.ListItemNoWrap(10).Art(poster)]</value>
		<value condition="Container.Position(2) + !IsEmpty(Container.ListItemNoWrap(9).Art(poster))">$INFO[Container.ListItemNoWrap(9).Art(poster)]</value>
		<value condition="Container.Position(3) + !IsEmpty(Container.ListItemNoWrap(8).Art(poster))">$INFO[Container.ListItemNoWrap(8).Art(poster)]</value>
		<value condition="Container.Position(4) + !IsEmpty(Container.ListItemNoWrap(7).Art(poster))">$INFO[Container.ListItemNoWrap(7).Art(poster)]</value>
		<value condition="Container.Position(5) + !IsEmpty(Container.ListItemNoWrap(6).Art(poster))">$INFO[Container.ListItemNoWrap(6).Art(poster)]</value>
		<value condition="Container.Position(6) + !IsEmpty(Container.ListItemNoWrap(5).Art(poster))">$INFO[Container.ListItemNoWrap(5).Art(poster)]</value>
		<value condition="Container.Position(7) + !IsEmpty(Container.ListItemNoWrap(4).Art(poster))">$INFO[Container.ListItemNoWrap(4).Art(poster)]</value>
		<value>DefaultVideo.png</value>
	</variable>
	<variable name="Icon(10)Thumb">
		<value condition="Container.Position(0) + !IsEmpty(Container.ListItemNoWrap(10).Icon)">$INFO[Container.ListItemNoWrap(10).Icon]</value>
		<value condition="Container.Position(1) + !IsEmpty(Container.ListItemNoWrap(9).Icon)">$INFO[Container.ListItemNoWrap(9).Icon]</value>
		<value condition="Container.Position(2) + !IsEmpty(Container.ListItemNoWrap(8).Icon)">$INFO[Container.ListItemNoWrap(8).Icon]</value>
		<value condition="Container.Position(3) + !IsEmpty(Container.ListItemNoWrap(7).Icon)">$INFO[Container.ListItemNoWrap(7).Icon]</value>
		<value condition="Container.Position(4) + !IsEmpty(Container.ListItemNoWrap(6).Icon)">$INFO[Container.ListItemNoWrap(6).Icon]</value>
		<value condition="Container.Position(5) + !IsEmpty(Container.ListItemNoWrap(5).Icon)">$INFO[Container.ListItemNoWrap(5).Icon]</value>
		<value condition="Container.Position(6) + !IsEmpty(Container.ListItemNoWrap(4).Icon)">$INFO[Container.ListItemNoWrap(4).Icon]</value>
		<value condition="Container.Position(7) + !IsEmpty(Container.ListItemNoWrap(3).Icon)">$INFO[Container.ListItemNoWrap(3).Icon]</value>
		<value condition="Container.Position(8) + !IsEmpty(Container.ListItemNoWrap(2).Icon)">$INFO[Container.ListItemNoWrap(2).Icon]</value>
		<value condition="Container.Position(9) + !IsEmpty(Container.ListItemNoWrap(1).Icon)">$INFO[Container.ListItemNoWrap(1).Icon]</value>
	</variable>
	<variable name="Icon(11)Thumb">
		<value condition="Container.Position(0) + !IsEmpty(Container.ListItemNoWrap(11).Icon)">$INFO[Container.ListItemNoWrap(11).Icon]</value>
		<value condition="Container.Position(1) + !IsEmpty(Container.ListItemNoWrap(10).Icon)">$INFO[Container.ListItemNoWrap(10).Icon]</value>
		<value condition="Container.Position(2) + !IsEmpty(Container.ListItemNoWrap(9).Icon)">$INFO[Container.ListItemNoWrap(9).Icon]</value>
		<value condition="Container.Position(3) + !IsEmpty(Container.ListItemNoWrap(8).Icon)">$INFO[Container.ListItemNoWrap(8).Icon]</value>
		<value condition="Container.Position(4) + !IsEmpty(Container.ListItemNoWrap(7).Icon)">$INFO[Container.ListItemNoWrap(7).Icon]</value>
		<value condition="Container.Position(5) + !IsEmpty(Container.ListItemNoWrap(6).Icon)">$INFO[Container.ListItemNoWrap(6).Icon]</value>
		<value condition="Container.Position(6) + !IsEmpty(Container.ListItemNoWrap(5).Icon)">$INFO[Container.ListItemNoWrap(5).Icon]</value>
		<value condition="Container.Position(7) + !IsEmpty(Container.ListItemNoWrap(4).Icon)">$INFO[Container.ListItemNoWrap(4).Icon]</value>
		<value condition="Container.Position(8) + !IsEmpty(Container.ListItemNoWrap(3).Icon)">$INFO[Container.ListItemNoWrap(3).Icon]</value>
		<value condition="Container.Position(9) + !IsEmpty(Container.ListItemNoWrap(2).Icon)">$INFO[Container.ListItemNoWrap(2).Icon]</value>
	</variable>
	<variable name="Icon(12)Thumb">
		<value condition="Container.Position(0) + !IsEmpty(Container.ListItemNoWrap(12).Icon)">$INFO[Container.ListItemNoWrap(12).Icon]</value>
		<value condition="Container.Position(1) + !IsEmpty(Container.ListItemNoWrap(11).Icon)">$INFO[Container.ListItemNoWrap(11).Icon]</value>
		<value condition="Container.Position(2) + !IsEmpty(Container.ListItemNoWrap(10).Icon)">$INFO[Container.ListItemNoWrap(10).Icon]</value>
		<value condition="Container.Position(3) + !IsEmpty(Container.ListItemNoWrap(9).Icon)">$INFO[Container.ListItemNoWrap(9).Icon]</value>
		<value condition="Container.Position(4) + !IsEmpty(Container.ListItemNoWrap(8).Icon)">$INFO[Container.ListItemNoWrap(8).Icon]</value>
		<value condition="Container.Position(5) + !IsEmpty(Container.ListItemNoWrap(7).Icon)">$INFO[Container.ListItemNoWrap(7).Icon]</value>
		<value condition="Container.Position(6) + !IsEmpty(Container.ListItemNoWrap(6).Icon)">$INFO[Container.ListItemNoWrap(6).Icon]</value>
		<value condition="Container.Position(7) + !IsEmpty(Container.ListItemNoWrap(5).Icon)">$INFO[Container.ListItemNoWrap(5).Icon]</value>
		<value condition="Container.Position(8) + !IsEmpty(Container.ListItemNoWrap(4).Icon)">$INFO[Container.ListItemNoWrap(4).Icon]</value>
		<value condition="Container.Position(9) + !IsEmpty(Container.ListItemNoWrap(3).Icon)">$INFO[Container.ListItemNoWrap(3).Icon]</value>
	</variable>
	<variable name="Icon(13)Thumb">
		<value condition="Container.Position(0) + !IsEmpty(Container.ListItemNoWrap(13).Icon)">$INFO[Container.ListItemNoWrap(13).Icon]</value>
		<value condition="Container.Position(1) + !IsEmpty(Container.ListItemNoWrap(12).Icon)">$INFO[Container.ListItemNoWrap(12).Icon]</value>
		<value condition="Container.Position(2) + !IsEmpty(Container.ListItemNoWrap(11).Icon)">$INFO[Container.ListItemNoWrap(11).Icon]</value>
		<value condition="Container.Position(3) + !IsEmpty(Container.ListItemNoWrap(10).Icon)">$INFO[Container.ListItemNoWrap(10).Icon]</value>
		<value condition="Container.Position(4) + !IsEmpty(Container.ListItemNoWrap(9).Icon)">$INFO[Container.ListItemNoWrap(9).Icon]</value>
		<value condition="Container.Position(5) + !IsEmpty(Container.ListItemNoWrap(8).Icon)">$INFO[Container.ListItemNoWrap(8).Icon]</value>
		<value condition="Container.Position(6) + !IsEmpty(Container.ListItemNoWrap(7).Icon)">$INFO[Container.ListItemNoWrap(7).Icon]</value>
		<value condition="Container.Position(7) + !IsEmpty(Container.ListItemNoWrap(6).Icon)">$INFO[Container.ListItemNoWrap(6).Icon]</value>
		<value condition="Container.Position(8) + !IsEmpty(Container.ListItemNoWrap(5).Icon)">$INFO[Container.ListItemNoWrap(5).Icon]</value>
		<value condition="Container.Position(9) + !IsEmpty(Container.ListItemNoWrap(4).Icon)">$INFO[Container.ListItemNoWrap(4).Icon]</value>
	</variable>
	<variable name="Icon(14)Thumb">
		<value condition="Container.Position(0) + !IsEmpty(Container.ListItemNoWrap(14).Icon)">$INFO[Container.ListItemNoWrap(14).Icon]</value>
		<value condition="Container.Position(1) + !IsEmpty(Container.ListItemNoWrap(13).Icon)">$INFO[Container.ListItemNoWrap(13).Icon]</value>
		<value condition="Container.Position(2) + !IsEmpty(Container.ListItemNoWrap(12).Icon)">$INFO[Container.ListItemNoWrap(12).Icon]</value>
		<value condition="Container.Position(3) + !IsEmpty(Container.ListItemNoWrap(11).Icon)">$INFO[Container.ListItemNoWrap(11).Icon]</value>
		<value condition="Container.Position(4) + !IsEmpty(Container.ListItemNoWrap(10).Icon)">$INFO[Container.ListItemNoWrap(10).Icon]</value>
		<value condition="Container.Position(5) + !IsEmpty(Container.ListItemNoWrap(9).Icon)">$INFO[Container.ListItemNoWrap(9).Icon]</value>
		<value condition="Container.Position(6) + !IsEmpty(Container.ListItemNoWrap(8).Icon)">$INFO[Container.ListItemNoWrap(8).Icon]</value>
		<value condition="Container.Position(7) + !IsEmpty(Container.ListItemNoWrap(7).Icon)">$INFO[Container.ListItemNoWrap(7).Icon]</value>
		<value condition="Container.Position(8) + !IsEmpty(Container.ListItemNoWrap(6).Icon)">$INFO[Container.ListItemNoWrap(6).Icon]</value>
		<value condition="Container.Position(9) + !IsEmpty(Container.ListItemNoWrap(5).Icon)">$INFO[Container.ListItemNoWrap(5).Icon]</value>
	</variable>
	<variable name="VideoLogo">
		<value condition="!IsEmpty(ListItem.Art(clearlogo)) + [Container.Content(tvshows) | Container.Content(movies)]">$INFO[ListItem.Art(clearlogo)]</value>
		<value condition="!IsEmpty(ListItem.Art(tvshow.clearlogo)) + Container.Content(tvshows)">$INFO[ListItem.Art(tvshow.clearlogo)]</value>
		<value condition="IsEmpty(ListItem.Art(clearlogo)) + [Container.Content(tvshows) | Container.Content(movies)]">$INFO[ListItem.path,,logo.png]</value>
		<value>blank.png</value>
	</variable>
	<variable name="ListViewVideoLogo">
		<value condition="!IsEmpty(ListItem.Art(clearlogo)) + [Container.Content(tvshows) | Container.Content(seasons) | Container.Content(episodes) | Container.Content(movies)]">$INFO[ListItem.Art(clearlogo)]</value>
		<value condition="!IsEmpty(ListItem.Art(tvshow.clearlogo)) + [Container.Content(tvshows) | Container.Content(seasons) | Container.Content(episodes)]">$INFO[ListItem.Art(tvshow.clearlogo)]</value>
		<value condition="IsEmpty(ListItem.Art(clearlogo)) + [Container.Content(tvshows) | Container.Content(seasons) | Container.Content(movies)]">$INFO[ListItem.path,,logo.png]</value>
		<value condition="IsEmpty(ListItem.Art(tvshow.clearlogo)) + [Container.Content(tvshows) | Container.Content(seasons)]">$INFO[ListItem.path,,logo.png]</value>
		<value condition="IsEmpty(ListItem.Art(clearlogo)) + Container.Content(episodes)">$INFO[ListItem.Path,,../logo.png]</value>
		<value>blank.png</value>
	</variable>
	<variable name="PlayerVideoClearart">
		<value condition="[VideoPlayer.Content(movies) | VideoPlayer.Content(episodes)] + !IsEmpty(Player.Art(clearart))">$INFO[Player.Art(clearart)]</value>
		<value condition="VideoPlayer.Content(episodes) + !IsEmpty(Player.Art(tvshow.clearart))">$INFO[Player.Art(tvshow.clearart)]</value>
		<value>blank.png</value>
	</variable>
	<variable name="PlayerVideoLogo">
		<value condition="!IsEmpty(Player.Art(clearlogo)) + [VideoPlayer.Content(movies) | VideoPlayer.Content(episodes)]">$INFO[Player.Art(clearlogo)]</value>
		<value condition="!IsEmpty(Player.Art(tvshow.clearlogo)) + VideoPlayer.Content(episodes)">$INFO[Player.Art(tvshow.clearlogo)]</value>
		<value>blank.png</value>
	</variable>
	<variable name="PlayerVideoCover">
		<value condition="!IsEmpty(Player.Art(poster)) + VideoPlayer.Content(movies)">$INFO[Player.Art(poster)]</value>
		<value condition="!IsEmpty(VideoPlayer.cover) + VideoPlayer.Content(movies)">$INFO[VideoPlayer.cover]</value>
		<value condition="!IsEmpty(Player.Art(tvshow.poster)) + VideoPlayer.Content(episodes)">$INFO[Player.Art(tvshow.poster)]</value>
		<value condition="!IsEmpty(Player.Art(tvshow.banner)) + VideoPlayer.Content(episodes)">$INFO[Player.Art(tvshow.banner)]</value>
		<value condition="!IsEmpty(Player.Art(thumb))">$INFO[Player.Art(thumb)]</value>
		<value>blank.png</value>
	</variable>
	<variable name="HorzHomeShelfIcon">
		<value condition="Control.HasFocus(9100) | !IsEmpty(Window.Property(ShowVideo))">DefaultVideo.png</value><!--Video shelf Icon -->
		<value condition="Control.HasFocus(9300) | !IsEmpty(Window.Property(ShowPicture))">DefaultPicture.png</value><!--Picture shelf Icon -->
		<value condition="Control.HasFocus(9350) | !IsEmpty(Window.Property(ShowAddon))">DefaultAddon.png</value><!--Addon shelf Icon -->
		<value condition="Control.HasFocus(9500) | !IsEmpty(Window.Property(ShowBroadcast))">icon-broadcast.png</value><!--Broadcast shelf Icon -->
		<value condition="Control.HasFocus(9450) | !IsEmpty(Window.Property(ShowSetting))">icon-settings.png</value><!--Setting shelf Icon -->
	</variable>
	<variable name="MovieShelfIcon0">
		<value condition="Container(9160).Position(0)">$INFO[Container(9160).ListItemNoWrap(-1).Thumb]</value>
		<value condition="Container(9160).Position(1)">$INFO[Container(9160).ListItemNoWrap(-2).Thumb]</value>
		<value condition="Container(9160).Position(2)">$INFO[Container(9160).ListItemNoWrap(-3).Thumb]</value>
		<value condition="Container(9160).Position(3)">$INFO[Container(9160).ListItemNoWrap(-4).Thumb]</value>
		<value condition="Container(9160).Position(4)">$INFO[Container(9160).ListItemNoWrap(-5).Thumb]</value>
		<value condition="Container(9160).Position(5)">$INFO[Container(9160).ListItemNoWrap(-6).Thumb]</value>
	</variable>
	<variable name="MovieShelfIcon7">
		<value condition="Container(9160).Position(0)">$INFO[Container(9160).ListItemNoWrap(6).Thumb]</value>
		<value condition="Container(9160).Position(1)">$INFO[Container(9160).ListItemNoWrap(5).Thumb]</value>
		<value condition="Container(9160).Position(2)">$INFO[Container(9160).ListItemNoWrap(4).Thumb]</value>
		<value condition="Container(9160).Position(3)">$INFO[Container(9160).ListItemNoWrap(3).Thumb]</value>
		<value condition="Container(9160).Position(4)">$INFO[Container(9160).ListItemNoWrap(2).Thumb]</value>
		<value condition="Container(9160).Position(5)">$INFO[Container(9160).ListItemNoWrap(1).Thumb]</value>
	</variable>
	<variable name="TVShowShelfIcon0">
		<value condition="Container(9210).Position(0) + StringCompare(Skin.String(shelf-tvshowimgtyp),$LOCALIZE[31950])">$INFO[Container(9210).ListItemNoWrap(-1).Art(tvshow.poster)]</value>
		<value condition="Container(9210).Position(0) + StringCompare(Skin.String(shelf-tvshowimgtyp),$LOCALIZE[31949])">$INFO[Container(9210).ListItemNoWrap(-1).Art(tvshow.banner)]</value>
		<value condition="Container(9210).Position(0)">$INFO[Container(9210).ListItemNoWrap(-1).Thumb]</value>
		<value condition="Container(9210).Position(1) + StringCompare(Skin.String(shelf-tvshowimgtyp),$LOCALIZE[31950])">$INFO[Container(9210).ListItemNoWrap(-2).Art(tvshow.poster)]</value>
		<value condition="Container(9210).Position(1) + StringCompare(Skin.String(shelf-tvshowimgtyp),$LOCALIZE[31949])">$INFO[Container(9210).ListItemNoWrap(-2).Art(tvshow.banner)]</value>
		<value condition="Container(9210).Position(1)">$INFO[Container(9210).ListItemNoWrap(-2).Thumb]</value>
		<value condition="Container(9210).Position(2) + StringCompare(Skin.String(shelf-tvshowimgtyp),$LOCALIZE[31950])">$INFO[Container(9210).ListItemNoWrap(-3).Art(tvshow.poster)]</value>
		<value condition="Container(9210).Position(2) + StringCompare(Skin.String(shelf-tvshowimgtyp),$LOCALIZE[31949])">$INFO[Container(9210).ListItemNoWrap(-3).Art(tvshow.banner)]</value>
		<value condition="Container(9210).Position(2)">$INFO[Container(9210).ListItemNoWrap(-3).Thumb]</value>
		<value condition="Container(9210).Position(3) + StringCompare(Skin.String(shelf-tvshowimgtyp),$LOCALIZE[31950])">$INFO[Container(9210).ListItemNoWrap(-4).Art(tvshow.poster)]</value>
		<value condition="Container(9210).Position(3) + StringCompare(Skin.String(shelf-tvshowimgtyp),$LOCALIZE[31949])">$INFO[Container(9210).ListItemNoWrap(-4).Art(tvshow.banner)]</value>
		<value condition="Container(9210).Position(3)">$INFO[Container(9210).ListItemNoWrap(-4).Thumb]</value>
		<value condition="Container(9210).Position(4) + StringCompare(Skin.String(shelf-tvshowimgtyp),$LOCALIZE[31950])">$INFO[Container(9210).ListItemNoWrap(-5).Art(tvshow.poster)]</value>
		<value condition="Container(9210).Position(4) + StringCompare(Skin.String(shelf-tvshowimgtyp),$LOCALIZE[31949])">$INFO[Container(9210).ListItemNoWrap(-5).Art(tvshow.banner)]</value>
		<value condition="Container(9210).Position(4)">$INFO[Container(9210).ListItemNoWrap(-5).Thumb]</value>
	</variable>
	<variable name="TVShowShelfIcon7">
		<value condition="Container(9210).Position(0) + StringCompare(Skin.String(shelf-tvshowimgtyp),$LOCALIZE[31950])">$INFO[Container(9210).ListItemNoWrap(5).Art(tvshow.poster)]</value>
		<value condition="Container(9210).Position(0) + StringCompare(Skin.String(shelf-tvshowimgtyp),$LOCALIZE[31949])">$INFO[Container(9210).ListItemNoWrap(5).Art(tvshow.banner)]</value>
		<value condition="Container(9210).Position(0)">$INFO[Container(9210).ListItemNoWrap(5).Thumb]</value>
		<value condition="Container(9210).Position(1) + StringCompare(Skin.String(shelf-tvshowimgtyp),$LOCALIZE[31950])">$INFO[Container(9210).ListItemNoWrap(4).Art(tvshow.poster)]</value>
		<value condition="Container(9210).Position(1) + StringCompare(Skin.String(shelf-tvshowimgtyp),$LOCALIZE[31949])">$INFO[Container(9210).ListItemNoWrap(4).Art(tvshow.banner)]</value>
		<value condition="Container(9210).Position(1)">$INFO[Container(9210).ListItemNoWrap(4).Thumb]</value>
		<value condition="Container(9210).Position(2) + StringCompare(Skin.String(shelf-tvshowimgtyp),$LOCALIZE[31950])">$INFO[Container(9210).ListItemNoWrap(3).Art(tvshow.poster)]</value>
		<value condition="Container(9210).Position(2) + StringCompare(Skin.String(shelf-tvshowimgtyp),$LOCALIZE[31949])">$INFO[Container(9210).ListItemNoWrap(3).Art(tvshow.banner)]</value>
		<value condition="Container(9210).Position(2)">$INFO[Container(9210).ListItemNoWrap(3).Thumb]</value>
		<value condition="Container(9210).Position(3) + StringCompare(Skin.String(shelf-tvshowimgtyp),$LOCALIZE[31950])">$INFO[Container(9210).ListItemNoWrap(2).Art(tvshow.poster)]</value>
		<value condition="Container(9210).Position(3) + StringCompare(Skin.String(shelf-tvshowimgtyp),$LOCALIZE[31949])">$INFO[Container(9210).ListItemNoWrap(2).Art(tvshow.banner)]</value>
		<value condition="Container(9210).Position(3)">$INFO[Container(9210).ListItemNoWrap(2).Thumb]</value>
		<value condition="Container(9210).Position(4) + StringCompare(Skin.String(shelf-tvshowimgtyp),$LOCALIZE[31950])">$INFO[Container(9210).ListItemNoWrap(1).Art(tvshow.poster)]</value>
		<value condition="Container(9210).Position(4) + StringCompare(Skin.String(shelf-tvshowimgtyp),$LOCALIZE[31949])">$INFO[Container(9210).ListItemNoWrap(1).Art(tvshow.banner)]</value>
		<value condition="Container(9210).Position(4)">$INFO[Container(9210).ListItemNoWrap(1).Thumb]</value>
	</variable>
	<variable name="TVShowShelfArt0">
		<value condition="Container(9210).Position(0)">$INFO[Container(9210).ListItemNoWrap(-1).Thumb]</value>
		<value condition="Container(9210).Position(1)">$INFO[Container(9210).ListItemNoWrap(-2).Thumb]</value>
		<value condition="Container(9210).Position(2)">$INFO[Container(9210).ListItemNoWrap(-3).Thumb]</value>
		<value condition="Container(9210).Position(3)">$INFO[Container(9210).ListItemNoWrap(-4).Thumb]</value>
		<value condition="Container(9210).Position(4)">$INFO[Container(9210).ListItemNoWrap(-5).Thumb]</value>
	</variable>
	<variable name="TVShowShelfArt7">
		<value condition="Container(9210).Position(0)">$INFO[Container(9210).ListItemNoWrap(5).Thumb]</value>
		<value condition="Container(9210).Position(1)">$INFO[Container(9210).ListItemNoWrap(4).Thumb]</value>
		<value condition="Container(9210).Position(2)">$INFO[Container(9210).ListItemNoWrap(3).Thumb]</value>
		<value condition="Container(9210).Position(3)">$INFO[Container(9210).ListItemNoWrap(2).Thumb]</value>
		<value condition="Container(9210).Position(4)">$INFO[Container(9210).ListItemNoWrap(1).Thumb]</value>
	</variable>
	<variable name="MusicShelfIcon0">
		<value condition="Container(9260).Position(0)">$INFO[Container(9260).ListItemNoWrap(-1).Thumb]</value>
		<value condition="Container(9260).Position(1)">$INFO[Container(9260).ListItemNoWrap(-2).Thumb]</value>
		<value condition="Container(9260).Position(2)">$INFO[Container(9260).ListItemNoWrap(-3).Thumb]</value>
		<value condition="Container(9260).Position(3)">$INFO[Container(9260).ListItemNoWrap(-4).Thumb]</value>
		<value condition="Container(9260).Position(4)">$INFO[Container(9260).ListItemNoWrap(-5).Thumb]</value>
		<value condition="Container(9260).Position(5)">$INFO[Container(9260).ListItemNoWrap(-6).Thumb]</value>
	</variable>
	<variable name="MusicShelfIcon7">
		<value condition="Container(9260).Position(0)">$INFO[Container(9260).ListItemNoWrap(6).Thumb]</value>
		<value condition="Container(9260).Position(1)">$INFO[Container(9260).ListItemNoWrap(5).Thumb]</value>
		<value condition="Container(9260).Position(2)">$INFO[Container(9260).ListItemNoWrap(4).Thumb]</value>
		<value condition="Container(9260).Position(3)">$INFO[Container(9260).ListItemNoWrap(3).Thumb]</value>
		<value condition="Container(9260).Position(4)">$INFO[Container(9260).ListItemNoWrap(2).Thumb]</value>
		<value condition="Container(9260).Position(5)">$INFO[Container(9260).ListItemNoWrap(1).Thumb]</value>
	</variable>
	<variable name="VideoList0">
		<value condition="Container(9100).Position(0)">$INFO[Container(9100).ListItemNoWrap(-1).Label]</value>
		<value condition="Container(9100).Position(1)">$INFO[Container(9100).ListItemNoWrap(-2).Label]</value>
		<value condition="Container(9100).Position(2)">$INFO[Container(9100).ListItemNoWrap(-3).Label]</value>
		<value condition="Container(9100).Position(3)">$INFO[Container(9100).ListItemNoWrap(-4).Label]</value>
		<value condition="Container(9100).Position(4)">$INFO[Container(9100).ListItemNoWrap(-5).Label]</value>
	</variable>
	<variable name="VideoList6">
		<value condition="Container(9100).Position(0)">$INFO[Container(9100).ListItemNoWrap(5).Label]</value>
		<value condition="Container(9100).Position(1)">$INFO[Container(9100).ListItemNoWrap(4).Label]</value>
		<value condition="Container(9100).Position(2)">$INFO[Container(9100).ListItemNoWrap(3).Label]</value>
		<value condition="Container(9100).Position(3)">$INFO[Container(9100).ListItemNoWrap(2).Label]</value>
		<value condition="Container(9100).Position(4)">$INFO[Container(9100).ListItemNoWrap(1).Label]</value>
	</variable>
	<variable name="MovieList0">
		<value condition="Container(9150).Position(0)">$INFO[Container(9150).ListItemNoWrap(-1).Label]</value>
		<value condition="Container(9150).Position(1)">$INFO[Container(9150).ListItemNoWrap(-2).Label]</value>
		<value condition="Container(9150).Position(2)">$INFO[Container(9150).ListItemNoWrap(-3).Label]</value>
		<value condition="Container(9150).Position(3)">$INFO[Container(9150).ListItemNoWrap(-4).Label]</value>
		<value condition="Container(9150).Position(4)">$INFO[Container(9150).ListItemNoWrap(-5).Label]</value>
	</variable>
	<variable name="MovieList6">
		<value condition="Container(9150).Position(0)">$INFO[Container(9150).ListItemNoWrap(5).Label]</value>
		<value condition="Container(9150).Position(1)">$INFO[Container(9150).ListItemNoWrap(4).Label]</value>
		<value condition="Container(9150).Position(2)">$INFO[Container(9150).ListItemNoWrap(3).Label]</value>
		<value condition="Container(9150).Position(3)">$INFO[Container(9150).ListItemNoWrap(2).Label]</value>
		<value condition="Container(9150).Position(4)">$INFO[Container(9150).ListItemNoWrap(1).Label]</value>
	</variable>
	<variable name="TVShowList0">
		<value condition="Container(9200).Position(0)">$INFO[Container(9200).ListItemNoWrap(-1).Label]</value>
		<value condition="Container(9200).Position(1)">$INFO[Container(9200).ListItemNoWrap(-2).Label]</value>
		<value condition="Container(9200).Position(2)">$INFO[Container(9200).ListItemNoWrap(-3).Label]</value>
		<value condition="Container(9200).Position(3)">$INFO[Container(9200).ListItemNoWrap(-4).Label]</value>
		<value condition="Container(9200).Position(4)">$INFO[Container(9200).ListItemNoWrap(-5).Label]</value>
	</variable>
	<variable name="TVShowList6">
		<value condition="Container(9200).Position(0)">$INFO[Container(9200).ListItemNoWrap(5).Label]</value>
		<value condition="Container(9200).Position(1)">$INFO[Container(9200).ListItemNoWrap(4).Label]</value>
		<value condition="Container(9200).Position(2)">$INFO[Container(9200).ListItemNoWrap(3).Label]</value>
		<value condition="Container(9200).Position(3)">$INFO[Container(9200).ListItemNoWrap(2).Label]</value>
		<value condition="Container(9200).Position(4)">$INFO[Container(9200).ListItemNoWrap(1).Label]</value>
	</variable>
	<variable name="MusicList0">
		<value condition="Container(9250).Position(0)">$INFO[Container(9250).ListItemNoWrap(-1).Label]</value>
		<value condition="Container(9250).Position(1)">$INFO[Container(9250).ListItemNoWrap(-2).Label]</value>
		<value condition="Container(9250).Position(2)">$INFO[Container(9250).ListItemNoWrap(-3).Label]</value>
		<value condition="Container(9250).Position(3)">$INFO[Container(9250).ListItemNoWrap(-4).Label]</value>
		<value condition="Container(9250).Position(4)">$INFO[Container(9250).ListItemNoWrap(-5).Label]</value>
	</variable>
	<variable name="MusicList6">
		<value condition="Container(9250).Position(0)">$INFO[Container(9250).ListItemNoWrap(5).Label]</value>
		<value condition="Container(9250).Position(1)">$INFO[Container(9250).ListItemNoWrap(4).Label]</value>
		<value condition="Container(9250).Position(2)">$INFO[Container(9250).ListItemNoWrap(3).Label]</value>
		<value condition="Container(9250).Position(3)">$INFO[Container(9250).ListItemNoWrap(2).Label]</value>
		<value condition="Container(9250).Position(4)">$INFO[Container(9250).ListItemNoWrap(1).Label]</value>
	</variable>
	<variable name="BroadcastList0">
		<value condition="Container(9500).Position(0)">$INFO[Container(9500).ListItemNoWrap(-1).Label]</value>
		<value condition="Container(9500).Position(1)">$INFO[Container(9500).ListItemNoWrap(-2).Label]</value>
		<value condition="Container(9500).Position(2)">$INFO[Container(9500).ListItemNoWrap(-3).Label]</value>
		<value condition="Container(9500).Position(3)">$INFO[Container(9500).ListItemNoWrap(-4).Label]</value>
		<value condition="Container(9500).Position(4)">$INFO[Container(9500).ListItemNoWrap(-5).Label]</value>
	</variable>
	<variable name="BroadcastList6">
		<value condition="Container(9500).Position(0)">$INFO[Container(9500).ListItemNoWrap(5).Label]</value>
		<value condition="Container(9500).Position(1)">$INFO[Container(9500).ListItemNoWrap(4).Label]</value>
		<value condition="Container(9500).Position(2)">$INFO[Container(9500).ListItemNoWrap(3).Label]</value>
		<value condition="Container(9500).Position(3)">$INFO[Container(9500).ListItemNoWrap(2).Label]</value>
		<value condition="Container(9500).Position(4)">$INFO[Container(9500).ListItemNoWrap(1).Label]</value>
	</variable>
	<variable name="AddonList0">
		<value condition="Container(9350).Position(0)">$INFO[Container(9350).ListItemNoWrap(-1).Label]</value>
		<value condition="Container(9350).Position(1)">$INFO[Container(9350).ListItemNoWrap(-2).Label]</value>
		<value condition="Container(9350).Position(2)">$INFO[Container(9350).ListItemNoWrap(-3).Label]</value>
		<value condition="Container(9350).Position(3)">$INFO[Container(9350).ListItemNoWrap(-4).Label]</value>
		<value condition="Container(9350).Position(4)">$INFO[Container(9350).ListItemNoWrap(-5).Label]</value>
	</variable>
	<variable name="AddonList6">
		<value condition="Container(9350).Position(0)">$INFO[Container(9350).ListItemNoWrap(5).Label]</value>
		<value condition="Container(9350).Position(1)">$INFO[Container(9350).ListItemNoWrap(4).Label]</value>
		<value condition="Container(9350).Position(2)">$INFO[Container(9350).ListItemNoWrap(3).Label]</value>
		<value condition="Container(9350).Position(3)">$INFO[Container(9350).ListItemNoWrap(2).Label]</value>
		<value condition="Container(9350).Position(4)">$INFO[Container(9350).ListItemNoWrap(1).Label]</value>
	</variable>
	<variable name="SystemList0">
		<value condition="Container(9450).Position(0)">$INFO[Container(9450).ListItemNoWrap(-1).Label]</value>
		<value condition="Container(9450).Position(1)">$INFO[Container(9450).ListItemNoWrap(-2).Label]</value>
		<value condition="Container(9450).Position(2)">$INFO[Container(9450).ListItemNoWrap(-3).Label]</value>
		<value condition="Container(9450).Position(3)">$INFO[Container(9450).ListItemNoWrap(-4).Label]</value>
		<value condition="Container(9450).Position(4)">$INFO[Container(9450).ListItemNoWrap(-5).Label]</value>
	</variable>
	<variable name="SystemList6">
		<value condition="Container(9450).Position(0)">$INFO[Container(9450).ListItemNoWrap(5).Label]</value>
		<value condition="Container(9450).Position(1)">$INFO[Container(9450).ListItemNoWrap(4).Label]</value>
		<value condition="Container(9450).Position(2)">$INFO[Container(9450).ListItemNoWrap(3).Label]</value>
		<value condition="Container(9450).Position(3)">$INFO[Container(9450).ListItemNoWrap(2).Label]</value>
		<value condition="Container(9450).Position(4)">$INFO[Container(9450).ListItemNoWrap(1).Label]</value>
	</variable>
	<variable name="SettingsList0">
		<value condition="Container(8999).Position(0)">$INFO[Container(8999).ListItemNoWrap(-1).Label]</value>
		<value condition="Container(8999).Position(1)">$INFO[Container(8999).ListItemNoWrap(-2).Label]</value>
		<value condition="Container(8999).Position(2)">$INFO[Container(8999).ListItemNoWrap(-3).Label]</value>
		<value condition="Container(8999).Position(3)">$INFO[Container(8999).ListItemNoWrap(-4).Label]</value>
		<value condition="Container(8999).Position(4)">$INFO[Container(8999).ListItemNoWrap(-5).Label]</value>
		<value condition="Container(8999).Position(5)">$INFO[Container(8999).ListItemNoWrap(-6).Label]</value>
		<value condition="Container(8999).Position(6)">$INFO[Container(8999).ListItemNoWrap(-7).Label]</value>
		<value condition="Container(8999).Position(7)">$INFO[Container(8999).ListItemNoWrap(-8).Label]</value>
		<value condition="Container(8999).Position(8)">$INFO[Container(8999).ListItemNoWrap(-9).Label]</value>
		<value condition="Container(8999).Position(9)">$INFO[Container(8999).ListItemNoWrap(-10).Label]</value>
		<value condition="Container(8999).Position(10)">$INFO[Container(8999).ListItemNoWrap(-11).Label]</value>
	</variable>
	<variable name="SettingsList12">
		<value condition="Container(8999).Position(0)">$INFO[Container(8999).ListItemNoWrap(11).Label]</value>
		<value condition="Container(8999).Position(1)">$INFO[Container(8999).ListItemNoWrap(10).Label]</value>
		<value condition="Container(8999).Position(2)">$INFO[Container(8999).ListItemNoWrap(9).Label]</value>
		<value condition="Container(8999).Position(3)">$INFO[Container(8999).ListItemNoWrap(8).Label]</value>
		<value condition="Container(8999).Position(4)">$INFO[Container(8999).ListItemNoWrap(7).Label]</value>
		<value condition="Container(8999).Position(5)">$INFO[Container(8999).ListItemNoWrap(6).Label]</value>
		<value condition="Container(8999).Position(6)">$INFO[Container(8999).ListItemNoWrap(5).Label]</value>
		<value condition="Container(8999).Position(7)">$INFO[Container(8999).ListItemNoWrap(4).Label]</value>
		<value condition="Container(8999).Position(8)">$INFO[Container(8999).ListItemNoWrap(3).Label]</value>
		<value condition="Container(8999).Position(9)">$INFO[Container(8999).ListItemNoWrap(2).Label]</value>
		<value condition="Container(8999).Position(10)">$INFO[Container(8999).ListItemNoWrap(1).Label]</value>
	</variable>
	<variable name="QuitAction">
		<value condition="StringCompare(Skin.String(home-quitaction),$LOCALIZE[13009])">Quit()</value>
		<value condition="StringCompare(Skin.String(home-quitaction),$LOCALIZE[13013])">Reboot()</value>
		<value condition="StringCompare(Skin.String(home-quitaction),$LOCALIZE[13005])">PowerDown()</value>
		<value condition="StringCompare(Skin.String(home-quitaction),$LOCALIZE[13010])">Hibernate()</value>
		<value condition="StringCompare(Skin.String(home-quitaction),$LOCALIZE[13011])">Suspend()</value>
		<value condition="StringCompare(Skin.String(home-quitaction),$LOCALIZE[31558])">ActivateWindow(shutdownmenu)</value>
		<value>Quit()</value>
	</variable>
	<variable name="PlayList">
		<value condition="Player.HasVideo">ActivateWindow(videoplaylist)</value>
		<value condition="Player.HasAudio">ActivateWindow(musicplaylist)</value>
	</variable>
	<variable name="NextAiredFanart">
		<value condition="Control.HasFocus(200)">$INFO[Container(200).ListItem.Property(Fanart)]</value>
		<value condition="Control.HasFocus(201)">$INFO[Container(201).ListItem.Property(Fanart)]</value>
		<value condition="Control.HasFocus(202)">$INFO[Container(202).ListItem.Property(Fanart)]</value>
		<value condition="Control.HasFocus(203)">$INFO[Container(203).ListItem.Property(Fanart)]</value>
		<value condition="Control.HasFocus(204)">$INFO[Container(204).ListItem.Property(Fanart)]</value>
		<value condition="Control.HasFocus(205)">$INFO[Container(205).ListItem.Property(Fanart)]</value>
		<value condition="Control.HasFocus(206)">$INFO[Container(206).ListItem.Property(Fanart)]</value>
	</variable>
	<variable name="NextAiredLabel1">
		<value condition="Control.HasFocus(200)">$INFO[Container(200).ListItem.Label]</value>
		<value condition="Control.HasFocus(201)">$INFO[Container(201).ListItem.Label]</value>
		<value condition="Control.HasFocus(202)">$INFO[Container(202).ListItem.Label]</value>
		<value condition="Control.HasFocus(203)">$INFO[Container(203).ListItem.Label]</value>
		<value condition="Control.HasFocus(204)">$INFO[Container(204).ListItem.Label]</value>
		<value condition="Control.HasFocus(205)">$INFO[Container(205).ListItem.Label]</value>
		<value condition="Control.HasFocus(206)">$INFO[Container(206).ListItem.Label]</value>
	</variable>
	<variable name="NextAiredLabel2">
		<value condition="Control.HasFocus(200)">$INFO[Container(200).ListItem.Property(NextTitle)]</value>
		<value condition="Control.HasFocus(201)">$INFO[Container(201).ListItem.Property(NextTitle)]</value>
		<value condition="Control.HasFocus(202)">$INFO[Container(202).ListItem.Property(NextTitle)]</value>
		<value condition="Control.HasFocus(203)">$INFO[Container(203).ListItem.Property(NextTitle)]</value>
		<value condition="Control.HasFocus(204)">$INFO[Container(204).ListItem.Property(NextTitle)]</value>
		<value condition="Control.HasFocus(205)">$INFO[Container(205).ListItem.Property(NextTitle)]</value>
		<value condition="Control.HasFocus(206)">$INFO[Container(206).ListItem.Property(NextTitle)]</value>
	</variable>
	<variable name="NextAiredLabel3">
		<value condition="Control.HasFocus(200)">$INFO[Container(200).ListItem.Property(RunTime),,$LOCALIZE[12391]]</value>
		<value condition="Control.HasFocus(201)">$INFO[Container(201).ListItem.Property(RunTime),,$LOCALIZE[12391]]</value>
		<value condition="Control.HasFocus(202)">$INFO[Container(202).ListItem.Property(RunTime),,$LOCALIZE[12391]]</value>
		<value condition="Control.HasFocus(203)">$INFO[Container(203).ListItem.Property(RunTime),,$LOCALIZE[12391]]</value>
		<value condition="Control.HasFocus(204)">$INFO[Container(204).ListItem.Property(RunTime),,$LOCALIZE[12391]]</value>
		<value condition="Control.HasFocus(205)">$INFO[Container(205).ListItem.Property(RunTime),,$LOCALIZE[12391]]</value>
		<value condition="Control.HasFocus(206)">$INFO[Container(206).ListItem.Property(RunTime),,$LOCALIZE[12391]]</value>
	</variable>
	<variable name="NextAiredLabel4">
		<value condition="Control.HasFocus(200)">$INFO[Container(200).ListItem.Property(Genre)]</value>
		<value condition="Control.HasFocus(201)">$INFO[Container(201).ListItem.Property(Genre)]</value>
		<value condition="Control.HasFocus(202)">$INFO[Container(202).ListItem.Property(Genre)]</value>
		<value condition="Control.HasFocus(203)">$INFO[Container(203).ListItem.Property(Genre)]</value>
		<value condition="Control.HasFocus(204)">$INFO[Container(204).ListItem.Property(Genre)]</value>
		<value condition="Control.HasFocus(205)">$INFO[Container(205).ListItem.Property(Genre)]</value>
		<value condition="Control.HasFocus(206)">$INFO[Container(206).ListItem.Property(Genre)]</value>
	</variable>
	<variable name="NextAiredLabel5">
		<value condition="Control.HasFocus(200)">$INFO[Container(200).ListItem.Property(ShortTime)]</value>
		<value condition="Control.HasFocus(201)">$INFO[Container(201).ListItem.Property(ShortTime)]</value>
		<value condition="Control.HasFocus(202)">$INFO[Container(202).ListItem.Property(ShortTime)]</value>
		<value condition="Control.HasFocus(203)">$INFO[Container(203).ListItem.Property(ShortTime)]</value>
		<value condition="Control.HasFocus(204)">$INFO[Container(204).ListItem.Property(ShortTime)]</value>
		<value condition="Control.HasFocus(205)">$INFO[Container(205).ListItem.Property(ShortTime)]</value>
		<value condition="Control.HasFocus(206)">$INFO[Container(206).ListItem.Property(ShortTime)]</value>
	</variable>
	<variable name="NextAiredLabel6">
		<value condition="Control.HasFocus(200)">$INFO[Container(200).ListItem.Property(NextDate)]</value>
		<value condition="Control.HasFocus(201)">$INFO[Container(201).ListItem.Property(NextDate)]</value>
		<value condition="Control.HasFocus(202)">$INFO[Container(202).ListItem.Property(NextDate)]</value>
		<value condition="Control.HasFocus(203)">$INFO[Container(203).ListItem.Property(NextDate)]</value>
		<value condition="Control.HasFocus(204)">$INFO[Container(204).ListItem.Property(NextDate)]</value>
		<value condition="Control.HasFocus(205)">$INFO[Container(205).ListItem.Property(NextDate)]</value>
		<value condition="Control.HasFocus(206)">$INFO[Container(206).ListItem.Property(NextDate)]</value>
	</variable>
	<variable name="NextAiredImage1">
		<value condition="Control.HasFocus(200)">$INFO[Container(200).ListItem.Property(Art(poster))]</value>
		<value condition="Control.HasFocus(201)">$INFO[Container(201).ListItem.Property(Art(poster))]</value>
		<value condition="Control.HasFocus(202)">$INFO[Container(202).ListItem.Property(Art(poster))]</value>
		<value condition="Control.HasFocus(203)">$INFO[Container(203).ListItem.Property(Art(poster))]</value>
		<value condition="Control.HasFocus(204)">$INFO[Container(204).ListItem.Property(Art(poster))]</value>
		<value condition="Control.HasFocus(205)">$INFO[Container(205).ListItem.Property(Art(poster))]</value>
		<value condition="Control.HasFocus(206)">$INFO[Container(206).ListItem.Property(Art(poster))]</value>
	</variable>
	<variable name="NextAiredImage2">
		<value condition="Control.HasFocus(200)">$INFO[Container(200).ListItem.Property(Path),,landscape.jpg]</value>
		<value condition="Control.HasFocus(201)">$INFO[Container(201).ListItem.Property(Path),,landscape.jpg]</value>
		<value condition="Control.HasFocus(202)">$INFO[Container(202).ListItem.Property(Path),,landscape.jpg]</value>
		<value condition="Control.HasFocus(203)">$INFO[Container(203).ListItem.Property(Path),,landscape.jpg]</value>
		<value condition="Control.HasFocus(204)">$INFO[Container(204).ListItem.Property(Path),,landscape.jpg]</value>
		<value condition="Control.HasFocus(205)">$INFO[Container(205).ListItem.Property(Path),,landscape.jpg]</value>
		<value condition="Control.HasFocus(206)">$INFO[Container(206).ListItem.Property(Path),,landscape.jpg]</value>
	</variable>
	<variable name="NextAiredImage3">
		<value condition="Control.HasFocus(200)">$INFO[Container(200).ListItem.Property(Path),,logo.png]</value>
		<value condition="Control.HasFocus(201)">$INFO[Container(201).ListItem.Property(Path),,logo.png]</value>
		<value condition="Control.HasFocus(202)">$INFO[Container(202).ListItem.Property(Path),,logo.png]</value>
		<value condition="Control.HasFocus(203)">$INFO[Container(203).ListItem.Property(Path),,logo.png]</value>
		<value condition="Control.HasFocus(204)">$INFO[Container(204).ListItem.Property(Path),,logo.png]</value>
		<value condition="Control.HasFocus(205)">$INFO[Container(205).ListItem.Property(Path),,logo.png]</value>
		<value condition="Control.HasFocus(206)">$INFO[Container(206).ListItem.Property(Path),,logo.png]</value>
	</variable>
	<variable name="NextAiredImage4">
		<value condition="Control.HasFocus(200)">$INFO[Container(200).ListItem.Property(Network),special://skin/extras/images/studios/,.png]</value>
		<value condition="Control.HasFocus(201)">$INFO[Container(201).ListItem.Property(Network),special://skin/extras/images/studios/,.png]</value>
		<value condition="Control.HasFocus(202)">$INFO[Container(202).ListItem.Property(Network),special://skin/extras/images/studios/,.png]</value>
		<value condition="Control.HasFocus(203)">$INFO[Container(203).ListItem.Property(Network),special://skin/extras/images/studios/,.png]</value>
		<value condition="Control.HasFocus(204)">$INFO[Container(204).ListItem.Property(Network),special://skin/extras/images/studios/,.png]</value>
		<value condition="Control.HasFocus(205)">$INFO[Container(205).ListItem.Property(Network),special://skin/extras/images/studios/,.png]</value>
		<value condition="Control.HasFocus(206)">$INFO[Container(206).ListItem.Property(Network),special://skin/extras/images/studios/,.png]</value>
	</variable>
	<variable name="NextAiredImage5">
		<value condition="Control.HasFocus(200)">$INFO[Container(200).ListItem.Property(Art(banner))]</value>
		<value condition="Control.HasFocus(201)">$INFO[Container(201).ListItem.Property(Art(banner))]</value>
		<value condition="Control.HasFocus(202)">$INFO[Container(202).ListItem.Property(Art(banner))]</value>
		<value condition="Control.HasFocus(203)">$INFO[Container(203).ListItem.Property(Art(banner))]</value>
		<value condition="Control.HasFocus(204)">$INFO[Container(204).ListItem.Property(Art(banner))]</value>
		<value condition="Control.HasFocus(205)">$INFO[Container(205).ListItem.Property(Art(banner))]</value>
		<value condition="Control.HasFocus(206)">$INFO[Container(206).ListItem.Property(Art(banner))]</value>
	</variable>
		<variable name="SystemPlatform">
		<value condition="System.Platform.Windows">$LOCALIZE[31566] $LOCALIZE[31568]</value>
		<value condition="System.Platform.ATV2">$LOCALIZE[31566] $LOCALIZE[31573]</value>
		<value condition="System.Platform.IOS">$LOCALIZE[31566] $LOCALIZE[31569]</value>
		<value condition="System.Platform.OSX">$LOCALIZE[31566] $LOCALIZE[31570]</value>
		<value condition="System.Platform.Android">$LOCALIZE[31566] $LOCALIZE[31572]</value>
		<value condition="System.Platform.Linux.RaspberryPi">$LOCALIZE[31566] $LOCALIZE[31571]</value>
		<value condition="System.Platform.Linux">$LOCALIZE[31566] $LOCALIZE[31567]</value>
		<value>$LOCALIZE[13205]</value><!-- Unknown platform type -->
	</variable>
</includes>