<?xml version="1.0" encoding="utf-8"?>
<includes>
	<include name="IconHomeMenu">
		<control type="group">
			<animation condition="Control.HasFocus(9099)" effect="slide" start="0,0" end="0,-260" time="200">Conditonal</animation>
			<animation condition="Control.HasFocus(9098)" effect="slide" start="0,0" end="0,-430" time="200">Conditonal</animation>
			<animation condition="Control.HasFocus(9101)" effect="slide" start="0,0" end="0,-660" time="200">Conditonal</animation>
			<animation condition="Control.HasFocus(10001)" effect="slide" start="0,0" end="0,-660" time="200">Conditonal</animation>
			<animation condition="Control.HasFocus(10009)" effect="slide" start="0,0" end="0,-660" time="200">Conditonal</animation>
			<animation condition="Control.HasFocus(9102)" effect="slide" start="0,0" end="0,-830" time="200">Conditonal</animation>
			<animation condition="Control.HasFocus(9103)" effect="slide" start="0,0" end="0,-1100" time="200">Conditonal</animation>
			<animation condition="Control.HasFocus(9104)" effect="slide" start="0,0" end="0,-1390" time="200">Conditonal</animation>
			<visible>true</visible>
			<animation effect="fade" start="0" end="100" time="300">Visible</animation>
			<control type="group">
				<visible>![Window.IsActive(videolibrary) | Window.IsActive(musiclibrary) | Window.IsActive(musicfiles)]</visible>
				<control type="image"><!-- Use solid background image -->
					<include>fullscreenimage</include>
					<texture>DEFAULT_background.jpg</texture>
				</control>
				<control type="image"><!-- Use solid background image -->
					<include>fullscreenimage</include>
					<visible>Control.HasFocus(9160)</visible>
					<fadetime>500</fadetime>
					<texture>$INFO[Container(9160).ListItem.Art(fanart)]</texture>
				</control>
				<control type="image"><!-- Use solid background image -->
					<include>fullscreenimage</include>
					<visible>Control.HasFocus(9210)</visible>
					<fadetime>500</fadetime>
					<texture>$INFO[Container(9210).ListItem.Art(fanart)]</texture>
				</control>
				<control type="image">
					<posx>0</posx>
					<posy>0</posy>
					<width>1280</width>
					<height>720</height>
					<visible>Control.HasFocus(9160)|Control.HasFocus(9210)</visible>
					<texture>shadow_full.png</texture>
				</control>
				<control type="image"><!-- Use solid background image -->
					<include>fullscreenimage</include>
					<texture>shade.png</texture>
				</control>
				<control type="button" id="99999">
					<animation condition="Control.HasFocus(9099)" effect="slide" start="0,0" end="0,-260" time="200">Conditonal</animation>
					<onright>10001</onright>
					<onleft>10001</onleft>
					<ondown>9000</ondown>
					<onup>10002</onup>
					<left>5</left>
					<top>5</top>
					<width>100</width>
					<height>100</height>
					<texturefocus colordiffuse="ff00ff00">search_icon2.png</texturefocus>
					<onclick>ActivateWindow(videofiles,plugin://plugin.video.genesis/?action=searchNavigator,return)</onclick>
					<texturenofocus>search_icon2.png</texturenofocus>
				</control>
				<control type="label">
					<left>100</left>
					<top>40</top>
					<height>22</height>
					<width>400</width>
					<label>Search Movies and TV Shows</label>
					<font>font10</font>
				</control>
				<!--<control type="image">
					<left>0</left>
					<top>0</top>
					<width>1280</width>
					<height>192</height>
					<texture>colours/grey.png</texture>
				</control>
				<control type="image">
					<left>0</left>
					<top>192</top>
					<width>1280</width>
					<height>102</height>
					<texture>colours/midgrey.png</texture>
				</control>
				<control type="image">
					<left>0</left>
					<top>0</top>
					<width>1280</width>
					<height>294</height>
					<texture>menu-mask.png</texture>
					<colordiffuse>BBF9F9F9</colordiffuse>
				</control>
				<control type="image">
					<left>0</left>
					<top>290</top>
					<width>1280</width>
					<height>4</height>
					<texture>separator.png</texture>
				</control>-->
			</control>

			<include condition="!Skin.HasSetting(home-time)">horizontalhome-time</include><!-- Show time on home screen -->

			
		</control>
		<control type="group">
			<animation condition="Control.HasFocus(9160)|Control.HasFocus(9210)|Control.HasFocus(99999)|Control.HasFocus(9260)|Control.HasFocus(9360)" effect="slide" start="0,0" end="0,200" time="200">Conditonal</animation>
			<animation condition="Control.HasFocus(9099)" effect="slide" start="0,0" end="0,-260" time="200">Conditonal</animation>
			<animation condition="Control.HasFocus(9098)" effect="slide" start="0,0" end="0,-430" time="200">Conditonal</animation>
			<animation condition="Control.HasFocus(9101)" effect="slide" start="0,0" end="0,-660" time="200">Conditonal</animation>
			<animation condition="Control.HasFocus(10001)" effect="slide" start="0,0" end="0,-660" time="200">Conditonal</animation>
			<animation condition="Control.HasFocus(10009)" effect="slide" start="0,0" end="0,-660" time="200">Conditonal</animation>
			<animation condition="Control.HasFocus(9102)" effect="slide" start="0,0" end="0,-830" time="200">Conditonal</animation>
			<animation condition="Control.HasFocus(9103)" effect="slide" start="0,0" end="0,-1100" time="200">Conditonal</animation>
			<animation condition="Control.HasFocus(9104)" effect="slide" start="0,0" end="0,-1390" time="200">Conditonal</animation>
			

			<control type="button" id="9005"><!-- Play bump sound if user tries to leave menu by undefined direction -->
				<left>-30</left>
				<top>-30</top>
				<width>1</width>
				<height>1</height>
				<onfocus>SetFocus(9000)</onfocus>
				<onfocus>ActivateWindow(1157)</onfocus>
			</control>
			<control type="button" id="9050"><!-- Play bump sound if user tries to leave Movie shelf by undefined direction -->
				<left>-40</left>
				<top>-40</top>
				<width>1</width>
				<height>1</height>
				<onfocus>SetFocus(9160)</onfocus>
				<onfocus>ActivateWindow(1157)</onfocus>
			</control>
			<control type="button" id="9052"><!-- Play bump sound if user tries to leave TV shelf by undefined direction -->
				<left>-50</left>
				<top>-50</top>
				<width>1</width>
				<height>1</height>
				<onfocus>SetFocus(9210)</onfocus>
				<onfocus>ActivateWindow(1157)</onfocus>
			</control>
			<control type="button" id="9054"><!-- Play bump sound if user tries to leave Music shelf by undefined direction -->
				<left>-60</left>
				<top>-60</top>
				<width>1</width>
				<height>1</height>
				<onfocus>SetFocus(9260)</onfocus>
				<onfocus>ActivateWindow(1157)</onfocus>
			</control>
			<control type="button" id="9056"><!-- Play bump sound if user tries to leave Addons shelf by undefined direction -->
				<left>-70</left>
				<top>-70</top>
				<width>1</width>
				<height>1</height>
				<onfocus>SetFocus(9360)</onfocus>
				<onfocus>ActivateWindow(1157)</onfocus>
			</control>

			<!--<control type="image"> Background image for icon area 
				<left>0</left>
				<top>299</top>
				<width>1280</width>
				<height>421</height>
				<texture>colours/black.png</texture>
			</control>
			<control type="image">
				<left>0</left>
				<top>299</top>
				<width>1280</width>
				<height>224</height>
				<texture>menu-homebg.png</texture>
				<visible>[Container(9000).Row(0) | Container(9000).Row(1)] + !Container(9000).HasPrevious()</visible>
			</control>-->
			
			<control type="label">  
				<left>45</left>
				<top>350</top>
				<width>250</width>
				<height>20</height>
				<textcolor>disabled-text</textcolor>
				<font>font11</font>
				<align>left</align>
				<label>MAIN MENU</label>
				<animation condition="Control.HasFocus(9000)" effect="zoom" end="120" center="60,500" time="200">Conditonal</animation>
			</control>

			<control type="fixedlist" id="9000"><!-- Home menu icon panel -->
				<animation effect="zoom" end="130" center="60,500" time="200">Focus</animation>
				<width>1245</width>
				<height>640</height>
				<top>380</top>
				<left>12</left>
				<onleft>9005</onleft>
				<onright>9005</onright>
				<pagecontrol>-</pagecontrol>
				<focusposition>1</focusposition>
				<movement>1</movement>
				<orientation>horizontal</orientation>
				<onup condition="![Control.IsVisible(9801) | Control.IsVisible(9802)]">9800</onup>
				<onup condition="Control.IsVisible(9801) | Control.IsVisible(9802)">99999</onup>
				<ondown>9001</ondown>
				<scrolltime tween="sine" easing="inout">280</scrolltime>
				<itemlayout height="110" width="145">
					<control type="image"><!-- Icon image -->
						<left>28</left>
						<top>10</top>
						<width>140</width>
						<height>80</height>
						<aspectratio>stretch</aspectratio>
						<texture diffuse="homeiconmask.png">$INFO[ListItem.thumb]</texture>
					</control>
					<control type="image">
						<top>90</top>
						<left>28</left>
						<width>140</width>
						<height>110</height>
						<aspectratio>stretch</aspectratio>
						<texture background="true" diffuse="poster_matte_nf_reflect.png" flipy="true">$INFO[ListItem.thumb]</texture>
						<fadetime>200</fadetime>
					</control>
					<!--<control type="label"> Icon label 
						<left>0</left>
						<top>128</top>
						<width>250</width>
						<height>20</height>
						<textcolor>disabled-text</textcolor>
						<font>font11</font>
						<align>center</align>
						<label>$INFO[ListItem.label]</label>
					</control>-->
				</itemlayout>
				<focusedlayout height="110" width="145">
					<control type="image"><!-- Focused icon image -->
						<left>28</left>
						<top>10</top>
						<width>140</width>
						<height>80</height>
						<aspectratio>stretch</aspectratio>
						<animation effect="zoom" end="130" center="120,50" time="200">Focus</animation>
						<texture diffuse="homeiconmask.png">$INFO[ListItem.thumb]</texture>
					</control>
					<control type="image">
						<top>90</top>
						<left>28</left>
						<width>140</width>
						<height>110</height>
						<aspectratio>stretch</aspectratio>
						<animation effect="zoom" end="130" center="120,50" time="200">Focus</animation>
						<texture background="true" diffuse="poster_matte_nf_reflect.png" flipy="true">$INFO[ListItem.thumb]</texture>
						<fadetime>200</fadetime>
					</control>
					<!--<control type="image">
						<left>20</left>
						<top>2</top>
						<width>210</width>
						<height>126</height>
						<texture>homeiconhilite.png</texture>
					</control>-->
					<!--<control type="label"> Focused icons label 
						<left>0</left>
						<top>127</top>
						<width>250</width>
						<height>23</height>
						<align>center</align>
						<label>$INFO[ListItem.label]</label>
						<animation effect="zoom" end="135" center="120,60" time="200">Focus</animation>
						<font>font12</font>
					</control>-->
				</focusedlayout>
				<content>
					<item id="1"><!-- Videos -->
						<visible>!Skin.HasSetting(home-video)</visible>
						<thumb>special://skin/extras/homeicons/video.png</thumb>
						<label>$LOCALIZE[3]</label>
						<label2>$LOCALIZE[571]</label2>
						<onclick>ActivateWindow(Videolibrary,root,return)</onclick>
					</item>
					<item id="2"><!-- Movies -->
						<visible>!Skin.HasSetting(home-movie)</visible>
						<thumb>special://skin/extras/homeicons/movie_main.png</thumb>
						<label>$LOCALIZE[31026]</label>
						<label2>$LOCALIZE[31026]</label2>
						<onclick>$VAR[MovieLibEntry]</onclick>
					</item>
					<item id="3"><!-- TV Shows -->
						<visible>!Skin.HasSetting(home-tvshows)</visible>
						<thumb>special://skin/extras/homeicons/tvshow_main.png</thumb>
						<label>$LOCALIZE[20343]</label>
						<label2>$LOCALIZE[20343]</label2>
						<onclick>$VAR[TVLibEntry]</onclick>
					</item>
					<item id="4"><!-- TV Guide -->
						<visible>!Skin.HasSetting(home-tvshows)</visible>
						<thumb>special://skin/extras/homeicons/tvguide_main.png</thumb>
						<label>TV Guide</label>
						<label2>TV Guide</label2>
						<onclick>RunScript(script.tv.show.next.aired)</onclick>
					</item>
					<item id="5"><!-- Music -->
						<visible>!Skin.HasSetting(home-music)</visible>
						<thumb>special://skin/extras/homeicons/music_main.png</thumb>
						<label>$LOCALIZE[2]</label>
						<label2>$LOCALIZE[2]</label2>
						<onclick>$VAR[MusicLibEntry]</onclick>
					</item>
					<item id="6"><!-- Addons menu -->
						<visible>!Skin.HasSetting(home-programs)</visible>
						<thumb>special://skin/extras/homeicons/addons.png</thumb>
						<label>$LOCALIZE[24001]</label>
						<label2>$LOCALIZE[2]</label2>
						<onclick>ActivateWindow(1155,,return)</onclick>
					</item>
					<item id="7"><!-- Weather -->
						<visible>!IsEmpty(Weather.plugin) + [Skin.HasSetting(home-weather) | Skin.HasSetting(home-currentweather)]</visible>
						<thumb>special://skin/extras/homeicons/weather_main.png</thumb>
						<label>$LOCALIZE[8]</label>
						<label2>$LOCALIZE[8]</label2>
						<onclick>ActivateWindow(Weather,,return)</onclick>
					</item>
					<item id="8"><!-- System menu -->
						<thumb>special://skin/extras/homeicons/setting.png</thumb>
						<label>$LOCALIZE[13000]</label>
						<label2>$LOCALIZE[571]</label2>
						<onclick>ActivateWindow(Settings,,return)</onclick>
					</item>
					<!--<item id="9"> Music Videos 
						<visible>Skin.HasSetting(home-musicvideo)</visible>
						<thumb>special://skin/extras/homeicons/music_main.png</thumb>
						<label>$LOCALIZE[31028]</label>
						<label2>$LOCALIZE[571]</label2>
						<onclick>$VAR[MusicVideoLibEntry]</onclick>
					</item>-->
					<item id="10"><!-- Live TV -->
						<visible>System.GetBool(pvrmanager.enabled) + Skin.HasSetting(home-tv)</visible>
						<thumb>special://skin/extras/homeicons/live_tv_main.png</thumb>
						<label>$LOCALIZE[19020]</label>
						<label2>$LOCALIZE[571]</label2>
						<onclick>$VAR[TVEntry]</onclick>
					</item>
					<item id="11"><!-- Live Radio -->
						<visible>System.GetBool(pvrmanager.enabled) + Skin.HasSetting(home-radio)</visible>
						<thumb>special://skin/extras/homeicons/radio.png</thumb>
						<label>$LOCALIZE[19021]</label>
						<label2>$LOCALIZE[571]</label2>
						<onclick>$VAR[RadioEntry]</onclick>
					</item>
					<item id="12"><!-- Pictures -->
						<visible>Skin.HasSetting(home-photos)</visible>
						<thumb>special://skin/extras/homeicons/pics.png</thumb>
						<label>$LOCALIZE[1]</label>
						<label2>$LOCALIZE[571]</label2>
						<onclick>ActivateWindow(MyPictures,,return)</onclick>
					</item>
					<item id="13"><!-- Favourites -->
						<visible>Skin.HasSetting(home-favorites)</visible>
						<thumb>special://skin/extras/homeicons/favs.png</thumb>
						<label>$LOCALIZE[31652]</label>
						<label2>$LOCALIZE[571]</label2>
						<onclick>ActivateWindow(Favourites)</onclick>
					</item>
					<item id="14">
						<thumb>$INFO[Skin.String(CustomMovies.1.Icon)]</thumb>
						<label>$INFO[Skin.String(CustomMovies.1.Label)]</label>
						<label2>$LOCALIZE[571]</label2>
						<onclick>$INFO[Skin.String(CustomMovies.1.Path)]</onclick>
						<visible>!IsEmpty(Skin.String(CustomMovies.1.Path))</visible>
					</item>
					<item id="15">
						<thumb>$INFO[Skin.String(CustomMovies.2.Icon)]</thumb>
						<label>$INFO[Skin.String(CustomMovies.2.Label)]</label>
						<label2>$LOCALIZE[571]</label2>
						<onclick>$INFO[Skin.String(CustomMovies.2.Path)]</onclick>
						<visible>!IsEmpty(Skin.String(CustomMovies.2.Path))</visible>
					</item>
					<item id="16">
						<thumb>$INFO[Skin.String(CustomMovies.3.Icon)]</thumb>
						<label>$INFO[Skin.String(CustomMovies.3.Label)]</label>
						<label2>$LOCALIZE[571]</label2>
						<onclick>$INFO[Skin.String(CustomMovies.3.Path)]</onclick>
						<visible>!IsEmpty(Skin.String(CustomMovies.3.Path))</visible>
					</item>
					<item id="17">
						<thumb>$INFO[Skin.String(CustomMovies.4.Icon)]</thumb>
						<label>$INFO[Skin.String(CustomMovies.4.Label)]</label>
						<label2>$LOCALIZE[571]</label2>
						<onclick>$INFO[Skin.String(CustomMovies.4.Path)]</onclick>
						<visible>!IsEmpty(Skin.String(CustomMovies.4.Path))</visible>
					</item>
					<item id="18">
						<thumb>$INFO[Skin.String(CustomMovies.5.Icon)]</thumb>
						<label>$INFO[Skin.String(CustomMovies.5.Label)]</label>
						<label2>$LOCALIZE[571]</label2>
						<onclick>$INFO[Skin.String(CustomMovies.5.Path)]</onclick>
						<visible>!IsEmpty(Skin.String(CustomMovies.5.Path))</visible>
					</item>
					<item id="19">
						<thumb>$INFO[Skin.String(CustomTVShow.1.Icon)]</thumb>
						<label>$INFO[Skin.String(CustomTVShow.1.Label)]</label>
						<label2>$LOCALIZE[571]</label2>
						<onclick>$INFO[Skin.String(CustomTVShow.1.Path)]</onclick>
						<visible>!IsEmpty(Skin.String(CustomTVShow.1.Path))</visible>
					</item>
					<item id="20">
						<thumb>$INFO[Skin.String(CustomTVShow.2.Icon)]</thumb>
						<label>$INFO[Skin.String(CustomTVShow.2.Label)]</label>
						<label2>$LOCALIZE[571]</label2>
						<onclick>$INFO[Skin.String(CustomTVShow.2.Path)]</onclick>
						<visible>!IsEmpty(Skin.String(CustomTVShow.2.Path))</visible>
					</item>
					<item id="21">
						<thumb>$INFO[Skin.String(CustomTVShow.3.Icon)]</thumb>
						<label>$INFO[Skin.String(CustomTVShow.3.Label)]</label>
						<label2>$LOCALIZE[571]</label2>
						<onclick>$INFO[Skin.String(CustomTVShow.3.Path)]</onclick>
						<visible>!IsEmpty(Skin.String(CustomTVShow.3.Path))</visible>
					</item>
					<item id="22">
						<thumb>$INFO[Skin.String(CustomTVShow.4.Icon)]</thumb>
						<label>$INFO[Skin.String(CustomTVShow.4.Label)]</label>
						<label2>$LOCALIZE[571]</label2>
						<onclick>$INFO[Skin.String(CustomTVShow.4.Path)]</onclick>
						<visible>!IsEmpty(Skin.String(CustomTVShow.4.Path))</visible>
					</item>
					<item id="23">
						<thumb>$INFO[Skin.String(CustomTVShow.5.Icon)]</thumb>
						<label>$INFO[Skin.String(CustomTVShow.5.Label)]</label>
						<label2>$LOCALIZE[571]</label2>
						<onclick>$INFO[Skin.String(CustomTVShow.5.Path)]</onclick>
						<visible>!IsEmpty(Skin.String(CustomTVShow.5.Path))</visible>
					</item>
					<item id="24">
						<thumb>$INFO[Skin.String(CustomMusic.1.Icon)]</thumb>
						<label>$INFO[Skin.String(CustomMusic.1.Label)]</label>
						<label2>$LOCALIZE[571]</label2>
						<onclick>$INFO[Skin.String(CustomMusic.1.Path)]</onclick>
						<visible>!IsEmpty(Skin.String(CustomMusic.1.Path))</visible>
					</item>
					<item id="25">
						<thumb>$INFO[Skin.String(CustomMusic.2.Icon)]</thumb>
						<label>$INFO[Skin.String(CustomMusic.2.Label)]</label>
						<label2>$LOCALIZE[571]</label2>
						<onclick>$INFO[Skin.String(CustomMusic.2.Path)]</onclick>
						<visible>!IsEmpty(Skin.String(CustomMusic.2.Path))</visible>
					</item>
					<item id="26">
						<thumb>$INFO[Skin.String(CustomMusic.3.Icon)]</thumb>
						<label>$INFO[Skin.String(CustomMusic.3.Label)]</label>
						<label2>$LOCALIZE[571]</label2>
						<onclick>$INFO[Skin.String(CustomMusic.3.Path)]</onclick>
						<visible>!IsEmpty(Skin.String(CustomMusic.3.Path))</visible>
					</item>
					<item id="27">
						<thumb>$INFO[Skin.String(CustomMusic.4.Icon)]</thumb>
						<label>$INFO[Skin.String(CustomMusic.4.Label)]</label>
						<label2>$LOCALIZE[571]</label2>
						<onclick>$INFO[Skin.String(CustomMusic.4.Path)]</onclick>
						<visible>!IsEmpty(Skin.String(CustomMusic.4.Path))</visible>
					</item>
					<item id="28">
						<thumb>$INFO[Skin.String(CustomMusic.5.Icon)]</thumb>
						<label>$INFO[Skin.String(CustomMusic.5.Label)]</label>
						<label2>$LOCALIZE[571]</label2>
						<onclick>$INFO[Skin.String(CustomMusic.5.Path)]</onclick>
						<visible>!IsEmpty(Skin.String(CustomMusic.5.Path))</visible>
					</item>
					<item id="29">
						<thumb>$INFO[Skin.String(CustomAddon.1.Icon)]</thumb>
						<label>$INFO[Skin.String(CustomAddon.1.Label)]</label>
						<label2>$LOCALIZE[571]</label2>
						<onclick>$INFO[Skin.String(CustomAddon.1.Path)]</onclick>
						<visible>!IsEmpty(Skin.String(CustomAddon.1.Path))</visible>
					</item>
					<item id="30">
						<thumb>$INFO[Skin.String(CustomAddon.2.Icon)]</thumb>
						<label>$INFO[Skin.String(CustomAddon.2.Label)]</label>
						<label2>$LOCALIZE[571]</label2>
						<onclick>$INFO[Skin.String(CustomAddon.2.Path)]</onclick>
						<visible>!IsEmpty(Skin.String(CustomAddon.2.Path))</visible>
					</item>
					<item id="31">
						<thumb>$INFO[Skin.String(CustomAddon.3.Icon)]</thumb>
						<label>$INFO[Skin.String(CustomAddon.3.Label)]</label>
						<label2>$LOCALIZE[571]</label2>
						<onclick>$INFO[Skin.String(CustomAddon.3.Path)]</onclick>
						<visible>!IsEmpty(Skin.String(CustomAddon.3.Path))</visible>
					</item>
					<item id="32">
						<thumb>$INFO[Skin.String(CustomAddon.4.Icon)]</thumb>
						<label>$INFO[Skin.String(CustomAddon.4.Label)]</label>
						<label2>$LOCALIZE[571]</label2>
						<onclick>$INFO[Skin.String(CustomAddon.4.Path)]</onclick>
						<visible>!IsEmpty(Skin.String(CustomAddon.4.Path))</visible>
					</item>
					<item id="33">
						<thumb>$INFO[Skin.String(CustomAddon.5.Icon)]</thumb>
						<label>$INFO[Skin.String(CustomAddon.5.Label)]</label>
						<label2>$LOCALIZE[571]</label2>
						<onclick>$INFO[Skin.String(CustomAddon.5.Path)]</onclick>
						<visible>!IsEmpty(Skin.String(CustomAddon.5.Path))</visible>
					</item>
					<item id="34"><!-- Custom TV 1 -->
						<thumb>$INFO[Skin.String(CustomTV.1.Icon)]</thumb>
						<label>$INFO[Skin.String(CustomTV.1.Label)]</label>
						<label2>$LOCALIZE[571]</label2>
						<onclick>$INFO[Skin.String(CustomTV.1.Path)]</onclick>
						<visible>!IsEmpty(Skin.String(CustomTV.1.Path))</visible>
					</item>
					<item id="35"><!-- Custom TV 2 -->
						<thumb>$INFO[Skin.String(CustomTV.2.Icon)]</thumb>
						<label>$INFO[Skin.String(CustomTV.2.Label)]</label>
						<label2>$LOCALIZE[571]</label2>
						<onclick>$INFO[Skin.String(CustomTV.2.Path)]</onclick>
						<visible>!IsEmpty(Skin.String(CustomTV.2.Path))</visible>
					</item>
					<item id="36"><!-- Custom TV 3 -->
						<thumb>$INFO[Skin.String(CustomTV.3.Icon)]</thumb>
						<label>$INFO[Skin.String(CustomTV.3.Label)]</label>
						<label2>$LOCALIZE[571]</label2>
						<onclick>$INFO[Skin.String(CustomTV.3.Path)]</onclick>
						<visible>!IsEmpty(Skin.String(CustomTV.3.Path))</visible>
					</item>
					<item id="37"><!-- Custom TV 4 -->
						<thumb>$INFO[Skin.String(CustomTV.4.Icon)]</thumb>
						<label>$INFO[Skin.String(CustomTV.4.Label)]</label>
						<label2>$LOCALIZE[571]</label2>
						<onclick>$INFO[Skin.String(CustomTV.4.Path)]</onclick>
						<visible>!IsEmpty(Skin.String(CustomTV.4.Path))</visible>
					</item>
					<item id="38"><!-- Custom TV 5 -->
						<thumb>$INFO[Skin.String(CustomTV.5.Icon)]</thumb>
						<label>$INFO[Skin.String(CustomTV.5.Label)]</label>
						<label2>$LOCALIZE[571]</label2>
						<onclick>$INFO[Skin.String(CustomTV.5.Path)]</onclick>
						<visible>!IsEmpty(Skin.String(CustomTV.5.Path))</visible>
					</item>
					<item id="39"><!-- Custom Radio 1 -->
						<thumb>$INFO[Skin.String(CustomRadio.1.Icon)]</thumb>
						<label>$INFO[Skin.String(CustomRadio.1.Label)]</label>
						<label2>$LOCALIZE[571]</label2>
						<onclick>$INFO[Skin.String(CustomRadio.1.Path)]</onclick>
						<visible>!IsEmpty(Skin.String(CustomRadio.1.Path))</visible>
					</item>
					<item id="40"><!-- Custom Radio 2 -->
						<thumb>$INFO[Skin.String(CustomRadio.2.Icon)]</thumb>
						<label>$INFO[Skin.String(CustomRadio.2.Label)]</label>
						<label2>$LOCALIZE[571]</label2>
						<onclick>$INFO[Skin.String(CustomRadio.2.Path)]</onclick>
						<visible>!IsEmpty(Skin.String(CustomRadio.2.Path))</visible>
					</item>
					<item id="41"><!-- Custom Radio 3 -->
						<thumb>$INFO[Skin.String(CustomRadio.3.Icon)]</thumb>
						<label>$INFO[Skin.String(CustomRadio.3.Label)]</label>
						<label2>$LOCALIZE[571]</label2>
						<onclick>$INFO[Skin.String(CustomRadio.3.Path)]</onclick>
						<visible>!IsEmpty(Skin.String(CustomRadio.3.Path))</visible>
					</item>
					<item id="42"><!-- Custom Radio 4 -->
						<thumb>$INFO[Skin.String(CustomRadio.4.Icon)]</thumb>
						<label>$INFO[Skin.String(CustomRadio.4.Label)]</label>
						<label2>$LOCALIZE[571]</label2>
						<onclick>$INFO[Skin.String(CustomRadio.4.Path)]</onclick>
						<visible>!IsEmpty(Skin.String(CustomRadio.4.Path))</visible>
					</item>
					<item id="43"><!-- Custom Radio 5 -->
						<thumb>$INFO[Skin.String(CustomRadio.5.Icon)]</thumb>
						<label>$INFO[Skin.String(CustomRadio.5.Label)]</label>
						<label2>$LOCALIZE[571]</label2>
						<onclick>$INFO[Skin.String(CustomRadio.5.Path)]</onclick>
						<visible>!IsEmpty(Skin.String(CustomRadio.5.Path))</visible>
					</item>
					<item id="44"><!-- Search -->
						<visible>Skin.HasSetting(home-search)</visible>
						<thumb>special://skin/extras/homeicons/search.png</thumb>
						<label>$LOCALIZE[137]</label>
						<label2>$LOCALIZE[571]</label2>
						<onclick>RunScript(script.globalsearch)</onclick>
					</item>
					<item id="45"><!-- Profiles -->
						<visible>Skin.HasSetting(home-profile)</visible>
						<thumb>special://skin/extras/homeicons/users.png</thumb>
						<label>$LOCALIZE[20092]</label>
						<label2>$LOCALIZE[571]</label2>
						<onclick>System.LogOff</onclick>
					</item>
					<item id="46">
						<thumb>special://skin/extras/homeicons/quit.png</thumb>
						<label>$LOCALIZE[13009]</label>
						<label2>$LOCALIZE[571]</label2>
						<onclick>$VAR[QuitAction]</onclick>
					</item>
					<item id="47"><!-- Favourites -->
						<visible>true</visible>
						<thumb>special://skin/extras/homeicons/refresh.png</thumb>
						<label>REFRESH MAIN MENU</label>
						<label2>$LOCALIZE[571]</label2>
						<onclick>XBMC.ReloadSkin()</onclick>
					</item>
				</content>
			</control>
			
			<control type="group" id="9001">
				<left>30</left>
				<top>490</top>
				<onup>9000</onup>
				<ondown>9099</ondown>
				<onleft>9001</onleft>
				<onright>9001</onright>
				<animation effect="zoom" end="130" center="60,500" time="200">Focus</animation>
				<control type="grouplist" id="9010">
					<include>HomeSubMenuCommonValues</include>
					<onleft>9010</onleft>
					<onright>9010</onright>
					<ondown>9099</ondown>
					<visible>Container(9000).HasFocus(1)</visible>
					<include>HomeSubMenuVideos</include> <!-- Buttons for the grouplist -->
				</control>
				<control type="grouplist" id="9016">
					<include>HomeSubMenuCommonValues</include>
					<onleft>9016</onleft>
					<onright>9016</onright>
					<visible>Container(9000).HasFocus(2)</visible>
					<include>HomeSubMenuMovies</include> <!-- Buttons for the grouplist -->
				</control>
				<control type="grouplist" id="9017">
					<include>HomeSubMenuCommonValues</include>
					<onleft>9017</onleft>
					<onright>9017</onright>
					<visible>Container(9000).HasFocus(3)</visible>
					<include>HomeSubMenuTVShows</include> <!-- Buttons for the grouplist -->
				</control>
				<control type="grouplist" id="910012">
					<include>HomeSubMenuCommonValues</include>
					<onleft>910012</onleft>
					<onright>910012</onright>
					<visible>Container(9000).HasFocus(6)</visible>
					<include>HomeSubMenuAndroid</include> <!-- Buttons for the grouplist -->
				</control>
				<control type="grouplist" id="9011">
					<include>HomeSubMenuCommonValues</include>
					<onleft>9011</onleft>
					<onright>9011</onright>
					<visible>Container(9000).HasFocus(5)</visible>
					<include>HomeSubMenuMusic</include> <!-- Buttons for the grouplist -->
				</control>
				<control type="grouplist" id="90999">
					<include>HomeSubMenuCommonValues</include>
					<onleft>90999</onleft>
					<onright>90999</onright>
					<visible>Container(9000).HasFocus(99)</visible>
					<include>HomeSubMenuProgramaspps</include> <!-- Buttons for the grouplist -->
				</control>
				<control type="grouplist" id="9012">
					<include>HomeSubMenuCommonValues</include>
					<onleft>9012</onleft>
					<onright>9012</onright>
					<visible>Container(9000).HasFocus(8)</visible>
					<include>HomeSubMenuSystem</include> <!-- Buttons for the grouplist -->
				</control>
				<control type="grouplist" id="9013">
					<include>HomeSubMenuCommonValues</include>
					<onleft>9013</onleft>
					<onright>9013</onright>
					<visible>Container(9000).HasFocus(99)</visible>
					<include>HomeSubMenuPlayDisc</include> <!-- Buttons for the grouplist -->
				</control>
				<control type="grouplist" id="9014">
					<include>HomeSubMenuCommonValues</include>
					<onleft>9014</onleft>
					<onright>9014</onright>
					<visible>Container(9000).HasFocus(10)</visible>
					<include>HomeSubMenuTV</include> <!-- Buttons for the grouplist -->
				</control>
				<control type="grouplist" id="9015">
					<include>HomeSubMenuCommonValues</include>
					<onleft>9013</onleft>
					<onright>9013</onright>
					<visible>Container(9000).HasFocus(12)</visible>
					<include>HomeSubMenuPictures</include> <!-- Buttons for the grouplist -->
				</control>
				<control type="grouplist" id="9016">
					<include>HomeSubMenuCommonValues</include>
					<onleft>9014</onleft>
					<onright>9014</onright>
					<visible>Container(9000).HasFocus(11)</visible>
					<include>HomeSubMenuRadio</include> <!-- Buttons for the grouplist -->
				</control>
				<control type="grouplist" id="9046">
					<include>HomeSubMenuCommonValues</include>
					<onleft>9046</onleft>
					<onright>9046</onright>
					<visible>Container(9000).HasFocus(71)</visible>
					<include>HomeSubMenuSimply</include> <!-- Buttons for the grouplist -->
				</control>
			</control>
			
			<control type="label">	 
				<left>45</left>
				<top>550</top>
				<width>250</width>
				<height>20</height>
				<textcolor>disabled-text</textcolor>
				<font>font11</font>
				<align>left</align>
				<label>VIDEO ADDONS</label>
			</control>
			
			<control type="list" id="9099"><!-- Home menu icon panel -->
				<width>1260</width>
				<height>640</height>
				<top>580</top>
				<left>12</left>
				<onleft>9099</onleft>
				<onright>9099</onright>
				<pagecontrol>-</pagecontrol>
				<focusposition>1</focusposition>
				<movement>1</movement>
				<orientation>horizontal</orientation>
				<onup>9000</onup>
				<ondown>9098</ondown>
				<content target="video">addons://sources/video</content> 
				<scrolltime tween="sine" easing="inout">280</scrolltime>
				<itemlayout height="110" width="150">
					<control type="image"><!-- Icon image -->
						<left>28</left>
						<top>10</top>
						<width>140</width>
						<height>110</height>
						<aspectratio>stretch</aspectratio>
						<texture diffuse="homeiconmask.png">blank_main.png</texture>
					</control>
					<control type="image"><!-- Icon image -->
						<left>28</left>
						<top>10</top>
						<width>140</width>
						<height>110</height>
						<aspectratio>stretch</aspectratio>
						<texture>$INFO[ListItem.thumb]</texture>
					</control>
					<control type="image">
						<top>125</top>
						<left>28</left>
						<width>140</width>
						<height>110</height>
						<aspectratio>stretch</aspectratio>
						<texture background="true" diffuse="poster_matte_nf_reflect.png" flipy="true">$INFO[ListItem.thumb]</texture>
						<fadetime>200</fadetime>
					</control>
					<!--<control type="label"> Icon label 
						<left>0</left>
						<top>128</top>
						<width>250</width>
						<height>20</height>
						<textcolor>disabled-text</textcolor>
						<font>font11</font>
						<align>center</align>
						<label>$INFO[ListItem.label]</label>
					</control>-->
				</itemlayout>
				<focusedlayout height="110" width="150">
					<control type="image"><!-- Icon image -->
						<left>28</left>
						<top>10</top>
						<width>140</width>
						<height>110</height>
						<aspectratio>stretch</aspectratio>
						<animation effect="zoom" end="130" center="120,50" time="200">Focus</animation>
						<texture diffuse="homeiconmask.png">blank_main.png</texture>
					</control>
					<control type="image"><!-- Focused icon image -->
						<left>28</left>
						<top>10</top>
						<width>140</width>
						<height>110</height>
						<aspectratio>stretch</aspectratio>
						<animation effect="zoom" end="130" center="120,50" time="200">Focus</animation>
						<texture>$INFO[ListItem.thumb]</texture>
					</control>
					<control type="image">
						<top>125</top>
						<left>28</left>
						<width>140</width>
						<height>110</height>
						<aspectratio>stretch</aspectratio>
						<animation effect="zoom" end="130" center="120,50" time="200">Focus</animation>
						<texture background="true" diffuse="poster_matte_nf_reflect.png" flipy="true">$INFO[ListItem.thumb]</texture>
						<fadetime>200</fadetime>
					</control>
					<!--<control type="image">
						<left>0</left>
						<top>20</top>
						<width>200</width>
						<height>126</height>
						<texture>bottom_shad.png</texture>
					</control>
					<control type="label"> Focused icons label 
						<left>20</left>
						<top>110</top>
						<width>135</width>
						<align>center</align>
						<textcolor>white</textcolor>
						<label>$INFO[ListItem.label]</label>
						<animation effect="zoom" end="110" center="120,60" time="200">Focus</animation>
						<font>font10</font>
					</control>-->
				</focusedlayout>
			</control>
			
			<control type="label">	 
				<left>45</left>
				<top>730</top>
				<width>250</width>
				<height>20</height>
				<textcolor>disabled-text</textcolor>
				<font>font11</font>
				<align>left</align>
				<label>PROGRAM ADDONS</label>
			</control>
			
			<control type="list" id="9098"><!-- Home menu icon panel -->
				<width>1260</width>
				<height>640</height>
				<top>760</top>
				<left>12</left>
				<onleft>9098</onleft>
				<onright>9098</onright>
				<pagecontrol>-</pagecontrol>
				<focusposition>1</focusposition>
				<movement>1</movement>
				<orientation>horizontal</orientation>
				<onup>9099</onup>
				<ondown>9101</ondown>
				<content target="programs">addons://sources/executable/</content> 
				<scrolltime tween="sine" easing="inout">280</scrolltime>
				<itemlayout height="110" width="150">
					<control type="image"><!-- Icon image -->
						<left>28</left>
						<top>10</top>
						<width>140</width>
						<height>110</height>
						<aspectratio>stretch</aspectratio>
						<texture diffuse="homeiconmask.png">blank_main.png</texture>
					</control>
					<control type="image"><!-- Icon image -->
						<left>28</left>
						<top>10</top>
						<width>140</width>
						<height>110</height>
						<aspectratio>stretch</aspectratio>
						<texture>$INFO[ListItem.thumb]</texture>
					</control>
					<control type="image">
						<top>125</top>
						<left>28</left>
						<width>140</width>
						<height>110</height>
						<aspectratio>stretch</aspectratio>
						<texture background="true" diffuse="poster_matte_nf_reflect.png" flipy="true">$INFO[ListItem.thumb]</texture>
						<fadetime>200</fadetime>
					</control>
					<!--<control type="label"> Icon label 
						<left>0</left>
						<top>128</top>
						<width>250</width>
						<height>20</height>
						<textcolor>disabled-text</textcolor>
						<font>font11</font>
						<align>center</align>
						<label>$INFO[ListItem.label]</label>
					</control>-->
				</itemlayout>
				<focusedlayout height="110" width="150">
					<control type="image"><!-- Icon image -->
						<left>28</left>
						<top>10</top>
						<width>140</width>
						<height>110</height>
						<aspectratio>stretch</aspectratio>
						<animation effect="zoom" end="130" center="120,50" time="200">Focus</animation>
						<texture diffuse="homeiconmask.png">blank_main.png</texture>
					</control>
					<control type="image"><!-- Focused icon image -->
						<left>28</left>
						<top>10</top>
						<width>140</width>
						<height>110</height>
						<aspectratio>stretch</aspectratio>
						<animation effect="zoom" end="130" center="120,50" time="200">Focus</animation>
						<texture>$INFO[ListItem.thumb]</texture>
					</control>
					<control type="image">
						<top>125</top>
						<left>28</left>
						<width>140</width>
						<height>110</height>
						<aspectratio>stretch</aspectratio>
						<animation effect="zoom" end="130" center="120,50" time="200">Focus</animation>
						<texture background="true" diffuse="poster_matte_nf_reflect.png" flipy="true">$INFO[ListItem.thumb]</texture>
						<fadetime>200</fadetime>
					</control>
					<!--<control type="image">
						<left>20</left>
						<top>2</top>
						<width>210</width>
						<height>126</height>
						<texture>homeiconhilite.png</texture>
					</control>-->
					<!--<control type="label"> Focused icons label 
						<left>0</left>
						<top>127</top>
						<width>250</width>
						<height>23</height>
						<align>center</align>
						<label>$INFO[ListItem.label]</label>
						<animation effect="zoom" end="135" center="120,60" time="200">Focus</animation>
						<font>font12</font>
					</control>-->
				</focusedlayout>
			</control>
			
			<control type="label">	 
				<left>45</left>
				<top>1780</top>
				<width>700</width>
				<height>20</height>
				<textcolor>disabled-text</textcolor>
				<font>font11</font>
				<align>left</align>
				<label>GENESIS KIDSZONE</label>
			</control>
			
			<control type="list" id="9104"><!-- Kids Zone menu icon panel -->
				<width>1240</width>
				<height>640</height>
				<top>1830</top>
				<left>12</left>
				<onleft>9104</onleft>
				<onright>9104</onright>
				<pagecontrol>-</pagecontrol>
				<focusposition>1</focusposition>
				<movement>1</movement>
				<orientation>horizontal</orientation>
				<onup>9103</onup>
				<ondown>9104</ondown>
				<content target="video">plugin://plugin.video.genesis/?action=movies&url=http%3a%2f%2fapi.themoviedb.org%2f3%2fdiscover%2fmovie%3fapi_key%3d%25s%26with_genres%3d10751%26primary_release_date.gte%3d2014-11-05%26primary_release_date.lte%3d2016-11-05%26page%3d1</content> 
				<scrolltime tween="sine" easing="inout">280</scrolltime>
				<itemlayout height="245" width="125">
					<control type="image">
						<left>28</left>
						<top>0</top>
						<width>120</width>
						<height>160</height>
						<aspectratio scalediffuse="false">stretch</aspectratio>
						<texture diffuse="mask-rect.png" fallback="DefaultVideo.png" background="true">$INFO[ListItem.Thumb]</texture>
					</control>
					<control type="image">
						<left>25</left>
						<top>155</top>
						<width>126</width>
						<height>40</height>
						<aspectratio>stretch</aspectratio>
						<shadowcolor>ff000000</shadowcolor>
						<texture>gray_button.png</texture>
					</control>
					<control type="label">
						<left>33</left>
						<top>149</top>
						<height>44</height>
						<width>80</width>
						<label>$INFO[ListItem.Label]</label>
						<font>font2</font>
						<align>left</align>
						<include condition="Skin.HasSetting(text-autoscroll)">scrolltext</include>
						<animation effect="fade" time="100" delay="100">Focus</animation>
						<animation effect="zoom" end="135" center="120,60" time="200">Focus</animation>
						<visible>true</visible>
					</control>
				</itemlayout>
				<focusedlayout height="245" width="125">
					<control type="image">
						<left>28</left>
						<top>0</top>
						<width>120</width>
						<height>160</height>
						<aspectratio scalediffuse="false">stretch</aspectratio>
						<animation effect="zoom" end="150" center="80,60" time="200">Focus</animation>
						<texture fallback="DefaultVideo.png" diffuse="mask-rect.png" background="true">$INFO[ListItem.Thumb]</texture>
					</control>
					<control type="image">
						<left>25</left>
						<top>156</top>
						<width>126</width>
						<height>40</height>
						<aspectratio>stretch</aspectratio>
						<animation effect="zoom" end="150" center="80,60" time="200">Focus</animation>
						<shadowcolor>ff000000</shadowcolor>
						<texture>red_button.png</texture>
					</control>
					<control type="label">
						<left>10</left>
						<top>200</top>
						<height>44</height>
						<width>150</width>
						<label>$INFO[ListItem.Label]</label>
						<font>font1</font>
						<align>left</align>
						<include condition="Skin.HasSetting(text-autoscroll)">scrolltext</include>
						<animation effect="fade" time="100" delay="150">Focus</animation>
						<animation effect="zoom" end="135" center="120,60" time="200">Focus</animation>
						<visible>Control.HasFocus(9104)</visible>
					</control>
				</focusedlayout>
			</control>
			
			<control type="label">	 
				<left>45</left>
				<top>1490</top>
				<width>700</width>
				<height>20</height>
				<textcolor>disabled-text</textcolor>
				<font>font11</font>
				<align>left</align>
				<label>GENESIS LATEST TV EPISODES</label>
			</control>
			
			<control type="list" id="9103"><!-- Genesis menu icon panel -->
				<width>1240</width>
				<height>640</height>
				<top>1540</top>
				<left>12</left>
				<onleft>9103</onleft>
				<onright>9103</onright>
				<pagecontrol>-</pagecontrol>
				<focusposition>1</focusposition>
				<movement>1</movement>
				<orientation>horizontal</orientation>
				<onup>9102</onup>
				<ondown>9104</ondown>
				<content target="video">plugin://plugin.video.genesis/?action=calendar&url=added</content> 
				<scrolltime tween="sine" easing="inout">280</scrolltime>
				<itemlayout height="245" width="125">
					<control type="image">
						<left>28</left>
						<top>0</top>
						<width>120</width>
						<height>160</height>
						<aspectratio scalediffuse="false">stretch</aspectratio>
						<texture diffuse="mask-rect.png" fallback="DefaultVideo.png" background="true">$INFO[ListItem.Art(tvshow.poster)]</texture>
					</control>
					<control type="image">
						<left>25</left>
						<top>155</top>
						<width>126</width>
						<height>40</height>
						<aspectratio>stretch</aspectratio>
						<shadowcolor>ff000000</shadowcolor>
						<texture>gray_button.png</texture>
					</control>
					<control type="label">
						<left>33</left>
						<top>149</top>
						<height>44</height>
						<width>80</width>
						<label>$INFO[ListItem.Label]</label>
						<font>font2</font>
						<align>left</align>
						<include condition="Skin.HasSetting(text-autoscroll)">scrolltext</include>
						<animation effect="fade" time="100" delay="100">Focus</animation>
						<animation effect="zoom" end="135" center="120,60" time="200">Focus</animation>
						<visible>true</visible>
					</control>
				</itemlayout>
				<focusedlayout height="245" width="125">
					<control type="image">
						<left>28</left>
						<top>0</top>
						<width>120</width>
						<height>160</height>
						<aspectratio scalediffuse="false">stretch</aspectratio>
						<animation effect="zoom" end="150" center="80,60" time="200">Focus</animation>
						<texture fallback="DefaultVideo.png" diffuse="mask-rect.png" background="true">$INFO[ListItem.Art(tvshow.poster)]</texture>
					</control>
					<control type="image">
						<left>25</left>
						<top>156</top>
						<width>126</width>
						<height>40</height>
						<aspectratio>stretch</aspectratio>
						<animation effect="zoom" end="150" center="80,60" time="200">Focus</animation>
						<shadowcolor>ff000000</shadowcolor>
						<texture>red_button.png</texture>
					</control>
					<control type="label">
						<left>10</left>
						<top>200</top>
						<height>44</height>
						<width>150</width>
						<label>$INFO[ListItem.Label]</label>
						<font>font1</font>
						<align>left</align>
						<include condition="Skin.HasSetting(text-autoscroll)">scrolltext</include>
						<animation effect="fade" time="100" delay="150">Focus</animation>
						<animation effect="zoom" end="135" center="120,60" time="200">Focus</animation>
						<visible>Control.HasFocus(9103)</visible>
					</control>
					<control type="label">
						<left>10</left>
						<top>215</top>
						<height>44</height>
						<width>150</width>
						<label>$LOCALIZE[20373] $INFO[ListItem.Season] $LOCALIZE[20359] $INFO[ListItem.Episode]</label>
						<font>font1</font>
						<align>left</align>
						<include condition="Skin.HasSetting(text-autoscroll)">scrolltext</include>
						<animation effect="fade" time="100" delay="150">Focus</animation>
						<animation effect="zoom" end="135" center="120,60" time="200">Focus</animation>
						<visible>Control.HasFocus(9103)</visible>
					</control>
				</focusedlayout>
			</control>
			
			<control type="label">	 
				<left>45</left>
				<top>1200</top>
				<width>700</width>
				<height>20</height>
				<textcolor>disabled-text</textcolor>
				<font>font11</font>
				<align>left</align>
				<label>GENESIS IN THEATERS</label>
			</control>
			
			<control type="list" id="9102"><!-- Mutt nuts menu icon panel -->
				<width>1240</width>
				<height>640</height>
				<top>1250</top>
				<left>12</left>
				<onleft>9102</onleft>
				<onright>9102</onright>
				<pagecontrol>-</pagecontrol>
				<focusposition>1</focusposition>
				<movement>1</movement>
				<orientation>horizontal</orientation>
				<onup>9101</onup>
				<ondown>9103</ondown>
				<content target="video">plugin://plugin.video.genesis/?action=movies&url=theaters</content> 
				<scrolltime tween="sine" easing="inout">280</scrolltime>
				<itemlayout height="245" width="125">
					<control type="image">
						<left>28</left>
						<top>0</top>
						<width>120</width>
						<height>160</height>
						<aspectratio scalediffuse="false">stretch</aspectratio>
						<texture diffuse="mask-rect.png" fallback="DefaultVideo.png" background="true">$INFO[ListItem.Thumb]</texture>
					</control>
					<control type="image">
						<left>25</left>
						<top>155</top>
						<width>126</width>
						<height>40</height>
						<aspectratio>stretch</aspectratio>
						<shadowcolor>ff000000</shadowcolor>
						<texture>gray_button.png</texture>
					</control>
					<control type="label">
						<left>33</left>
						<top>149</top>
						<height>44</height>
						<width>80</width>
						<label>$INFO[ListItem.Label]</label>
						<font>font2</font>
						<align>left</align>
						<include condition="Skin.HasSetting(text-autoscroll)">scrolltext</include>
						<animation effect="fade" time="100" delay="100">Focus</animation>
						<animation effect="zoom" end="135" center="120,60" time="200">Focus</animation>
						<visible>true</visible>
					</control>
				</itemlayout>
				<focusedlayout height="245" width="125">
					<control type="image">
						<left>28</left>
						<top>0</top>
						<width>120</width>
						<height>160</height>
						<aspectratio scalediffuse="false">stretch</aspectratio>
						<animation effect="zoom" end="150" center="80,60" time="200">Focus</animation>
						<texture fallback="DefaultVideo.png" diffuse="mask-rect.png" background="true">$INFO[ListItem.Thumb]</texture>
					</control>
					<control type="image">
						<left>25</left>
						<top>156</top>
						<width>126</width>
						<height>40</height>
						<aspectratio>stretch</aspectratio>
						<animation effect="zoom" end="150" center="80,60" time="200">Focus</animation>
						<shadowcolor>ff000000</shadowcolor>
						<texture>red_button.png</texture>
					</control>
					<control type="label">
						<left>10</left>
						<top>200</top>
						<height>44</height>
						<width>150</width>
						<label>$INFO[ListItem.Label]</label>
						<font>font1</font>
						<align>left</align>
						<include condition="Skin.HasSetting(text-autoscroll)">scrolltext</include>
						<animation effect="fade" time="100" delay="150">Focus</animation>
						<animation effect="zoom" end="135" center="120,60" time="200">Focus</animation>
						<visible>Control.HasFocus(9102)</visible>
					</control>
				</focusedlayout>
			</control>
			
			<control type="label">	 
				<left>45</left>
				<top>910</top>
				<width>700</width>
				<height>20</height>
				<textcolor>disabled-text</textcolor>
				<font>font11</font>
				<align>left</align>
				<label>GENESIS LATEST MOVIES</label>
			</control>
			
			<control type="list" id="9101"><!-- Genesis menu icon panel -->
				<width>1240</width>
				<height>640</height>
				<top>960</top>
				<left>12</left>
				<onleft>9101</onleft>
				<onright>9101</onright>
				<pagecontrol>-</pagecontrol>
				<focusposition>1</focusposition>
				<movement>1</movement>
				<orientation>horizontal</orientation>
				<onup>9098</onup>
				<ondown>9102</ondown>
				<content target="video">plugin://plugin.video.genesis/?action=movies&url=added</content> 
				<scrolltime tween="sine" easing="inout">280</scrolltime>
				<itemlayout height="245" width="125">
					<control type="image">
						<left>28</left>
						<top>0</top>
						<width>120</width>
						<height>160</height>
						<aspectratio scalediffuse="false">stretch</aspectratio>
						<texture diffuse="mask-rect.png" fallback="DefaultVideo.png" background="true">$INFO[ListItem.Thumb]</texture>
					</control>
					<control type="image">
						<left>25</left>
						<top>155</top>
						<width>126</width>
						<height>40</height>
						<aspectratio>stretch</aspectratio>
						<shadowcolor>ff000000</shadowcolor>
						<texture>gray_button.png</texture>
					</control>
					<control type="label">
						<left>33</left>
						<top>149</top>
						<height>44</height>
						<width>80</width>
						<label>$INFO[ListItem.Label]</label>
						<font>font2</font>
						<align>left</align>
						<include condition="Skin.HasSetting(text-autoscroll)">scrolltext</include>
						<animation effect="fade" time="100" delay="100">Focus</animation>
						<animation effect="zoom" end="135" center="120,60" time="200">Focus</animation>
						<visible>true</visible>
					</control>
				</itemlayout>
				<focusedlayout height="245" width="125">
					<control type="image">
						<left>28</left>
						<top>0</top>
						<width>120</width>
						<height>160</height>
						<aspectratio scalediffuse="false">stretch</aspectratio>
						<animation effect="zoom" end="150" center="80,60" time="200">Focus</animation>
						<texture fallback="DefaultVideo.png" diffuse="mask-rect.png" background="true">$INFO[ListItem.Thumb]</texture>
					</control>
					<control type="image">
						<left>25</left>
						<top>156</top>
						<width>126</width>
						<height>40</height>
						<aspectratio>stretch</aspectratio>
						<animation effect="zoom" end="150" center="80,60" time="200">Focus</animation>
						<shadowcolor>ff000000</shadowcolor>
						<texture>red_button.png</texture>
					</control>
					<control type="label">
						<left>10</left>
						<top>200</top>
						<height>44</height>
						<width>150</width>
						<label>$INFO[ListItem.Label]</label>
						<font>font1</font>
						<align>left</align>
						<include condition="Skin.HasSetting(text-autoscroll)">scrolltext</include>
						<animation effect="fade" time="100" delay="150">Focus</animation>
						<animation effect="zoom" end="135" center="120,60" time="200">Focus</animation>
						<visible>Control.HasFocus(9101)</visible>
					</control>
				</focusedlayout>
			</control>
			
			
			<!--<control type="button" id="10001">
				<animation condition="Control.HasFocus(9099)" effect="slide" start="0,0" end="0,-260" time="200">Conditonal</animation>
				<animation condition="Control.HasFocus(9098)" effect="slide" start="0,0" end="0,-660" time="200">Conditonal</animation>
				<animation condition="Control.HasFocus(9101)" effect="slide" start="0,0" end="0,-660" time="200">Conditonal</animation>
				<animation condition="Control.HasFocus(10001)" effect="slide" start="0,0" end="0,-660" time="200">Conditonal</animation>
				<animation condition="Control.HasFocus(10009)" effect="slide" start="0,0" end="0,-660" time="200">Conditonal</animation>
				<onright>10009</onright>
				<onleft>1009</onleft>
				<ondown>5555</ondown>
				<onup>9101</onup>
				<left>5</left>
				<top>1255</top>
				<width>110</width>
				<height>100</height>
				<texturefocus colordiffuse="FFFFAAFF">settings.png</texturefocus>
				<onclick>ActivateWindow(Settings,,return)</onclick>
				<texturenofocus>settings.png</texturenofocus>
			</control>
			<control type="button" id="10009">
				<animation condition="Control.HasFocus(9099)" effect="slide" start="0,0" end="0,-260" time="200">Conditonal</animation>
				<animation condition="Control.HasFocus(9098)" effect="slide" start="0,0" end="0,-660" time="200">Conditonal</animation>
				<animation condition="Control.HasFocus(9101)" effect="slide" start="0,0" end="0,-660" time="200">Conditonal</animation>
				<animation condition="Control.HasFocus(10001)" effect="slide" start="0,0" end="0,-660" time="200">Conditonal</animation>
				<animation condition="Control.HasFocus(10009)" effect="slide" start="0,0" end="0,-660" time="200">Conditonal</animation>
				<onright>10001</onright>
				<onleft>10001</onleft>
				<ondown>5555</ondown>
				<onup>9101</onup>
				<left>100</left>
				<top>1264</top>
				<width>88</width>
				<height>88</height>
				<texturefocus colordiffuse="FFFFAAFF">power_button.png</texturefocus>
				<onclick>$VAR[QuitAction]</onclick>
				<texturenofocus>power_button.png</texturenofocus>
			</control>-->
			<!--<control type="image"> Hide third row of icons if still in the first two rows of panel 
				<left>0</left>
				<top>620</top>
				<width>1280</width>
				<height>100</height>
				<texture>colours/black.png</texture>
				<visible>[Container(9000).Row(0) | Container(9000).Row(1)] + !Container(9000).HasPrevious()</visible>
			</control>-->
			<!-- RSS info 
			<control type="group" id="9940">
				<visible>![Skin.HasSetting(media-overlay) + [Player.HasAudio | Player.HasVideo]]</visible>
				<include condition="system.getbool(lookandfeel.enablerssfeeds)">page-info</include>
			</control>-->
			<control type="group">
				<visible>[Container(9000).Row(0) | Container(9000).Row(1)] + !Container(9000).HasPrevious()</visible>
			<!-- Home media overlay -->
				<include>home-mediaoverlay</include>
			</control>
			
			<control type="group" id="9800"><!-- Shelf icons-->
				<animation condition="Control.HasFocus(9099)|Control.HasFocus(10001)|Control.HasFocus(10009)|Control.HasFocus(9098)|Control.HasFocus(9102)|Control.HasFocus(9101)|Control.HasFocus(9103)|Control.HasFocus(9104)" effect="slide" start="0,0" end="0,-360" time="200">Conditonal</animation>
				<top>20</top>
				<animation condition="Control.HasFocus(9099)|Control.HasFocus(10001)|Control.HasFocus(10009)|Control.HasFocus(9098)|Control.HasFocus(9101)" effect="slide" start="0,0" end="0,-360" time="200">Conditonal</animation>
				<control type="group" id="9155"><!-- Movie icons -->
					<!--<visible>StringCompare(Container(9000).ListItem.Label2,$LOCALIZE[31026])</visible>-->
					<visible>Container(9000).Hasfocus(2)</visible>
					<control type="group">
						<!--<visible>StringCompare(Skin.String(shelf-movieimages),$LOCALIZE[31953]) | !IntegerGreaterThan(Container(9160).NumItems,0)</visible>-->
						<visible>true</visible>
						<!--<control type="image">
							<left>552</left>
							<top>38</top>
							<width>176</width>
							<height>176</height>
							<texture>skin-logo-big.png</texture>
						</control>
						<control type="image">
							<left>552</left>
							<top>214</top>
							<width>176</width>
							<height>176</height>
							<texture flipy="true" diffuse="mask-fade.png">skin-logo-big.png</texture>
						</control>-->
					</control>
					<control type="group">
						<!--<visible>System.HasAddon(service.skin.widgets) + ![StringCompare(Skin.String(shelf-movieimages),$LOCALIZE[31953])]</visible>-->
						<visible>true</visible>
						<include file="Includes_Shelf.xml">movie-shelficons</include>
					</control>
				</control>
				<control type="group" id="9205"><!-- TV Shows icons -->
					<animation condition="Control.HasFocus(9099)|Control.HasFocus(10001)|Control.HasFocus(10009)|Control.HasFocus(9098)|Control.HasFocus(9102)|Control.HasFocus(9101)|Control.HasFocus(9103)|Control.HasFocus(9104)" effect="slide" start="0,0" end="0,-360" time="200">Conditonal</animation>
					<!--<visible>StringCompare(Container(9000).ListItem.Label2,$LOCALIZE[20343])|Container(9000).HasFocus(4)</visible>-->
					<visible>Container(9000).Hasfocus(3)|Container(9000).Hasfocus(4)</visible>
					<control type="group">
						<visible>true</visible>
						<!--<control type="image">
							<left>552</left>
							<top>38</top>
							<width>176</width>
							<height>176</height>
							<texture>skin-logo-big.png</texture>
						</control>
						<control type="image">
							<left>552</left>
							<top>214</top>
							<width>176</width>
							<height>176</height>
							<texture flipy="true" diffuse="mask-fade.png">skin-logo-big.png</texture>
						</control>-->
					</control>
					<control type="group">
						<!--<visible>System.HasAddon(service.skin.widgets) + ![StringCompare(Skin.String(shelf-tvshowimages),$LOCALIZE[31953])]</visible>-->
						<visible>true</visible>
						<include file="Includes_Shelf.xml">tvshow-shelficons</include>
					</control>
				</control>
				<control type="group" id="9255"><!-- Music icons -->
					<animation condition="Control.HasFocus(9099)|Control.HasFocus(10001)|Control.HasFocus(10009)|Control.HasFocus(9098)|Control.HasFocus(9102)|Control.HasFocus(9101)|Control.HasFocus(9103)|Control.HasFocus(9104)" effect="slide" start="0,0" end="0,-360" time="200">Conditonal</animation>
					<!--<visible>StringCompare(Container(9000).ListItem.Label2,$LOCALIZE[2])</visible>-->
					<visible>Container(9000).Hasfocus(5)</visible>
					<control type="group">
						<!--<visible>StringCompare(Skin.String(shelf-musicimages),$LOCALIZE[31953]) | !IntegerGreaterThan(Container(9260).NumItems,0)</visible>-->
						<visible>true</visible>
						<!--<control type="image">
							<left>552</left>
							<top>38</top>
							<width>176</width>
							<height>176</height>
							<texture>skin-logo-big.png</texture>
						</control>
						<control type="image">
							<left>552</left>
							<top>214</top>
							<width>176</width>
							<height>176</height>
							<texture flipy="true" diffuse="mask-fade.png">skin-logo-big.png</texture>
						</control>-->
					</control>
					<control type="group">
						<!--<visible>System.HasAddon(service.skin.widgets) + ![StringCompare(Skin.String(shelf-musicimages),$LOCALIZE[31953])]</visible>-->
						<visible>true</visible>
						<include file="Includes_Shelf.xml">music-shelficons</include>
					</control>
				</control>
				<control type="group" id="9256"><!-- addons icons -->
					<animation condition="Control.HasFocus(9099)|Control.HasFocus(10001)|Control.HasFocus(10009)|Control.HasFocus(9098)|Control.HasFocus(9102)|Control.HasFocus(9101)|Control.HasFocus(9103)|Control.HasFocus(9104)" effect="slide" start="0,0" end="0,-360" time="200">Conditonal</animation>
					<visible>Container(9000).Hasfocus(6)</visible>
					<control type="group">
						<visible>true</visible>
					</control>
					<control type="group">
						<visible>true</visible>
						<include file="Includes_Shelf.xml">addons-shelficons</include>
					</control>
				</control>
				<control type="group" id="9801"><!-- Weather icons -->
					<visible>StringCompare(Container(9000).ListItem.Label2,$LOCALIZE[8])</visible>
					<control type="group">
						<visible>!Weather.IsFetched</visible>
						<control type="image">
							<left>552</left>
							<top>38</top>
							<width>176</width>
							<height>176</height>
							<texture>icon-weather.png</texture>
						</control>
						<control type="image">
							<left>552</left>
							<top>214</top>
							<width>176</width>
							<height>176</height>
							<texture flipy="true" diffuse="mask-fade.png">icon-weather.png</texture>
						</control>
					</control>
					<control type="group">
						<visible>Weather.IsFetched</visible>
						<include condition="!IsEmpty(Weather.plugin) + [Skin.HasSetting(home-weather) | Skin.HasSetting(home-currentweather)]" file="Includes_Shelf.xml">ShelfWeather</include>
					</control>
				</control>
				<control type="group" id="9802"><!-- Default Shelf image -->
					<animation condition="Control.HasFocus(9099)|Control.HasFocus(10001)|Control.HasFocus(10009)|Control.HasFocus(9098)|Control.HasFocus(9102)|Control.HasFocus(9101)|Control.HasFocus(9103)|Control.HasFocus(9104)" effect="slide" start="0,0" end="0,-360" time="200">Conditonal</animation>
					<visible>StringCompare(Container(9000).ListItem.Label2,$LOCALIZE[571])</visible>
					<control type="group"><!-- Use skin supplied image if no watermark image is available -->
						<visible>IsEmpty(Skin.String(custom-watermark))</visible>
						<control type="image">
							<left>464</left>
							<top>38</top>
							<width>352</width>
							<height>176</height>
							<aspectratio>keep</aspectratio>
							<texture background="true">skin-logo-big.png</texture>
						</control>
						<control type="image">
							<left>464</left>
							<top>214</top>
							<width>352</width>
							<height>176</height>
							<aspectratio scalediffuse="true">keep</aspectratio>
							<texture flipy="true" diffuse="mask-fade.png">skin-logo-big.png</texture>
						</control>
					</control>
					<control type="group"><!-- Use user supplied watermark image if available -->
						<visible>!IsEmpty(Skin.String(custom-watermark))</visible>
						<control type="image">
							<left>552</left>
							<top>38</top>
							<width>176</width>
							<height>176</height>
							<texture>$INFO[Skin.String(custom-watermark)]</texture>
						</control>
						<control type="image">
							<left>552</left>
							<top>214</top>
							<width>176</width>
							<height>176</height>
							<texture flipy="true" diffuse="mask-fade.png">$INFO[Skin.String(custom-watermark)]</texture>
						</control>
					</control>
				</control>
			</control>
			
		</control>
	</include>
</includes>
