<?xml version="1.0" encoding="UTF-8"?>
<window>
	<defaultcontrol>214</defaultcontrol>
	<include>screen-fade</include>
	<animation effect="fade" end="0" time="200" condition="Window.IsVisible(visualisationsettings) | Window.IsVisible(visualisationpresetlist)">Conditional</animation>	
	<controls>
		<control type="image">
			<include>fullscreenimage</include>
			<texture>background.png</texture>
			<colordiffuse>osd-background</colordiffuse>
		</control>
		<control type="grouplist" id="999">
			<left>40</left>
			<top>31</top>
			<width>1200</width>
			<height>60</height>
			<itemgap>6</itemgap>
			<scrolltime>200</scrolltime>
			<orientation>horizontal</orientation>
			<align>center</align>
			<onleft>999</onleft>
			<onright>999</onright>
			<onup>999</onup>
			<ondown>999</ondown>
			<visible>true</visible>
			<control type="togglebutton" id="908">
				<width>60</width>
				<height>60</height>
				<texturefocus>osd-btn-playthru-focus.png</texturefocus>
				<texturenofocus>osd-btn-playthru.png</texturenofocus>
				<usealttexture>Playlist.IsRandom</usealttexture>
				<alttexturefocus>osd-btn-random-focus.png</alttexturefocus>
				<alttexturenofocus>osd-btn-random.png</alttexturenofocus>
				<onclick>PlayerControl(Random)</onclick>
			</control>
			<control type="group" id="925">
				<width>60</width>
				<height>60</height>
				<visible>true</visible>
				<control type="button" id="912">
					<width>60</width>
					<height>60</height>
					<onleft>908</onleft>
					<onright>918</onright>
					<texturefocus>-</texturefocus>
					<texturenofocus>-</texturenofocus>
					<onclick>PlayerControl(Repeat)</onclick>
				</control>
				<control type="image">
					<width>60</width>
					<height>60</height>
					<texture>osd-btn-repeat.png</texture>
					<visible>!Playlist.IsRepeat + !Playlist.IsRepeatOne</visible>
					<visible>!Control.HasFocus(912)</visible>
				</control>
				<control type="image">
					<width>60</width>
					<height>60</height>
					<texture>osd-btn-repeat-focus.png</texture>
					<visible>!Playlist.IsRepeat + !Playlist.IsRepeatOne</visible>
					<visible>Control.HasFocus(912)</visible>
				</control>
				<control type="image">
					<width>60</width>
					<height>60</height>
					<texture>osd-btn-repeatone.png</texture>
					<visible>Playlist.IsRepeatOne</visible>
					<visible>!Control.HasFocus(912)</visible>
				</control>
				<control type="image">
					<width>60</width>
					<height>60</height>
					<texture>osd-btn-repeatone-focus.png</texture>
					<visible>Playlist.IsRepeatOne</visible>
					<visible>Control.HasFocus(912)</visible>
				</control>
				<control type="image">
					<width>60</width>
					<height>60</height>
					<texture>osd-btn-repeatall.png</texture>
					<visible>Playlist.IsRepeat</visible>
					<visible>!Control.HasFocus(912)</visible>
				</control>
				<control type="image">
					<width>60</width>
					<height>60</height>
					<texture>osd-btn-repeatall-focus.png</texture>
					<visible>Playlist.IsRepeat</visible>
					<visible>Control.HasFocus(912)</visible>
				</control>
			</control>
			<control type="button" id="918">
				<width>60</width>
				<height>60</height>
				<texturefocus>osd-btn-playlist-focus.png</texturefocus>
				<texturenofocus>osd-btn-playlist.png</texturenofocus>
				<onclick>ActivateWindow(musicplaylist )</onclick>
			</control>
			<control type="image" id="930"><!-- Dummy -->
				<width>42</width>
				<height>60</height>
				<texture>-</texture>
			</control>
			<control type="button" id="217"><!-- Eject Disk -->
				<width>60</width>
				<height>60</height>
				<texturefocus>osd-btn-eject-focus.png</texturefocus>
				<texturenofocus>osd-btn-eject.png</texturenofocus>
				<onclick>EjectTray()</onclick>
				<onclick>SetFocus(214)</onclick>
				<visible>System.HasMediadvd</visible>
			</control>
			<control type="button" id="210"><!-- Skip Back -->
				<width>60</width>
				<height>60</height>
				<texturefocus>osd-btn-skipback-focus.png</texturefocus>
				<texturenofocus>osd-btn-skipback.png</texturenofocus>
				<onclick>PlayerControl(Previous)</onclick>
			</control>
			<control type="button" id="211"><!-- Rewind -->
				<width>60</width>
				<height>60</height>
				<texturefocus>osd-btn-rewind-focus.png</texturefocus>
				<texturenofocus>osd-btn-rewind.png</texturenofocus>
				<onclick>PlayerControl(Rewind)</onclick>
			</control>
			<control type="togglebutton" id="213"><!-- Play/Pause -->
				<width>60</width>
				<height>60</height>
				<texturefocus>osd-btn-pause-focus.png</texturefocus>
				<texturenofocus>osd-btn-pause.png</texturenofocus>
				<usealttexture>Player.Paused | Player.Forwarding | Player.Rewinding</usealttexture>
				<alttexturefocus>osd-btn-play-focus.png</alttexturefocus>
				<alttexturenofocus>osd-btn-play.png</alttexturenofocus>
				<onclick>PlayerControl(Play)</onclick>
			</control>
			<control type="button" id="214"><!-- Stop -->
				<width>60</width>
				<height>60</height>
				<texturefocus>osd-btn-stop-focus.png</texturefocus>
				<texturenofocus>osd-btn-stop.png</texturenofocus>
				<onclick>PlayerControl(Stop)</onclick>
			</control>
			<control type="button" id="215"><!-- Fast Forward -->
				<width>60</width>
				<height>60</height>
				<texturefocus>osd-btn-fastfwd-focus.png</texturefocus>
				<texturenofocus>osd-btn-fastfwd.png</texturenofocus>
				<onclick>PlayerControl(Forward)</onclick>
			</control>
			<control type="button" id="216"><!-- Skip Forward -->
				<width>60</width>
				<height>60</height>
				<texturefocus>osd-btn-skipfwd-focus.png</texturefocus>
				<texturenofocus>osd-btn-skipfwd.png</texturenofocus>
				<onclick>PlayerControl(Next)</onclick>
			</control>
			<control type="button" id="3"><!-- Record -->
				<width>60</width>
				<height>60</height>
				<texturefocus>osd-btn-rec-focus.png</texturefocus>
				<texturenofocus>osd-btn-rec.png</texturenofocus>
				<onclick>PlayerControl(Record)</onclick>
				<visible>Player.CanRecord</visible>
			</control>
			<control type="image" id="940"><!-- Dummy -->
				<width>42</width>
				<height>60</height>
				<texture>-</texture>
			</control>
			<control type="togglebutton" id="950"><!-- Lyrics -->
				<width>60</width>
				<height>60</height>
				<texturenofocus>osd-btn-lyric.png</texturenofocus>
				<texturefocus>osd-btn-lyric-focus.png</texturefocus>
				<alttexturenofocus>osd-btn-lyric.png</alttexturenofocus>
				<alttexturefocus>osd-btn-lyric-focus.png</alttexturefocus>
				<onclick>Skin.SetAddon(osd-lyricpath,xbmc.python.lyrics)</onclick>
				<onclick>Dialog.Close(musicosd)</onclick>
				<onclick condition="!IsEmpty(Skin.String(osd-lyricpath))">RunScript($INFO[Skin.String(osd-lyricpath)])</onclick>
				<altclick>Skin.SetAddon(osd-lyricpath,xbmc.python.lyrics)</altclick>
				<altclick>Dialog.Close(musicosd)</altclick>
				<altclick>RunScript($INFO[Skin.String(osd-lyricpath)])</altclick>
				<usealttexture>IsEmpty(Skin.String(osd-lyricpath))</usealttexture>
			</control>
			<control type="button" id="220"><!-- Vis Preset List -->
				<width>60</width>
				<height>60</height>
				<texturefocus>osd-btn-vis-focus.png</texturefocus>
				<texturenofocus>osd-btn-vis.png</texturenofocus>
				<onclick>ActivateWindow(visualisationpresetlist)</onclick>
			</control>
			<control type="button" id="219"><!-- Vis Settings -->
				<width>60</width>
				<height>60</height>
				<texturefocus>osd-btn-setting-focus.png</texturefocus>
				<texturenofocus>osd-btn-setting.png</texturenofocus>
				<onclick>Addon.Default.OpenSettings(xbmc.player.musicviz)</onclick>
			</control>
		</control>
	</controls>
</window>