<?xml version="1.0" encoding="UTF-8"?>
<window>
	<defaultcontrol>14</defaultcontrol>
	<allowoverlay>no</allowoverlay>
	<views>14</views>
	<controls>
		<include>backgroundvideo</include>
		<include>Fake-Overlay</include>
		<control type="grouplist">
			<left>946</left>
			<top>35</top>
			<width>auto</width>
			<height>72</height>
			<align>left</align>
			<aligny>center</aligny>
			<orientation>horizontal</orientation>
			<control type="label"><!-- Video screen heading -->
				<width max="256">auto</width>
				<height>72</height>
				<label>$VAR[PVRHeading]</label>
				<font>font18</font>
				<wrapmultiline>true</wrapmultiline>
				<aligny>top</aligny>
			</control>
			<control type="label"><!-- Number of files -->
				<width max="80">auto</width>
				<height>72</height>
				<label>$INFO[Container.NumItems,(,)]</label>
				<aligny>top</aligny>
			</control>
		</control>

		<control type="group">
			<include file="View-PVR.xml">PVRTimerListView</include>
		</control>

		<control type="group"><!-- Screen Settings Menu -->
			<left>0</left>
			<top>720</top>
			<include>Screen-settings</include>
			<include>fadebackground</include>
			<control type="image"><!-- Button background -->
				<left>440</left>
				<top>130</top>
				<width>396</width>
				<height>452</height>
				<texture border="8">button-menu-background.png</texture>
			</control>
			<control type="grouplist" id="9000">
				<left>450</left>
				<top>140</top>
				<width>376</width>
				<height>432</height>
				<onright>14</onright>
				<onleft>14</onleft>
				<itemgap>0</itemgap>
				<control type="button" id="2"><!-- View as button -->
					<width>376</width>
					<height>48</height>
					<font>font11</font>
					<label>$LOCALIZE[100]</label>
				</control>
				<control type="button" id="3"><!-- Sort by button -->
					<width>376</width>
					<height>48</height>
					<font>font11</font>
					<label>$LOCALIZE[103]</label>
				</control>
				<control type="togglebutton" id="4"><!-- Sort direction button -->
					<width>376</width>
					<height>48</height>
					<label>$LOCALIZE[21429]: $LOCALIZE[21430]</label>
					<altlabel>$LOCALIZE[21429]: $LOCALIZE[21431]</altlabel>
					<font>font11</font>
				</control>
				<control type="button" id="28"><!--Change Channel Groups-->
					<width>376</width>
					<height>48</height>
					<label>-</label>
					<font>font11</font>
				</control>
				<control type="button" id="901"><!-- Channels -->
				<width>376</width>
					<height>48</height>
					<label>$LOCALIZE[19019]</label>
					<font>font11</font>
					<onclick condition="IsEmpty(Window.Property(IsRadio))">ActivateWindow(TVChannels)</onclick>
					<onclick condition="!IsEmpty(Window.Property(IsRadio))">ActivateWindow(RadioChannels)</onclick>
				</control>
				<control type="button" id="902"><!-- Guide -->
					<width>376</width>
					<height>48</height>
					<label>$LOCALIZE[22020]</label>
					<font>font11</font>
					<onclick condition="IsEmpty(Window.Property(IsRadio))">ActivateWindow(TVGuide)</onclick>
					<onclick condition="!IsEmpty(Window.Property(IsRadio))">ActivateWindow(RadioGuide)</onclick>
				</control>
				<control type="button" id="903"><!-- Recordings -->
					<width>376</width>
					<height>48</height>
					<label>$LOCALIZE[19163]</label>
					<font>font11</font>
					<onclick condition="IsEmpty(Window.Property(IsRadio))">ActivateWindow(TVRecordings)</onclick>
					<onclick condition="!IsEmpty(Window.Property(IsRadio))">ActivateWindow(RadioRecordings)</onclick>
				</control>
				<control type="button" id="904"><!-- Search -->
					<width>376</width>
					<height>48</height>
					<label>$LOCALIZE[137]</label>
					<font>font11</font>
					<onclick condition="IsEmpty(Window.Property(IsRadio))">ActivateWindow(TVSearch)</onclick>
					<onclick condition="!IsEmpty(Window.Property(IsRadio))">ActivateWindow(RadioSearch)</onclick>
				</control>
			</control>
		</control>
	</controls>
</window>
