<?xml version="1.0" encoding="UTF-8"?>
<window>
	<defaultcontrol always="true">9000</defaultcontrol>
	<allowoverlay>no</allowoverlay>
	<previouswindow>Home</previouswindow>
	<include>screen-fade</include>
	<controls>
		<control type="group"><!-- Weather screen background image -->
			<control type="image"><!-- Solid background -->
				<include>fullscreenimage</include>
				<texture>background.png</texture>
				<aspectratio>stretch</aspectratio>
				<visible>IsEmpty(Skin.String(background-custom))</visible>
			</control>
			<control type="image"><!-- Custom background -->
				<include>fullscreenimage</include>
				<texture>$INFO[Skin.String(background-custom)]</texture>
				<aspectratio>stretch</aspectratio>
				<visible>!IsEmpty(Skin.String(background-custom))</visible>
			</control>
			<control type="group">
				<control type="group">
					<visible>Window.IsActive(weather) + !IsEmpty(Skin.String(background-customweather)) + [!Player.HasVideo | !Player.HasAudio]</visible>
					<control type="multiimage"><!-- Use Custom weather condition backgrounds if location selected -->
						<include>fullscreenimage</include>
						<imagepath background="true">$INFO[Skin.String(background-customweather)]$INFO[Window(Weather).Property(Current.FanartCode)]</imagepath>
						<aspectratio>scale</aspectratio>
						<timeperimage>5000</timeperimage>
						<randomize>true</randomize>
						<fadetime>400</fadetime>
					</control>
				</control>
				<control type="group">
					<visible>Skin.HasSetting(background-playingmedia)</visible>
					<control type="group">
						<visible>Player.HasVideo</visible>
						<control type="videowindow">
							<include>fullscreenimage</include>
							<aspectratio>stretch</aspectratio>
						</control>
					</control>
					<control type="visualisation">
						<include>fullscreenimage</include>
						<aspectratio>stretch</aspectratio>
						<visible>Player.HasAudio</visible>
					</control>
				</control>
				<control type="group">
					<visible>Skin.HasSetting(background-slideshow) + Player.HasAudio + !SubString(Window(VideoLibrary).Property(TvTunesIsAlive),True)</visible>
					<control type="image"><!-- Mask out any backgrounds showing around ArtistSlideshow Fanart -->
						<include>fullscreenimage</include>
						<texture>colours/black.png</texture>
						<aspectratio>stretch</aspectratio>
					</control>
					<control type="multiimage"><!-- Backgroung ArtistSlideshow fanart image -->
						<include>fullscreenimage</include>
						<imagepath background="true">$INFO[Window(Visualisation).Property(ArtistSlideshow)]</imagepath>
						<aspectratio>keep</aspectratio>
						<timeperimage>5000</timeperimage>
						<fadetime>400</fadetime>
						<randomize>true</randomize>
					</control>
				</control>
			</control>
			<control type="image"><!-- Mask to fade background -->
				<include>fullscreenimage</include>
				<texture>colours/black.png</texture>
				<colordiffuse>mask-background</colordiffuse>
				<aspectratio>stretch</aspectratio>
				<include>background-fade</include>
				<visible>!IsEmpty(Skin.String(background-customweather)) | Skin.HasSetting(background-playingmedia) | Skin.HasSetting(background-slideshow)</visible>
			</control>
		</control>

		<control type="label"><!-- Weather heading label -->
			<left>946</left>
			<top>50</top>
			<width>314</width>
			<height>32</height>
			<label>$LOCALIZE[31032]</label>
			<font>font18</font>
		</control>

		<control type="group">
			<visible>Weather.IsFetched</visible>
			<control type="label"><!-- Weather location label -->
				<left>17</left>
				<top>2</top>
				<width>636</width>
				<height>37</height>
				<font>font18</font>
				<include condition="Skin.HasSetting(text-autoscroll)">scrolltext</include>
				<label>$INFO[Window(Weather).Property(Location)]</label>
			</control>
			<control type="label"><!-- Update label -->
				<left>17</left>
				<top>38</top>
				<width>636</width>
				<height>25</height>
				<font>font11</font>
				<label>$LOCALIZE[31531] - $INFO[Window(Weather).Property(Updated)]</label>
			</control>
			<control type="group">
				<control type="image"><!-- Weather provider logo -->
					<left>18</left>
					<top>63</top>
					<width>180</width>
					<height>45</height>
					<colordiffuse>DropShadow</colordiffuse>
					<aspectratio>keep</aspectratio>
					<texture>$INFO[Window(Weather).Property(WeatherProviderLogo)]</texture>
				</control>
				<control type="image"><!-- Weather provider logo (shadow) -->
					<left>17</left>
					<top>62</top>
					<width>180</width>
					<height>45</height>
					<aspectratio>keep</aspectratio>
					<texture>$INFO[Window(Weather).Property(WeatherProviderLogo)]</texture>
				</control>
			</control>
			<control type="label"><!-- Weather provider label -->
				<left>17</left>
				<top>64</top>
				<width>636</width>
				<height>20</height>
				<font>font11</font>
				<label>$INFO[Window(Weather).Property(WeatherProvider),$LOCALIZE[31536] - ]</label>
				<visible>IsEmpty(Window(Weather).Property(WeatherProviderLogo))</visible>
			</control>
		</control>

		<include file="Includes_Weather.xml">weather</include>

		<control type="grouplist" id="9000"><!-- Option buttons -->
			<left>40</left>
			<top>660</top>
			<width>1200</width>
			<height>50</height>
			<itemgap>0</itemgap>
			<scrolltime>200</scrolltime>
			<orientation>horizontal</orientation>
			<align>center</align>
			<control type="spincontrolex" id="3"><!-- Change location button -->
				<width>480</width>
				<height>50</height>
				<label>$LOCALIZE[31530] : </label>
			</control>
			<control type="button" id="2"><!-- Refresh button -->
				<width>240</width>
				<height>50</height>
				<label>$LOCALIZE[103]</label>
				<align>center</align>
			</control>
			<control type="togglebutton" id="999"><!-- Radar/forecast button -->
				<width>240</width>
				<height>50</height>
				<font>font11</font>
				<align>center</align>
				<label>$LOCALIZE[33035]</label>
				<altlabel>$LOCALIZE[31528]</altlabel>
				<onclick>Skin.ToggleSetting(showradar)</onclick>
				<usealttexture>Skin.HasSetting(showradar)</usealttexture>
				<visible>SubString(Weather.plugin,weather.ozweather)</visible>
			</control>
			<control type="button" id="4"><!-- Settings button -->
				<width>240</width>
				<height>50</height>
				<label>$LOCALIZE[5]</label>
				<align>center</align>
				<onclick>ActivateWindow(MyWeatherSettings)</onclick>
			</control>
		</control>
	</controls>
</window>
