<?xml version="1.0" encoding="UTF-8"?>
<window>
	<visible>!Window.IsVisible(startup)</visible>
	<controls>
		<control type="image" id="1"><!-- Pointer Image -->
			<width>32</width>
			<height>32</height>
			<texture>pointer.png</texture>
		</control>
		<control type="image" id="2"><!-- Pointer Focus Image -->
			<width>32</width>
			<height>32</height>
			<texture>pointer.png</texture>
		</control>
		<control type="image" id="3"><!-- Pointer Drag Image -->
			<width>32</width>
			<height>32</height>
			<texture>pointer-drag.png</texture>
		</control>
		<control type="image" id="4"><!-- Pointer Click Image -->
			<width>32</width>
			<height>32</height>
			<texture>pointer-drag.png</texture>
		</control>
	</controls>
</window>