<?xml version="1.0" encoding="UTF-8"?>
<window><!-- Record Prefs dialog for WMC PVR addon -->
	<defaultcontrol always="true">10</defaultcontrol>
	<include>screen-fade</include>
	<controls>
		<include>fadebackground</include>
		<control type="image"><!-- Dialog background image -->
			<left>295</left>
			<top>174</top>
			<width>690</width>
			<height>372</height>
			<texture border="8">button-menu-background.png</texture>
		</control>
		<control type="label"><!-- Heading -->
			<left>315</left>
			<top>186</top>
			<width>650</width>
			<height>37</height>
			<label>$ADDON[pvr.wmc 30100]</label>
		</control>
		<control type="label" id="20"><!-- Program title -->
			<left>315</left>
			<top>224</top>
			<width>650</width>
			<height>37</height>
			<align>center</align>
			<font>font12</font>
		</control>
		<control type="image">
			<left>315</left>
			<top>264</top>
			<width>650</width>
			<height>4</height>
			<texture>separator.png</texture>
		</control>
		<control type="group" id="9001">
			<control type="radiobutton" id="10"><!-- Episode rec -->
				<left>315</left>
				<top>274</top>
				<width>650</width>
				<height>37</height>
				<font>font11</font>
				<onright>9000</onright>
				<onup>15</onup>
				<ondown>11</ondown>
				<label>$ADDON[pvr.wmc 30101]</label>
				<radioposx>618</radioposx>
			</control>
			<control type="radiobutton" id="11"><!-- Series rec -->
				<left>315</left>
				<top>312</top>
				<width>650</width>
				<height>37</height>
				<font>font11</font>
				<onright>9000</onright>
				<onup>10</onup>
				<ondown>12</ondown>
				<label>$ADDON[pvr.wmc 30102]</label>
				<radioposx>618</radioposx>
			</control>
			<control type="spincontrolex" id="12"><!-- Series runtype -->
				<left>315</left>
				<top>350</top>
				<width>650</width>
				<height>37</height>
				<font>font11</font>
				<onright>9000</onright>
				<onup>11</onup>
				<ondown>13</ondown>
				<label>$ADDON[pvr.wmc 30103]</label>
			</control>
			<control type="spincontrolex" id="13"><!-- Channel series choice -->
				<left>315</left>
				<top>388</top>
				<width>650</width>
				<height>37</height>
				<font>font11</font>
				<onright>9000</onright>
				<onup>12</onup>
				<ondown>14</ondown>
				<label>$ADDON[pvr.wmc 30107]</label>
			</control>
			<control type="spincontrolex" id="14"><!-- Airtime series choice -->
				<left>315</left>
				<top>426</top>
				<width>650</width>
				<height>37</height>
				<font>font11</font>
				<onright>9000</onright>
				<onup>13</onup>
				<ondown>10</ondown>
				<label>$ADDON[pvr.wmc 30110]</label>
			</control>
		</control>
		<control type="group" id="9000">
			<control type="button" id="1"><!-- OK button -->
				<left>343</left>
				<top>484</top>
				<width>230</width>
				<height>50</height>
				<font>font12</font>
				<label>$LOCALIZE[186]</label>
				<onup>10</onup>
				<onright>2</onright>
			</control>
			<control type="button" id="2"><!-- Cancel button -->
				<left>657</left>
				<top>484</top>
				<width>230</width>
				<height>50</height>
				<font>font12</font>
				<label>$LOCALIZE[222]</label>
				<onup>10</onup>
				<onleft>1</onleft>
			</control>
		</control>
	</controls>
</window>