<?xml version="1.0" encoding="UTF-8"?>
<window>
	<include>screen-fade</include>
	<controls>
		<control type="list" id="100">
			<posx>-10</posx>
			<posy>-10</posy>
			<width>1</width>
			<height>1</height>
			<visible>false</visible>
			<itemlayout width="1" height="1"/>
			<focusedlayout width="1" height="1"/>
		</control>
		<control type="group">
			<control type="image"><!-- Solid background -->
				<include>fullscreenimage</include>
				<texture>background.png</texture>
				<visible>IsEmpty(Skin.String(background-custom))</visible>
			</control>
			<control type="image"><!-- Custom background -->
				<include>fullscreenimage</include>
				<aspectratio>stretch</aspectratio>
				<texture>$INFO[Skin.String(background-custom)]</texture>
				<visible>!IsEmpty(Skin.String(background-custom))</visible>
			</control>
			<control type="image"><!-- Fanart background -->
				<include>fullscreenimage</include>
				<aspectratio>scale</aspectratio>
				<texture>$INFO[Container(100).ListItem.Property(Fanart)]</texture>
				<visible>Skin.HasSetting(background-fanart)</visible>
			</control>
			<control type="image"><!-- Mask to fade backgrounds -->
				<include>fullscreenimage</include>
				<texture>colours/black.png</texture>
				<colordiffuse>mask-background</colordiffuse>
				<aspectratio>stretch</aspectratio>
				<include>background-fade</include>
				<visible>Skin.HasSetting(background-fanart)</visible>
			</control>
			<control type="grouplist"><!-- Media flags -->
				<visible>Control.IsVisible(110) | Control.IsVisible(140) | Control.IsVisible(150)</visible>
				<posx>120</posx>
				<posy>580</posy>
				<width>328</width>
				<height>60</height>
				<align>center</align>
				<orientation>horizontal</orientation>
				<itemgap>-10</itemgap>
				<animation effect="fade" start="0" end="100" time="1000">WindowOpen</animation>
				<control type="image" id="761">
					<width>1</width>
					<height>60</height>
					<colordiffuse>HideControl</colordiffuse>
					<texture background="true" fallback="blank.png">special://skin/extras/images/audio/$INFO[Container(100).ListItem.Property(AudioCodec),,.png]</texture>
					<visible>!IsEmpty(Container(100).ListItem.Property(AudioCodec))</visible>
				</control>
				<control type="image" id="762">
					<width>1</width>
					<height>60</height>
					<colordiffuse>HideControl</colordiffuse>
					<texture background="true" fallback="blank.png">special://skin/extras/images/video/$INFO[Container(100).ListItem.Property(VideoCodec),,.png]</texture>
					<visible>!IsEmpty(Container(100).ListItem.Property(VideoCodec))</visible>
				</control>
				<control type="image" id="763">
					<width>1</width>
					<height>60</height>
					<texture background="true" fallback="blank.png">special://skin/extras/images/aspectratio/$INFO[Container(100).ListItem.Property(VideoAspect),,.png]</texture>
					<colordiffuse>HideControl</colordiffuse>
					<visible>!IsEmpty(Container(100).ListItem.Property(VideoAspect))</visible>
				</control>
				<control type="image" id="764">
					<width>1</width>
					<height>60</height>
					<colordiffuse>HideControl</colordiffuse>
					<texture background="true" fallback="blank.png">special://skin/extras/images/resolution/$INFO[Container(100).ListItem.Property(VideoResolution),,.png]</texture>
					<visible>!IsEmpty(Container(100).ListItem.Property(VideoResolution))</visible>
				</control>
				<control type="image" id="771"><!-- Audio Codec -->
					<width>81</width>
					<height>60</height>
					<texture background="true">special://skin/extras/images/audio/$INFO[Container(100).ListItem.Property(AudioCodec),,.png]</texture>
					<visible>!IsEmpty(Container(100).ListItem.Property(AudioCodec)) + !StringCompare(Control.GetLabel(761),blank.png)</visible>
				</control>
				<control type="image" id="772"><!-- Video Codec -->
					<width>81</width>
					<height>60</height>
					<texture background="true">special://skin/extras/images/video/$INFO[Container(100).ListItem.Property(VideoCodec),,.png]</texture>
					<visible>!IsEmpty(Container(100).ListItem.Property(VideoCodec)) + !StringCompare(Control.GetLabel(762),blank.png)</visible>
				</control>
				<control type="image" id="773"><!-- Video Aspect Ratio -->
					<width>81</width>
					<height>60</height>
					<texture background="true">special://skin/extras/images/aspectratio/$INFO[Container(100).ListItem.Property(VideoAspect),,.png]</texture>
					<visible>!IsEmpty(Container(100).ListItem.Property(VideoAspect)) + !StringCompare(Control.GetLabel(763),blank.png)</visible>
				</control>
				<control type="image" id="774"><!-- Video Resolution -->
					<width>81</width>
					<height>60</height>
					<texture background="true">special://skin/extras/images/resolution/$INFO[Container(100).ListItem.Property(VideoResolution),,.png]</texture>
					<visible>!IsEmpty(Container(100).ListItem.Property(VideoResolution)) + !StringCompare(Control.GetLabel(764),blank.png)</visible>
				</control>
			</control>

			<control type="group" id="101">
				<control type="group"><!-- Movie Info -->
					<visible>Control.IsVisible(110)</visible>
					<posx>0</posx>
					<posy>50</posy>
					<control type="label"><!-- Title -->
						<posx>530</posx>
						<posy>-11</posy>
						<width>732</width>
						<height>40</height>
						<font>font22</font>
						<label>$INFO[Container(100).ListItem.Label]</label>
						<include condition="Skin.HasSetting(text-autoscroll)">scrolltext</include>
						<label>$INFO[Container(100).ListItem.Label]</label>
					</control>
					<control type="group"><!-- Studio -->
						<visible>!IsEmpty(Container(100).ListItem.Property(Studio))</visible>
						<control type="image">
							<posx>214</posx>
							<posy>2</posy>
							<width>106</width>
							<height>72</height>
							<aligny>bottom</aligny>
							<colordiffuse>DropShadow</colordiffuse>
							<aspectratio>keep</aspectratio>
							<texture fallback="blank.png">$INFO[Container(100).ListItem.Property(Studio),special://skin/extras/images/studios/,.png]</texture>
						</control>
						<control type="image">
							<posx>212</posx>
							<posy>0</posy>
							<width>106</width>
							<height>72</height>
							<aligny>bottom</aligny>
							<aspectratio>keep</aspectratio>
							<texture fallback="blank.png">$INFO[Container(100).ListItem.Property(Studio),special://skin/extras/images/studios/,.png]</texture>
						</control>
					</control>
					<control type="image"><!-- Cover Image -->
						<posx>122</posx>
						<posy>74</posy>
						<width>286</width>
						<height>412</height>
						<texture diffuse="mask-rect.png">$INFO[Container(100).ListItem.Icon]</texture>
						<aspectratio scalediffuse="false">scale</aspectratio>
					</control>
					<control type="image"><!-- Star Rating -->
						<posx>150</posx>
						<posy>498</posy>
						<width>215</width>
						<height>27</height>
						<colordiffuse>StarDiffuse</colordiffuse>
						<aspectratio>keep</aspectratio>
						<texture fallback="blank.png">$INFO[Container(100).ListItem.Property(StarRating)]</texture>
					</control>
					<control type="label"><!-- Genre -->
						<posx>530</posx>
						<posy>35</posy>
						<width>732</width>
						<height>37</height>
						<include condition="Skin.HasSetting(text-autoscroll)">scrolltext</include>
						<label>$INFO[Container(100).ListItem.Property(Genre)]</label>
						<textoffsetx>0</textoffsetx>
						<visible>!IsEmpty(Container(100).ListItem.Property(Genre))</visible>
					</control>
					<control type="image"><!-- Mpaa Rating -->
						<posx>530</posx>
						<posy>70</posy>
						<width>212</width>
						<height>62</height>
						<aligny>bottom</aligny>
						<texture>$VAR[GlobalSearchRating]</texture>
						<aspectratio>keep</aspectratio>
					</control>
					<control type="group"><!-- Duration -->
						<visible>!IsEmpty(Container(100).ListItem.Property(Duration))</visible>
						<control type="label">
							<posx>730</posx>
							<posy>76</posy>
							<width>265</width>
							<height>62</height>
							<align>center</align>
							<font>font18</font>
							<label>$INFO[Container(100).ListItem.Property(Duration)]</label>
							<visible>substring(Container(100).ListItem.Property(Duration),hrs)</visible>
						</control>
						<control type="label">
							<posx>730</posx>
							<posy>76</posy>
							<width>265</width>
							<height>62</height>
							<align>center</align>
							<font>font18</font>
							<label>$INFO[Container(100).ListItem.Property(Duration)]</label>
							<visible>substring(Container(100).ListItem.Property(Duration),min) + !substring(Container(100).ListItem.Property(Duration),hrs)</visible>
						</control>
						<control type="label">
							<posx>730</posx>
							<posy>76</posy>
							<width>265</width>
							<height>62</height>
							<align>center</align>
							<font>font18</font>
							<label>$INFO[Container(100).ListItem.Property(Duration),, mins]</label>
							<visible>!substring(Container(100).ListItem.Property(Duration),min)</visible>
						</control>
					</control>
					<control type="label"><!-- Year -->
						<posx>1226</posx>
						<posy>76</posy>
						<width>177</width>
						<height>62</height>
						<align>right</align>
						<font>font18</font>
						<label>$INFO[Container(100).ListItem.Property(Year)]</label>
					</control>
					<control type="image">
						<posx>530</posx>
						<posy>286</posy>
						<width>696</width>
						<height>4</height>
						<texture>separator.png</texture>
					</control>
					<control type="label"><!-- Plot -->
						<posx>530</posx>
						<posy>254</posy>
						<width>400</width>
						<height>32</height>
						<font>font18</font>
						<label>$LOCALIZE[207]</label>
					</control>
					<control type="textbox">
						<posx>530</posx>
						<posy>292</posy>
						<width>696</width>
						<height>296</height>
						<label fallback="161">$INFO[Container(100).ListItem.Property(Plot)]</label>
						<align>justify</align>
						<pagecontrol>113</pagecontrol>
						<autoscroll time="4000" delay="12000" repeat="8000">Skin.HasSetting(text-autoscroll)</autoscroll>
					</control>
					<control type="scrollbar" id="113"><!-- Movie Scrollbar -->
						<posx>1244</posx>
						<posy>292</posy>
						<width>18</width>
						<height>296</height>
						<onleft>190</onleft>
						<ondown>190</ondown>
						<animation condition="!Control.HasFocus(113) + !Container.Scrolling + !StringCompare(Skin.String(show-scrollbar),$LOCALIZE[31875])" effect="fade" start="100" end="0" time="200" reversible="true">Conditional</animation>
						<visible>!StringCompare(Skin.String(show-scrollbar),$LOCALIZE[31877])</visible>
					</control>
				</control>
				<control type="list" id="110">
					<posx>530</posx>
					<posy>190</posy>
					<width>694</width>
					<height>90</height>
					<onleft>110</onleft>
					<onright>110</onright>
					<onup>190</onup>
					<ondown>195</ondown>
					<scrolltime>200</scrolltime>
					<itemlayout width="694" height="30">
						<control type="label">
							<posx>0</posx>
							<posy>0</posy>
							<width>238</width>
							<height>30</height>
							<label>$INFO[ListItem.Label]</label>
						</control>
						<control type="label">
							<posx>240</posx>
							<posy>0</posy>
							<width>456</width>
							<height>30</height>
							<label>$INFO[ListItem.Label2]</label>
						</control>
					</itemlayout>
					<focusedlayout width="694" height="30">
						<control type="label">
							<posx>0</posx>
							<posy>0</posy>
							<width>238</width>
							<height>30</height>
							<label>$INFO[ListItem.Label]</label>
						</control>
						<control type="label">
							<posx>240</posx>
							<posy>0</posy>
							<width>456</width>
							<height>30</height>
							<label>$INFO[ListItem.Label2]</label>
						</control>
					</focusedlayout>
					<content>
						<item>
							<label>$LOCALIZE[20339]:</label>
							<label2>$INFO[Container(100).ListItem.Property(Director)]</label2>
							<onclick>noop</onclick>
							<visible>!IsEmpty(Container(100).ListItem.Property(Director))</visible>
						</item>
						<item>
							<label>$LOCALIZE[567]:</label>
							<label2>$INFO[Container(100).ListItem.Property(Playcount)]</label2>
							<onclick>noop</onclick>
							<visible>!IsEmpty(Container(100).ListItem.Property(Playcount))</visible>
						</item>
					</content>
				</control>
				<control type="group"><!-- TV Show info -->
					<visible>Control.IsVisible(120)</visible>
					<posx>0</posx>
					<posy>50</posy>
					<control type="label"><!-- Title -->
						<posx>530</posx>
						<posy>-11</posy>
						<width>732</width>
						<height>40</height>
						<font>font22</font>
						<label>$INFO[Container(100).ListItem.Label]</label>
						<include condition="Skin.HasSetting(text-autoscroll)">scrolltext</include>
					</control>
					<control type="group"><!-- Studio -->
						<visible>!IsEmpty(Container(100).ListItem.Property(Studio))</visible>
						<control type="image">
							<posx>214</posx>
							<posy>2</posy>
							<width>106</width>
							<height>72</height>
							<aligny>bottom</aligny>
							<colordiffuse>DropShadow</colordiffuse>
							<aspectratio>keep</aspectratio>
							<texture fallback="blank.png">$INFO[Container(100).ListItem.Property(Studio),special://skin/extras/images/studios/,.png]</texture>
						</control>
						<control type="image">
							<posx>212</posx>
							<posy>0</posy>
							<width>106</width>
							<height>72</height>
							<aligny>bottom</aligny>
							<aspectratio>keep</aspectratio>
							<texture fallback="blank.png">$INFO[Container(100).ListItem.Property(Studio),special://skin/extras/images/studios/,.png]</texture>
						</control>
					</control>
					<control type="image"><!-- Cover Image -->
						<posx>122</posx>
						<posy>74</posy>
						<width>286</width>
						<height>412</height>
						<texture diffuse="mask-rect.png">$INFO[Container(100).ListItem.Icon]</texture>
						<aspectratio scalediffuse="false">scale</aspectratio>
					</control>
					<control type="image"><!-- Star Rating -->
						<posx>150</posx>
						<posy>498</posy>
						<width>215</width>
						<height>27</height>
						<colordiffuse>StarDiffuse</colordiffuse>
						<aspectratio>keep</aspectratio>
						<texture fallback="blank.png">$INFO[Container(100).ListItem.Property(StarRating)]</texture>
					</control>
					<control type="label"><!-- Genre -->
						<posx>530</posx>
						<posy>35</posy>
						<width>732</width>
						<height>37</height>
						<include condition="Skin.HasSetting(text-autoscroll)">scrolltext</include>
						<label>$INFO[Container(100).ListItem.Property(Genre)]</label>
						<textoffsetx>0</textoffsetx>
						<visible>!IsEmpty(Container(100).ListItem.Property(Genre))</visible>
					</control>
					<control type="image"><!-- Mpaa Rating -->
						<posx>530</posx>
						<posy>70</posy>
						<width>212</width>
						<height>62</height>
						<aligny>bottom</aligny>
						<texture>$VAR[GlobalSearchRating]</texture>
						<aspectratio>keep</aspectratio>
					</control>
					<control type="label"><!-- Year -->
						<posx>1226</posx>
						<posy>76</posy>
						<width>177</width>
						<height>62</height>
						<align>right</align>
						<font>font18</font>
						<label>$INFO[Container(100).ListItem.Property(Year)]</label>
					</control>
					<control type="image">
						<posx>530</posx>
						<posy>286</posy>
						<width>696</width>
						<height>4</height>
						<texture>separator.png</texture>
					</control>
					<control type="label"><!-- Plot -->
						<posx>530</posx>
						<posy>254</posy>
						<width>400</width>
						<height>32</height>
						<font>font18</font>
						<label>$LOCALIZE[207]</label>
					</control>
					<control type="textbox">
						<posx>530</posx>
						<posy>292</posy>
						<width>696</width>
						<height>296</height>
						<label fallback="161">$INFO[Container(100).ListItem.Property(Plot)]</label>
						<align>justify</align>
						<pagecontrol>123</pagecontrol>
						<autoscroll time="4000" delay="12000" repeat="8000">Skin.HasSetting(text-autoscroll)</autoscroll>
					</control>
					<control type="scrollbar" id="123"><!-- TV Show Scrollbar -->
						<posx>1244</posx>
						<posy>292</posy>
						<width>18</width>
						<height>296</height>
						<onleft>190</onleft>
						<ondown>190</ondown>
						<animation condition="!Control.HasFocus(123) + !Container.Scrolling + !StringCompare(Skin.String(show-scrollbar),$LOCALIZE[31875])" effect="fade" start="100" end="0" time="200" reversible="true">Conditional</animation>
						<visible>!StringCompare(Skin.String(show-scrollbar),$LOCALIZE[31877])</visible>
					</control>
				</control>
				<control type="list" id="120">
					<posx>530</posx>
					<posy>190</posy>
					<width>694</width>
					<height>90</height>
					<onleft>120</onleft>
					<onright>120</onright>
					<onup>190</onup>
					<ondown>195</ondown>
					<scrolltime>200</scrolltime>
					<itemlayout width="694" height="30">
						<control type="label">
							<posx>0</posx>
							<posy>0</posy>
							<width>238</width>
							<height>30</height>
							<label>$INFO[ListItem.Label]</label>
						</control>
						<control type="label">
							<posx>240</posx>
							<posy>0</posy>
							<width>456</width>
							<height>30</height>
							<label>$INFO[ListItem.Label2]</label>
						</control>
					</itemlayout>
					<focusedlayout width="694" height="30">
						<control type="label">
							<posx>0</posx>
							<posy>0</posy>
							<width>238</width>
							<height>30</height>
							<label>$INFO[ListItem.Label]</label>
						</control>
						<control type="label">
							<posx>240</posx>
							<posy>0</posy>
							<width>456</width>
							<height>30</height>
							<label>$INFO[ListItem.Label2]</label>
						</control>
					</focusedlayout>
					<content>
						<item>
							<label>$LOCALIZE[20360]:</label>
							<label2>$INFO[Container(100).ListItem.Property(Episode)]</label2>
							<onclick>noop</onclick>
							<visible>!IsEmpty(Container(100).ListItem.Property(Episode))</visible>
						</item>
						<item>
							<label>$LOCALIZE[20416]:</label>
							<label2>$INFO[Container(100).ListItem.Property(Premiered)]</label2>
							<onclick>noop</onclick>
							<visible>!IsEmpty(Container(100).ListItem.Property(Premiered))</visible>
						</item>
						<item>
							<label>$LOCALIZE[567]:</label>
							<label2>$INFO[Container(100).ListItem.Property(Playcount)]</label2>
							<onclick>noop</onclick>
							<visible>!IsEmpty(Container(100).ListItem.Property(Playcount))</visible>
						</item>
					</content>
				</control>
				<control type="group"><!-- TV Season info -->
					<visible>Control.IsVisible(130)</visible>
					<posx>0</posx>
					<posy>50</posy>
					<control type="label"><!-- Show Title -->
						<posx>531</posx>
						<posy>-11</posy>
						<width>708</width>
						<height>40</height>
						<font>font22</font>
						<label>$INFO[Container(100).ListItem.Property(TVShowTitle]</label>
						<include condition="Skin.HasSetting(text-autoscroll)">scrolltext</include>
					</control>
					<control type="image"><!-- Cover Image -->
						<posx>72</posx>
						<posy>46</posy>
						<width>384</width>
						<height>384</height>
						<texture fallback="DefaultTvshows.png" diffuse="mask-rect.png">$INFO[Container(100).ListItem.Icon]</texture>
						<aspectratio scalediffuse="false">keep</aspectratio>
					</control>
				</control>
				<control type="list" id="130">
					<posx>530</posx>
					<posy>190</posy>
					<width>694</width>
					<height>90</height>
					<onleft>130</onleft>
					<onright>130</onright>
					<onup>190</onup>
					<ondown>195</ondown>
					<scrolltime>200</scrolltime>
					<itemlayout width="694" height="30">
						<control type="label">
							<posx>0</posx>
							<posy>0</posy>
							<width>238</width>
							<height>30</height>
							<label>$INFO[ListItem.Label]</label>
						</control>
						<control type="label">
							<posx>240</posx>
							<posy>0</posy>
							<width>456</width>
							<height>30</height>
							<label>$INFO[ListItem.Label2]</label>
						</control>
					</itemlayout>
					<focusedlayout width="694" height="30">
						<control type="label">
							<posx>0</posx>
							<posy>0</posy>
							<width>238</width>
							<height>30</height>
							<label>$INFO[ListItem.Label]</label>
						</control>
						<control type="label">
							<posx>240</posx>
							<posy>0</posy>
							<width>456</width>
							<height>30</height>
							<label>$INFO[ListItem.Label2]</label>
						</control>
					</focusedlayout>
					<content>
						<item>
							<label>$LOCALIZE[20360]:</label>
							<label2>$INFO[Container(100).ListItem.Property(Episode)]</label2>
							<onclick>noop</onclick>
							<visible>!IsEmpty(Container(100).ListItem.Property(Episode))</visible>
						</item>
						<item>
							<label>$LOCALIZE[567]:</label>
							<label2>$INFO[Container(100).ListItem.Property(Playcount)]</label2>
							<onclick>noop</onclick>
							<visible>!IsEmpty(Container(100).ListItem.Property(Playcount))</visible>
						</item>
					</content>
				</control>
				<control type="group"><!-- TV Episode info -->
					<visible>Control.IsVisible(140)</visible>
					<posx>0</posx>
					<posy>50</posy>
					<control type="label"><!-- Show Title -->
						<posx>531</posx>
						<posy>-11</posy>
						<width>708</width>
						<height>40</height>
						<font>font22</font>
						<label>$INFO[Container(100).ListItem.Property(TVShowTitle]</label>
						<include condition="Skin.HasSetting(text-autoscroll)">scrolltext</include>
					</control>
					<control type="label"><!-- Title -->
						<posx>531</posx>
						<posy>31</posy>
						<width>708</width>
						<height>40</height>
						<font>font18</font>
						<label>$INFO[Container(100).ListItem.Label]</label>
						<include condition="Skin.HasSetting(text-autoscroll)">scrolltext</include>
					</control>
					<control type="image"><!-- Star Rating -->
						<posx>150</posx>
						<posy>-10</posy>
						<width>215</width>
						<height>27</height>
						<colordiffuse>StarDiffuse</colordiffuse>
						<aspectratio>keep</aspectratio>
						<texture fallback="blank.png">$INFO[Container(100).ListItem.Property(StarRating)]</texture>
					</control>
					<control type="image"><!-- Cover Image -->
						<posx>72</posx>
						<posy>46</posy>
						<width>384</width>
						<height>384</height>
						<texture fallback="DefaultTvshows.png" diffuse="mask-rect.png">$INFO[Container(100).ListItem.Icon]</texture>
						<aspectratio>keep</aspectratio>
					</control>
					<control type="group"><!-- Duration -->
						<visible>!IsEmpty(Container(100).ListItem.Property(Duration))</visible>
						<control type="label">
							<posx>769</posx>
							<posy>62</posy>
							<width>265</width>
							<height>62</height>
							<font>font18</font>
							<label>$INFO[Container(100).ListItem.Property(Duration)]</label>
							<visible>substring(Container(100).ListItem.Property(Duration),hrs)</visible>
						</control>
						<control type="label">
							<posx>769</posx>
							<posy>62</posy>
							<width>265</width>
							<height>62</height>
							<font>font18</font>
							<label>$INFO[Container(100).ListItem.Property(Duration)]</label>
							<visible>substring(Container(100).ListItem.Property(Duration),min) + !substring(Container(100).ListItem.Property(Duration),hrs)</visible>
						</control>
						<control type="label">
							<posx>769</posx>
							<posy>62</posy>
							<width>265</width>
							<height>62</height>
							<font>font18</font>
							<label>$INFO[Container(100).ListItem.Property(Duration),, mins]</label>
							<visible>!substring(Container(100).ListItem.Property(Duration),min)</visible>
						</control>
					</control>
					<control type="label"><!-- Plot -->
						<posx>531</posx>
						<posy>280</posy>
						<width>265</width>
						<height>27</height>
						<font>font18</font>
						<label>$LOCALIZE[207]</label>
					</control>
					<control type="textbox">
						<posx>531</posx>
						<posy>307</posy>
						<width>654</width>
						<height>296</height>
						<label fallback="161">$INFO[Container(100).ListItem.Property(Plot)]</label>
						<align>justify</align>
						<pagecontrol>143</pagecontrol>
						<autoscroll time="4000" delay="12000" repeat="8000">Skin.HasSetting(text-autoscroll)</autoscroll>
					</control>
					<control type="scrollbar" id="143"><!-- Episode Scrollbar -->
						<posx>1244</posx>
						<posy>292</posy>
						<width>18</width>
						<height>296</height>
						<onleft>190</onleft>
						<ondown>190</ondown>
						<animation condition="!Control.HasFocus(143) + !Container.Scrolling + !StringCompare(Skin.String(show-scrollbar),$LOCALIZE[31875])" effect="fade" start="100" end="0" time="200" reversible="true">Conditional</animation>
						<visible>!StringCompare(Skin.String(show-scrollbar),$LOCALIZE[31877])</visible>
					</control>
				</control>
				<control type="list" id="140">
					<posx>530</posx>
					<posy>190</posy>
					<width>694</width>
					<height>120</height>
					<onleft>140</onleft>
					<onright>140</onright>
					<onup>190</onup>
					<ondown>195</ondown>
					<scrolltime>200</scrolltime>
					<itemlayout width="694" height="30">
						<control type="label">
							<posx>0</posx>
							<posy>0</posy>
							<width>238</width>
							<height>30</height>
							<label>$INFO[ListItem.Label]</label>
						</control>
						<control type="label">
							<posx>240</posx>
							<posy>0</posy>
							<width>456</width>
							<height>30</height>
							<label>$INFO[ListItem.Label2]</label>
						</control>
					</itemlayout>
					<focusedlayout width="694" height="30">
						<control type="label">
							<posx>0</posx>
							<posy>0</posy>
							<width>238</width>
							<height>30</height>
							<label>$INFO[ListItem.Label]</label>
						</control>
						<control type="label">
							<posx>240</posx>
							<posy>0</posy>
							<width>456</width>
							<height>30</height>
							<label>$INFO[ListItem.Label2]</label>
						</control>
					</focusedlayout>
					<content>
						<item>
							<label>$LOCALIZE[20373] $INFO[Container(100).ListItem.Property(Season)]</label>
							<label2>$LOCALIZE[20359] $INFO[Container(100).ListItem.Property(Episode)]</label2>
							<onclick>noop</onclick>
							<visible>!IsEmpty(Container(100).ListItem.Property(Season)) + !IsEmpty(Container(100).ListItem.Property(Episode))</visible>
						</item>
						<item>
							<label>$LOCALIZE[20339]:</label>
							<label2>$INFO[Container(100).ListItem.Property(Director)]</label2>
							<onclick>noop</onclick>
							<visible>!IsEmpty(Container(100).ListItem.Property(Director))</visible>
						</item>
						<item>
							<label>$LOCALIZE[20416]:</label>
							<label2>$INFO[Container(100).ListItem.Property(Premiered)]</label2>
							<onclick>noop</onclick>
							<visible>!IsEmpty(Container(100).ListItem.Property(Premiered))</visible>
						</item>
						<item>
							<label>$LOCALIZE[567]:</label>
							<label2>$INFO[Container(100).ListItem.Property(Playcount)]</label2>
							<onclick>noop</onclick>
							<visible>!IsEmpty(Container(100).ListItem.Property(Playcount))</visible>
						</item>
					</content>
				</control>
				<control type="group"><!-- Music Video info -->
					<visible>Control.IsVisible(150)</visible>
					<posx>0</posx>
					<posy>50</posy>
					<control type="group"><!-- Studio -->
						<visible>!IsEmpty(Container(100).ListItem.Property(Studio))</visible>
						<control type="image">
							<posx>422</posx>
							<posy>-30</posy>
							<width>106</width>
							<height>75</height>
							<aligny>bottom</aligny>
							<colordiffuse>DropShadow</colordiffuse>
							<aspectratio>keep</aspectratio>
							<texture fallback="blank.png">$INFO[Container(100).ListItem.Property(Studio),special://skin/extras/images/studios/,.png]</texture>
						</control>
						<control type="image">
							<posx>420</posx>
							<posy>-31</posy>
							<width>106</width>
							<height>75</height>
							<aligny>bottom</aligny>
							<aspectratio>keep</aspectratio>
							<texture fallback="blank.png">$INFO[Container(100).ListItem.Property(Studio),special://skin/extras/images/studios/,.png]</texture>
						</control>
					</control>
					<control type="label"><!-- Title -->
						<posx>531</posx>
						<posy>-11</posy>
						<width>708</width>
						<height>40</height>
						<font>font22</font>
						<label>$INFO[Container(100).ListItem.Label]</label>
						<include condition="Skin.HasSetting(text-autoscroll)">scrolltext</include>
					</control>
					<control type="label"><!-- Genre -->
						<posx>531</posx>
						<posy>35</posy>
						<width>708</width>
						<height>37</height>
						<include condition="Skin.HasSetting(text-autoscroll)">scrolltext</include>
						<label>$INFO[Container(100).ListItem.Property(Genre)]</label>
						<textoffsetx>0</textoffsetx>
						<visible>!IsEmpty(Container(100).ListItem.Property(Genre))</visible>
					</control>
					<control type="image"><!-- Cover Image -->
						<posx>72</posx>
						<posy>46</posy>
						<width>384</width>
						<height>384</height>
						<texture fallback="DefaultMusicVideos.png" diffuse="mask-rect.png">$INFO[Container(100).ListItem.Icon]</texture>
						<aspectratio scalediffuse="false">keep</aspectratio>
					</control>
					<control type="group"><!-- Duration -->
						<visible>!IsEmpty(Container(100).ListItem.Property(Duration))</visible>
						<control type="label">
							<posx>769</posx>
							<posy>62</posy>
							<width>265</width>
							<height>62</height>
							<font>font18</font>
							<label>$INFO[Container(100).ListItem.Property(Duration)]</label>
							<visible>substring(Container(100).ListItem.Property(Duration),hrs)</visible>
						</control>
						<control type="label">
							<posx>769</posx>
							<posy>62</posy>
							<width>265</width>
							<height>62</height>
							<font>font18</font>
							<label>$INFO[Container(100).ListItem.Property(Duration)]</label>
							<visible>substring(Container(100).ListItem.Property(Duration),min) + !substring(Container(100).ListItem.Property(Duration),hrs)</visible>
						</control>
						<control type="label">
							<posx>769</posx>
							<posy>62</posy>
							<width>265</width>
							<height>62</height>
							<font>font18</font>
							<label>$INFO[Container(100).ListItem.Property(Duration),, mins]</label>
							<visible>!substring(Container(100).ListItem.Property(Duration),min)</visible>
						</control>
					</control>

					<control type="label"><!-- Year -->
						<posx>1062</posx>
						<posy>62</posy>
						<width>177</width>
						<height>62</height>
						<font>font18</font>
						<label>$INFO[Container(100).ListItem.Property(Year)]</label>
					</control>
					<control type="label"><!-- Plot -->
						<posx>531</posx>
						<posy>275</posy>
						<width>265</width>
						<height>27</height>
						<font>font18</font>
						<label>$LOCALIZE[207]</label>
					</control>
					<control type="textbox">
						<posx>531</posx>
						<posy>302</posy>
						<width>654</width>
						<height>300</height>
						<font>font11</font>
						<label fallback="161">$INFO[Container(100).ListItem.Property(Plot)]</label>
						<align>justify</align>
						<autoscroll time="4000" delay="12000" repeat="8000">Skin.HasSetting(text-autoscroll)</autoscroll>
					</control>
				</control>
				<control type="list" id="150">
					<posx>530</posx>
					<posy>190</posy>
					<width>694</width>
					<height>120</height>
					<onleft>150</onleft>
					<onright>150</onright>
					<onup>190</onup>
					<ondown>195</ondown>
					<scrolltime>200</scrolltime>
					<itemlayout width="694" height="30">
						<control type="label">
							<posx>0</posx>
							<posy>0</posy>
							<width>238</width>
							<height>30</height>
							<label>$INFO[ListItem.Label]</label>
						</control>
						<control type="label">
							<posx>240</posx>
							<posy>0</posy>
							<width>456</width>
							<height>30</height>
							<label>$INFO[ListItem.Label2]</label>
						</control>
					</itemlayout>
					<focusedlayout width="694" height="30">
						<control type="label">
							<posx>0</posx>
							<posy>0</posy>
							<width>238</width>
							<height>30</height>
							<label>$INFO[ListItem.Label]</label>
						</control>
						<control type="label">
							<posx>240</posx>
							<posy>0</posy>
							<width>456</width>
							<height>30</height>
							<label>$INFO[ListItem.Label2]</label>
						</control>
					</focusedlayout>
					<content>
						<item>
							<label>$LOCALIZE[557]:</label>
							<label2>$INFO[Container(100).ListItem.Property(Artist)]</label2>
							<onclick>noop</onclick>
							<visible>!IsEmpty(Container(100).ListItem.Property(Artist))</visible>
						</item>
						<item>
							<label>$LOCALIZE[558]:</label>
							<label2>$INFO[Container(100).ListItem.Property(Album)]</label2>
							<onclick>noop</onclick>
							<visible>!IsEmpty(Container(100).ListItem.Property(Album))</visible>
						</item>
						<item>
							<label>$LOCALIZE[20339]:</label>
							<label2>$INFO[Container(100).ListItem.Property(Director)]</label2>
							<onclick>noop</onclick>
							<visible>!IsEmpty(Container(100).ListItem.Property(Director))</visible>
						</item>
						<item>
							<label>$LOCALIZE[567]:</label>
							<label2>$INFO[Container(100).ListItem.Property(Playcount)]</label2>
							<onclick>noop</onclick>
							<visible>!IsEmpty(Container(100).ListItem.Property(Playcount))</visible>
						</item>
					</content>
				</control>
				<control type="group"><!-- Artist info -->
					<visible>Control.IsVisible(160)</visible>
					<posx>0</posx>
					<posy>50</posy>
					<control type="label"><!-- Title -->
						<posx>531</posx>
						<posy>-11</posy>
						<width>708</width>
						<height>40</height>
						<font>font22</font>
						<label>$INFO[Container(100).ListItem.Label]</label>
						<include condition="Skin.HasSetting(text-autoscroll)">scrolltext</include>
					</control>
					<control type="image"><!-- Cover Image -->
						<posx>72</posx>
						<posy>46</posy>
						<width>384</width>
						<height>384</height>
						<texture fallback="DefaultAudio.png" diffuse="mask-squ.png">$INFO[Container(100).ListItem.Icon]</texture>
						<aspectratio scalediffuse="false">keep</aspectratio>
					</control>
					<control type="textbox">
						<posx>60</posx>
						<posy>488</posy>
						<width>1160</width>
						<height>114</height>
						<font>font11</font>
						<align>justify</align>
						<pagecontrol>195</pagecontrol>
						<label>$INFO[Container(100).ListItem.Property(Artist_Description)]</label>
						<autoscroll time="3000" delay="20000" repeat="5000">Skin.HasSetting(text-autoscroll)</autoscroll>
					</control>
				</control>
				<control type="list" id="160">
					<posx>430</posx>
					<posy>118</posy>
					<width>800</width>
					<height>440</height>
					<onleft>160</onleft>
					<onright>160</onright>
					<onup>190</onup>
					<ondown>195</ondown>
					<scrolltime>200</scrolltime>
					<itemlayout width="800" height="40">
						<control type="label">
							<posx>165</posx>
							<posy>0</posy>
							<width>165</width>
							<height>40</height>
							<font>font11</font>
							<align>right</align>
							<label>$INFO[ListItem.Label]</label>
						</control>
						<control type="label">
							<posx>175</posx>
							<posy>0</posy>
							<width>625</width>
							<height>40</height>
							<font>font11</font>
							<label>$INFO[ListItem.Label2]</label>
						</control>
					</itemlayout>
					<focusedlayout width="800" height="40">
						<control type="label">
							<posx>165</posx>
							<posy>0</posy>
							<width>165</width>
							<height>40</height>
							<font>font11</font>
							<align>right</align>
							<label>$INFO[ListItem.Label]</label>
						</control>
						<control type="label">
							<posx>175</posx>
							<posy>0</posy>
							<width>625</width>
							<height>40</height>
							<font>font11</font>
							<label>$INFO[ListItem.Label2]</label>
						</control>
					</focusedlayout>
					<content>
						<item>
							<label>$LOCALIZE[21893]:</label>
							<label2>$INFO[Container(100).ListItem.Property(Artist_Born)]</label2>
							<onclick>noop</onclick>
							<visible>!IsEmpty(Container(100).ListItem.Property(Artist_Born))</visible>
						</item>
						<item>
							<label>$LOCALIZE[21894]:</label>
							<label2>$INFO[Container(100).ListItem.Property(Artist_Formed)]</label2>
							<onclick>noop</onclick>
							<visible>!IsEmpty(Container(100).ListItem.Property(Artist_Formed))</visible>
						</item>
						<item>
							<label>$LOCALIZE[21897]:</label>
							<label2>$INFO[Container(100).ListItem.Property(Artist_Died)]</label2>
							<onclick>noop</onclick>
							<visible>!IsEmpty(Container(100).ListItem.Property(Artist_Died))</visible>
						</item>
						<item>
							<label>$LOCALIZE[21896]:</label>
							<label2>$INFO[Container(100).ListItem.Property(Artist_Disbanded)]</label2>
							<onclick>noop</onclick>
							<visible>!IsEmpty(Container(100).ListItem.Property(Artist_Disbanded))</visible>
						</item>
						<item>
							<label>$LOCALIZE[21898]:</label>
							<label2>$INFO[Container(100).ListItem.Property(Artist_YearsActive)]</label2>
							<onclick>noop</onclick>
							<visible>!IsEmpty(Container(100).ListItem.Property(Artist_YearsActive))</visible>
						</item>
						<item>
							<label>$LOCALIZE[175]:</label>
							<label2>$INFO[Container(100).ListItem.Property(Artist_Mood)]</label2>
							<onclick>noop</onclick>
							<visible>!IsEmpty(Container(100).ListItem.Property(Artist_Mood))</visible>
						</item>
						<item>
							<label>$LOCALIZE[176]:</label>
							<label2>$INFO[Container(100).ListItem.Property(Artist_Style)]</label2>
							<onclick>noop</onclick>
							<visible>!IsEmpty(Container(100).ListItem.Property(Artist_Style))</visible>
						</item>
						<item>
							<label>$LOCALIZE[515]:</label>
							<label2>$INFO[Container(100).ListItem.Property(Genre)]</label2>
							<onclick>noop</onclick>
							<visible>!IsEmpty(Container(100).ListItem.Property(Genre))</visible>
						</item>
					</content>
				</control>

				<control type="group"><!-- Album info -->
					<visible>Control.IsVisible(170)</visible>
					<posx>0</posx>
					<posy>50</posy>
					<control type="label"><!-- Title -->
						<posx>531</posx>
						<posy>-11</posy>
						<width>708</width>
						<height>40</height>
						<font>font22</font>
						<label>$INFO[Container(100).ListItem.Label]</label>
						<include condition="Skin.HasSetting(text-autoscroll)">scrolltext</include>
					</control>
					<control type="image"><!-- Cover Image -->
						<posx>72</posx>
						<posy>46</posy>
						<width>384</width>
						<height>384</height>
						<texture fallback="DefaultAudio.png" diffuse="mask-squ.png">$INFO[Container(100).ListItem.Icon]</texture>
						<aspectratio scalediffuse="false">keep</aspectratio>
					</control>
					<control type="textbox">
						<posx>60</posx>
						<posy>488</posy>
						<width>1160</width>
						<height>114</height>
						<font>font11</font>
						<align>justify</align>
						<pagecontrol>195</pagecontrol>
						<label>$INFO[Container(100).ListItem.Property(Album_Description)]</label>
						<autoscroll time="3000" delay="20000" repeat="5000">Skin.HasSetting(text-autoscroll)</autoscroll>
					</control>
				</control>
				<control type="list" id="170">
					<posx>430</posx>
					<posy>118</posy>
					<width>800</width>
					<height>440</height>
					<onleft>170</onleft>
					<onright>170</onright>
					<onup>190</onup>
					<ondown>195</ondown>
					<scrolltime>200</scrolltime>
					<itemlayout width="800" height="40">
						<control type="label">
							<posx>165</posx>
							<posy>0</posy>
							<width>165</width>
							<height>40</height>
							<font>font11</font>
							<align>right</align>
							<label>$INFO[ListItem.Label]</label>
						</control>
						<control type="label">
							<posx>175</posx>
							<posy>0</posy>
							<width>625</width>
							<height>40</height>
							<font>font11</font>
							<label>$INFO[ListItem.Label2]</label>
						</control>
					</itemlayout>
					<focusedlayout width="800" height="40">
						<control type="label">
							<posx>165</posx>
							<posy>0</posy>
							<width>165</width>
							<height>40</height>
							<font>font11</font>
							<align>right</align>
							<label>$INFO[ListItem.Label]</label>
						</control>
						<control type="label">
							<posx>175</posx>
							<posy>0</posy>
							<width>625</width>
							<height>40</height>
							<font>font11</font>
							<label>$INFO[ListItem.Label2]</label>
						</control>
					</focusedlayout>
					<content>
						<item>
							<label>$LOCALIZE[557]:</label>
							<label2>$INFO[Container(100).ListItem.Property(Artist)]</label2>
							<onclick>noop</onclick>
							<visible>!IsEmpty(Container(100).ListItem.Property(Artist))</visible>
						</item>
						<item>
							<label>$LOCALIZE[515]:</label>
							<label2>$INFO[Container(100).ListItem.Property(Genre)]</label2>
							<onclick>noop</onclick>
							<visible>!IsEmpty(Container(100).ListItem.Property(Genre))</visible>
						</item>
						<item>
							<label>$LOCALIZE[563]:</label>
							<label2>$INFO[Container(100).ListItem.Property(Album_Rating)]</label2>
							<onclick>noop</onclick>
							<visible>!IsEmpty(Container(100).ListItem.Property(Rating))</visible>
						</item>
						<item>
							<label>$LOCALIZE[175]:</label>
							<label2>$INFO[Container(100).ListItem.Property(Album_Mood)]</label2>
							<onclick>noop</onclick>
							<visible>!IsEmpty(Container(100).ListItem.Property(Album_Mood))</visible>
						</item>
						<item>
							<label>$LOCALIZE[176]:</label>
							<label2>$INFO[Container(100).ListItem.Property(Album_Style)]</label2>
							<onclick>noop</onclick>
							<visible>!IsEmpty(Container(100).ListItem.Property(Album_Style))</visible>
						</item>
						<item>
							<label>$LOCALIZE[21895]:</label>
							<label2>$INFO[Container(100).ListItem.Property(Album_Theme)]</label2>
							<onclick>noop</onclick>
							<visible>!IsEmpty(Container(100).ListItem.Property(Album_Theme))</visible>
						</item>
						<item>
							<label>$LOCALIZE[146]</label>
							<label2>$INFO[Container(100).ListItem.Property(Album_Type)]</label2>
							<onclick>noop</onclick>
							<visible>!IsEmpty(Container(100).ListItem.Property(Album_Type))</visible>
						</item>
						<item>
							<label>$LOCALIZE[21899]:</label>
							<label2>$INFO[Container(100).ListItem.Property(Album_Label)]</label2>
							<onclick>noop</onclick>
							<visible>!IsEmpty(Container(100).ListItem.Property(Album_Label))</visible>
						</item>
						<item>
							<label>$LOCALIZE[562]:</label>
							<label2>$INFO[Container(100).ListItem.Property(Year)]</label2>
							<onclick>noop</onclick>
							<visible>!IsEmpty(Container(100).ListItem.Property(Year))</visible>
						</item>
					</content>
				</control>
				<control type="group"><!-- Song info -->
					<visible>Control.IsVisible(180)</visible>
					<posx>0</posx>
					<posy>50</posy>
					<control type="label"><!-- Title -->
						<posx>531</posx>
						<posy>-11</posy>
						<width>708</width>
						<height>40</height>
						<font>font22</font>
						<label>$INFO[Container(100).ListItem.Label]</label>
						<include condition="Skin.HasSetting(text-autoscroll)">scrolltext</include>
					</control>
					<control type="image"><!-- Cover Image -->
						<posx>72</posx>
						<posy>46</posy>
						<width>384</width>
						<height>384</height>
						<texture fallback="DefaultAudio.png" diffuse="mask-squ.png">$INFO[Container(100).ListItem.Icon]</texture>
						<aspectratio scalediffuse="false">keep</aspectratio>
					</control>
					<control type="textbox"><!-- Song Comment -->
						<posx>60</posx>
						<posy>450</posy>
						<width>1160</width>
						<height>100</height>
						<font>font11</font>
						<align>justify</align>
						<pagecontrol>195</pagecontrol>
						<label>$INFO[Container(100).ListItem.Property(Comment)]</label>
						<autoscroll time="3000" delay="20000" repeat="5000">Skin.HasSetting(text-autoscroll)</autoscroll>
					</control>
				</control>
				<control type="list" id="180">
					<posx>430</posx>
					<posy>118</posy>
					<width>800</width>
					<height>440</height>
					<onleft>180</onleft>
					<onright>180</onright>
					<onup>190</onup>
					<ondown>195</ondown>
					<scrolltime>200</scrolltime>
					<itemlayout width="800" height="40">
						<control type="label">
							<posx>165</posx>
							<posy>0</posy>
							<width>165</width>
							<height>40</height>
							<font>font11</font>
							<align>right</align>
							<label>$INFO[ListItem.Label]</label>
						</control>
						<control type="label">
							<posx>175</posx>
							<posy>0</posy>
							<width>625</width>
							<height>40</height>
							<font>font11</font>
							<label>$INFO[ListItem.Label2]</label>
						</control>
					</itemlayout>
					<focusedlayout width="800" height="40">
						<control type="label">
							<posx>165</posx>
							<posy>0</posy>
							<width>165</width>
							<height>40</height>
							<font>font11</font>
							<align>right</align>
							<label>$INFO[ListItem.Label]</label>
						</control>
						<control type="label">
							<posx>175</posx>
							<posy>0</posy>
							<width>625</width>
							<height>40</height>
							<font>font11</font>
							<label>$INFO[ListItem.Label2]</label>
						</control>
					</focusedlayout>
					<content>
						<item>
							<label>$LOCALIZE[557]:</label>
							<label2>$INFO[Container(100).ListItem.Property(Artist)]</label2>
							<onclick>noop</onclick>
							<visible>!IsEmpty(Container(100).ListItem.Property(Artist))</visible>
						</item>
						<item>
							<label>$LOCALIZE[558]</label>
							<label2>$INFO[Container(100).ListItem.Property(Album)]</label2>
							<onclick>noop</onclick>
							<visible>!IsEmpty(Container(100).ListItem.Property(Album))</visible>
						</item>
						<item>
							<label>$LOCALIZE[554]:</label>
							<label2>$INFO[Container(100).ListItem.Property(Track)]</label2>
							<onclick>noop</onclick>
							<visible>!IsEmpty(Container(100).ListItem.Property(Track))</visible>
						</item>
						<item>
							<label>$LOCALIZE[2050]:</label>
							<label2>$INFO[Container(100).ListItem.Property(Duration),, $LOCALIZE[12391]]</label2>
							<onclick>noop</onclick>
							<visible>!IsEmpty(Container(100).ListItem.Property(Duration)) + !SubString(Container(100).ListItem.Property(Duration),min)</visible>
						</item>
						<item>
							<label>$LOCALIZE[2050]:</label>
							<label2>$INFO[Container(100).ListItem.Property(Duration)]</label2>
							<onclick>noop</onclick>
							<visible>!IsEmpty(Container(100).ListItem.Property(Duration)) + SubString(Container(100).ListItem.Property(Duration),min)</visible>
						</item>
						<item>
							<label>$LOCALIZE[563]:</label>
							<label2>$INFO[Container(100).ListItem.Property(Rating)]</label2>
							<onclick>noop</onclick>
							<visible>!IsEmpty(Container(100).ListItem.Property(Rating))</visible>
						</item>
						<item>
							<label>$LOCALIZE[515]:</label>
							<label2>$INFO[Container(100).ListItem.Property(Genre)]</label2>
							<onclick>noop</onclick>
							<visible>!IsEmpty(Container(100).ListItem.Property(Genre))</visible>
						</item>
						<item>
							<label>$LOCALIZE[562]:</label>
							<label2>$INFO[Container(100).ListItem.Property(Year)]</label2>
							<onclick>noop</onclick>
							<visible>!IsEmpty(Container(100).ListItem.Property(Year))</visible>
						</item>
						<item>
							<label>$LOCALIZE[567]:</label>
							<label2>$INFO[Container(100).ListItem.Property(Playcount)]</label2>
							<onclick>noop</onclick>
							<visible>!IsEmpty(Container(100).ListItem.Property(Playcount))</visible>
						</item>
					</content>
				</control>
			</control>

			<control type="spincontrol" id="195">
				<posx>1152</posx>
				<posy>624</posy>
				<spinwidth>33</spinwidth>
				<spinheight>22</spinheight>
				<textureup>scroll-up.png</textureup>
				<texturedown>scroll-down.png</texturedown>
				<textureupfocus>scroll-up-focus.png</textureupfocus>
				<texturedownfocus>scroll-down-focus.png</texturedownfocus>
				<subtype>page</subtype>
				<showonepage>false</showonepage>
				<onup>101</onup>
				<ondown>190</ondown>
				<onleft>180</onleft>
				<onright>180</onright>
			</control>
			<control type="grouplist" id="190">
				<posx>8</posx>
				<posy>656</posy>
				<width>1256</width>
				<height>56</height>
				<itemgap>0</itemgap>
				<scrolltime>200</scrolltime>
				<orientation>horizontal</orientation>
				<align>center</align>
				<onleft>190</onleft>
				<onright>190</onright>
				<onup>195</onup>
				<control type="button" id="191">
					<width>250</width>
					<height>56</height>
					<label>$LOCALIZE[186]</label>
					<align>center</align>
				</control>
				<control type="button" id="192">
					<width>250</width>
					<height>56</height>
					<align>center</align>
				</control>
				<control type="button" id="193">
					<width>250</width>
					<height>56</height>
					<align>center</align>
				</control>
			</control>
		</control>
	</controls>
</window>
