<?xml version="1.0" encoding="UTF-8"?>
<window>
	<defaultcontrol>15</defaultcontrol>
	<coordinates>
		<left>0</left>
		<top>0</top>
	</coordinates>
	<controls>
		<control type="group">
			<animation effect="fade" start="100" end="0" time="300" condition="Window.IsVisible(selectdialog)">Conditional</animation>
			<control type="image"><!-- Dialog background -->
				<left>180</left>
				<top>220</top>
				<width>908</width>
				<height>264</height>
				<texture border="8">button-menu-background.png</texture>
			</control>
			<control type="label"><!-- Dialog heading -->
				<left>188</left>
				<top>232</top>
				<width>867</width>
				<height>26</height>
				<align>center</align>
				<label>$LOCALIZE[21421]</label>
			</control>
			<control type="image">
				<left>212</left>
				<top>263</top>
				<width>840</width>
				<height>4</height>
				<texture>separator.png</texture>
			</control>
			<control type="label"><!-- Rule heading -->
				<left>212</left>
				<top>280</top>
				<width>840</width>
				<height>24</height>
				<font>font12</font>
				<label>$LOCALIZE[21422]</label>
			</control>
			<control type="group" id="9001">
				<control type="spincontrolex" id="15"><!-- Rule -->
					<left>212</left>
					<top>313</top>
					<width>407</width>
					<height>46</height>
					<font>font12</font>
					<textoffsetx>5</textoffsetx>
					<onright>16</onright>
					<onup>9000</onup>
					<ondown>17</ondown>
				</control>
				<control type="spincontrolex" id="16"><!-- Rule operator -->
					<left>647</left>
					<top>313</top>
					<width>407</width>
					<height>46</height>
					<font>font12</font>
					<textoffsetx>5</textoffsetx>
					<onleft>15</onleft>
					<onup>9000</onup>
					<ondown>17</ondown>
				</control>
			</control>
			<control type="edit" id="17"><!-- Value -->
				<left>212</left>
				<top>363</top>
				<width>840</width>
				<height>46</height>
				<font>font12</font>
				<textoffsetx>10</textoffsetx>
				<textwidth>340</textwidth>
				<onup>9001</onup>
				<ondown>9000</ondown>
			</control>
			<control type="grouplist" id="9000"><!-- Buttons -->
				<left>236</left>
				<top>420</top>
				<width>798</width>
				<height>46</height>
				<itemgap>10</itemgap>
				<scrolltime>200</scrolltime>
				<orientation>horizontal</orientation>
				<align>center</align>
				<onup>17</onup>
				<control type="button" id="18"><!-- OK -->
					<width>256</width>
					<height>46</height>
					<font>font12</font>
					<textoffsetx>12</textoffsetx>
					<align>center</align>
					<label>$LOCALIZE[186]</label>
				</control>
				<control type="button" id="20"><!-- Browse -->
					<width>256</width>
					<height>46</height>
					<font>font12</font>
					<textoffsetx>12</textoffsetx>
					<align>center</align>
					<label>$LOCALIZE[1024]</label>
				</control>
				<control type="button" id="19"><!-- Cancel -->
					<width>256</width>
					<height>46</height>
					<font>font12</font>
					<textoffsetx>12</textoffsetx>
					<align>center</align>
					<label>$LOCALIZE[222]</label>
				</control>
			</control>
		</control>
	</controls>
</window>