<?xml version="1.0" encoding="UTF-8"?>
<window>
	<defaultcontrol>999</defaultcontrol>
	<coordinates>
		<left>265</left>
		<top>75</top>
	</coordinates>
	<controls>
		<control type="image"><!-- Background image -->
			<left>0</left>
			<top>0</top>
			<width>885</width>
			<height>600</height>
			<texture border="8">button-menu-background.png</texture>
			<colordiffuse>UnFocusedPosters</colordiffuse>
		</control>
		<control type="label"><!-- Heading label -->
			<left>61</left>
			<top>22</top>
			<width>743</width>
			<height>37</height>
			<align>center</align>
			<font>font18</font>
			<label>[UPPERCASE]$LOCALIZE[298][/UPPERCASE] - ($INFO[Container(11).NumItems])</label>
		</control>
		<control type="image">
			<left>61</left>
			<top>62</top>
			<width>743</width>
			<height>4</height>
			<texture>separator.png</texture>
		</control>
		<control type="panel" id="11">
			<left>130</left>
			<top>75</top>
			<width>640</width>
			<height>400</height>
			<onleft>11</onleft>
			<onright>11</onright>
			<ondown>23</ondown>
			<onup>999</onup>
			<scrolltime>200</scrolltime>
			<viewtype label="31943">icon</viewtype>
			<pagecontrol>23</pagecontrol>
			<orientation>horizontal</orientation>
			<itemlayout height="200" width="320">
				<control type="image">
					<left>15</left>
					<top>11</top>
					<width>279</width>
					<height>152</height>
					<texture background="true">$INFO[ListItem.Icon]</texture>
				</control>
				<control type="label">
					<left>77</left>
					<top>174</top>
					<width>283</width>
					<height>25</height>
					<font>font12</font>
					<align>center</align>
					<label>$INFO[ListItem.Label]</label>
				</control>
			</itemlayout>
			<focusedlayout height="200" width="320">
				<control type="image">
					<left>7</left>
					<top>0</top>
					<width>307</width>
					<height>172</height>
					<texture background="true">$INFO[ListItem.Icon]</texture>
					<aspectratio>keep</aspectratio>
					<bordertexture border="9">mask-hilite.png</bordertexture>
					<bordersize>9</bordersize>
				</control>
				<control type="label">
					<left>77</left>
					<top>174</top>
					<width>283</width>
					<height>25</height>
					<font>font12</font>
					<align>center</align>
					<label>$INFO[ListItem.Label]</label>
				</control>
			</focusedlayout>
		</control>
		<control type="scrollbar" id="23">
			<left>110</left>
			<top>500</top>
			<width>679</width>
			<height>18</height>
			<ondown>999</ondown>
			<onup>11</onup>
			<orientation>horizontal</orientation>
			<animation condition="!Control.HasFocus(23) + !Container.Scrolling + !StringCompare(Skin.String(show-scrollbar),$LOCALIZE[31875])" effect="fade" start="100" end="0" time="200" reversible="true">Conditional</animation>
			<visible>!StringCompare(Skin.String(show-scrollbar),$LOCALIZE[31877])</visible>
		</control>
		<control type="grouplist" id="999"><!-- Option buttons -->
			<left>26</left>
			<top>537</top>
			<width>822</width>
			<height>43</height>
			<itemgap>0</itemgap>
			<scrolltime>200</scrolltime>
			<orientation>horizontal</orientation>
			<align>center</align>
			<onleft>999</onleft>
			<onright>999</onright>
			<ondown>11</ondown>
			<onup>23</onup>
			<control type="button" id="2"><!-- Create Bookmark button -->
				<width>274</width>
				<height>43</height>
				<label>$LOCALIZE[294]</label>
				<font>font11</font>
				<textoffsetx>10</textoffsetx>
				<align>center</align>
			</control>
			<control type="button" id="3"><!-- Clear Bookmark button -->
				<width>274</width>
				<height>43</height>
				<label>$LOCALIZE[296]</label>
				<font>font11</font>
				<textoffsetx>10</textoffsetx>
				<align>center</align>
			</control>
			<control type="button" id="4"><!-- Set episode bookmark -->
				<width>274</width>
				<height>43</height>
				<label>$LOCALIZE[20406]</label>
				<font>font11</font>
				<textoffsetx>10</textoffsetx>
				<align>center</align>
				<visible>videoplayer.content(episodes)</visible>
			</control>
		</control>
	</controls>
</window>
