<?xml version="1.0" encoding="UTF-8"?>
<includes>
	<include name="PhotoWrap">
		<control type="wraplist" id="54">
			<viewtype label="31942">Wraplist</viewtype>
			<left>10</left>
			<top>193</top>
			<width>1256</width>
			<height>500</height>
			<onleft>54</onleft>
			<onright>54</onright>
			<onup>9000</onup>
			<ondown>1354</ondown>
			<focusposition>2</focusposition>
			<orientation>horizontal</orientation>
			<preloaditems>2</preloaditems>
			<scrolltime>0</scrolltime>
			<pagecontrol>1354</pagecontrol>
			<include>transition-fade</include>
			<itemlayout height="202" width="202">
				<control type="image">
					<left>16</left>
					<top>232</top>
					<width>175</width>
					<height>180</height>
					<texture background="true">$INFO[ListItem.Icon]</texture>
					<fadetime>300</fadetime>
					<aspectratio aligny="bottom">keep</aspectratio>
					<visible>SubString(ListItem.Icon,Default,Left) + !SubString(ListItem.FileNameAndPath,/,Left)</visible>
				</control>
				<control type="image">
					<left>16</left>
					<top>232</top>
					<width>175</width>
					<height>180</height>
					<texture background="true">$INFO[ListItem.Icon]</texture>
					<aspectratio aligny="bottom">keep</aspectratio>
					<bordertexture border="6">picturepanel.png</bordertexture>
					<bordersize>6</bordersize>
					<fadetime>300</fadetime>
					<visible>!SubString(ListItem.Icon,Default,Left) + !SubString(ListItem.FileNameAndPath,/,Left)</visible>
				</control>
			</itemlayout>
			<focusedlayout height="420" width="428">
				<control type="image">
					<left>14</left>
					<top>0</top>
					<height>412</height>
					<width>403</width>
					<texture background="true">$INFO[ListItem.Icon]</texture>
					<aspectratio aligny="bottom">keep</aspectratio>
					<bordertexture border="6">picturepanel.png</bordertexture>
					<bordersize>6</bordersize>
					<fadetime>300</fadetime>
					<visible>!SubString(ListItem.Icon,Default,Left) + !SubString(ListItem.FileNameAndPath,/,Left)</visible>
				</control>
				<control type="image">
					<left>14</left>
					<top>0</top>
					<height>412</height>
					<width>403</width>
					<texture background="true">$INFO[ListItem.Icon]</texture>
					<aspectratio aligny="bottom">keep</aspectratio>
					<fadetime>300</fadetime>
					<visible>SubString(ListItem.Icon,Default,Left) + !SubString(ListItem.FileNameAndPath,/,Left)</visible>
				</control>
			</focusedlayout>
		</control>
		<control type="group">
			<visible>Control.IsVisible(54)</visible>
			<include>transition-fade</include>
			<include>SortLetterNotification</include>
			<control type="scrollbar" id="1354"><!-- Scroll Bar -->
				<left>17</left>
				<top>614</top>
				<width>1239</width>
				<height>18</height>
				<onup>54</onup>
				<ondown>9000</ondown>
				<orientation>horizontal</orientation>
				<animation condition="!Control.HasFocus(1354) + !Container.Scrolling + !StringCompare(Skin.String(show-scrollbar),$LOCALIZE[31875])" effect="fade" start="100" end="0" time="200" reversible="true">Conditional</animation>
				<visible>!StringCompare(Skin.String(show-scrollbar),$LOCALIZE[31877]) + SubString(Container.Viewmode,Wrap,Left)</visible>
			</control>
			<control type="label"><!-- Go Back -->
				<left>17</left>
				<top>633</top>
				<width>1239</width>
				<height>37</height>
				<font>font22</font>
				<align>center</align>
				<include condition="Skin.HasSetting(text-autoscroll)">scrolltext</include>
				<label>$LOCALIZE[31688]</label>
				<textoffsetx>0</textoffsetx>
				<visible>SubString(ListItem.Icon,DefaultFolderBack.png,Left)</visible>
			</control>
			<control type="label"><!-- Label -->
				<left>17</left>
				<top>633</top>
				<width>1239</width>
				<height>37</height>
				<font>font22</font>
				<align>center</align>
				<include condition="Skin.HasSetting(text-autoscroll)">scrolltext</include>
				<label>$INFO[ListItem.Label]</label>
				<textoffsetx>0</textoffsetx>
				<visible>!SubString(ListItem.Icon,DefaultFolderBack.png,Left)</visible>
			</control>
			<control type="label"><!-- Resolution -->
				<left>283</left>
				<top>683</top>
				<width>708</width>
				<height>37</height>
				<align>center</align>
				<include condition="Skin.HasSetting(text-autoscroll)">scrolltext</include>
				<label>$INFO[ListItem.PictureResolution]</label>
				<textoffsetx>0</textoffsetx>
			</control>
		</control>
	</include>
	<include name="PhotoWall">
		<control type="panel" id="58">
			<left>136</left>
			<top>143</top>
			<width>1008</width>
			<height>432</height>
			<onleft>9000</onleft>
			<onright>1358</onright>
			<onup>58</onup>
			<ondown>58</ondown>
			<viewtype label="31944">Wall</viewtype>
			<animation effect="rotatey" start="-15" end="-15" time="0" condition="Skin.HasSetting(tiltmiscwallicon)">Conditional</animation>
			<scrolltime>200</scrolltime>
			<preloaditems>2</preloaditems>
			<pagecontrol>1358</pagecontrol>
			<itemlayout height="144" width="144">
				<control type="image">
					<left>8</left>
					<top>8</top>
					<width>128</width>
					<height>128</height>
					<texture background="true" diffuse="mask-squ.png">$INFO[ListItem.Icon]</texture>
					<aspectratio>keep</aspectratio>
					<bordertexture border="10">picturepanel.png</bordertexture>
					<bordersize>10</bordersize>
					<visible>!SubString(ListItem.Icon,Default,Left)</visible>
				</control>
				<control type="image">
					<left>8</left>
					<top>8</top>
					<width>128</width>
					<height>128</height>
					<aspectratio>keep</aspectratio>
					<texture background="true">$INFO[ListItem.Icon]</texture>
					<visible>SubString(ListItem.Icon,Default,Left)</visible>
				</control>
			</itemlayout>
			<focusedlayout height="144" width="144">
				<control type="image">
					<left>8</left>
					<top>8</top>
					<width>128</width>
					<height>128</height>
					<texture background="true" diffuse="mask-squ.png">$INFO[ListItem.Icon]</texture>
					<aspectratio>keep</aspectratio>
					<bordertexture border="10">picturepanel.png</bordertexture>
					<bordersize>10</bordersize>
					<animation effect="zoom" start="90" end="150" center="auto" time="600" tween="back" easing="out" reversible="false">focus</animation>
					<visible>!SubString(ListItem.Icon,Default,Left)</visible>
				</control>
				<control type="image">
					<left>8</left>
					<top>8</top>
					<width>128</width>
					<height>128</height>
					<aspectratio>keep</aspectratio>
					<animation effect="zoom" start="90" end="150" center="auto" time="600" tween="back" easing="out" reversible="false">focus</animation>
					<texture background="true">$INFO[ListItem.Icon]</texture>
					<visible>SubString(ListItem.Icon,Default,Left)</visible>
				</control>
			</focusedlayout>
		</control>
		<control type="group">
			<visible>Control.IsVisible(58)</visible>
			<!-- Label -->
			<control type="label">
				<left>20</left>
				<top>632</top>
				<width>1240</width>
				<height>37</height>
				<font>font22</font>
				<align>center</align>
				<include condition="Skin.HasSetting(text-autoscroll)">scrolltext</include>
				<label>$INFO[ListItem.Label]</label>
				<textoffsetx>0</textoffsetx>
				<visible>!SubString(ListItem.Icon,DefaultFolderBack.png,Left)</visible>
			</control>
			<!-- Go Back -->
			<control type="label">
				<left>240</left>
				<top>632</top>
				<width>800</width>
				<height>37</height>
				<font>font22</font>
				<align>center</align>
				<include condition="Skin.HasSetting(text-autoscroll)">scrolltext</include>
				<label>$LOCALIZE[31688]</label>
				<textoffsetx>0</textoffsetx>
				<visible>SubString(ListItem.Icon,DefaultFolderBack.png,Left)</visible>
			</control>
			<!-- Resolution -->
			<control type="label">
				<left>240</left>
				<top>682</top>
				<width>800</width>
				<height>37</height>
				<align>center</align>
				<include condition="Skin.HasSetting(text-autoscroll)">scrolltext</include>
				<label>$INFO[ListItem.PictureResolution]</label>
				<textoffsetx>0</textoffsetx>
			</control>
			<control type="scrollbar" id="1358">
				<left>1244</left>
				<top>102</top>
				<width>18</width>
				<height>527</height>
				<onleft>58</onleft>
				<onright>9000</onright>
				<animation condition="!Control.HasFocus(1358) + !Container.Scrolling + !StringCompare(Skin.String(show-scrollbar),$LOCALIZE[31875])" effect="fade" start="100" end="0" time="200" reversible="true">Conditional</animation>
				<visible>!StringCompare(Skin.String(show-scrollbar),$LOCALIZE[31877])</visible>
			</control>
		</control>
	</include>
</includes>
